location_id,period_start,prediction_period_start,admin1_region,admin2_zone,admin3_woreda,year,month,target_outbreak_next_month,target_cases_next_month,model_name,risk_probability,risk_prediction,risk_bucket
ETH:ET041116,2025-12-01,2026-01-01,Oromia,Bale,Goro (Bale),2025,12,,,random_forest,0.9569647668810795,1,very_high
ETH:ET041111,2025-12-01,2026-01-01,Oromia,Bale,Harena Buluk,2025,12,,,random_forest,0.9324998824193149,1,very_high
ETH:ET041517,2025-12-01,2026-01-01,Oromia,West Guji,Gelana (West Guji),2025,12,,,random_forest,0.90236358469345,1,very_high
ETH:09e9b511e04b,2025-12-01,2026-01-01,Amhara,East Gojjam,Baso Liben,2025,12,,,random_forest,0.6987612135782174,1,high
ETH:fa718828a596,2025-12-01,2026-01-01,Oromia,Guji,Adola Rede,2025,12,,,random_forest,0.6842496590660242,1,high
ETH:2ca06dd21e25,2025-12-01,2026-01-01,Amhara,Central Gonder,Wegera,2025,12,,,random_forest,0.6725824411839718,1,high
ETH:36a923409693,2025-12-01,2026-01-01,Amhara,South Gonder,Woreta town,2025,12,,,random_forest,0.6537984868447085,0,high
ETH:f69417c5cdee,2025-12-01,2026-01-01,Amhara,Central Gonder,Gonder Zuria,2025,12,,,random_forest,0.6486923369091175,0,high
ETH:7c42a13640ca,2025-12-01,2026-01-01,Oromia,Maya City,Awaday,2025,12,,,random_forest,0.6436897187704411,0,high
ETH:4b34a000ecfc,2025-12-01,2026-01-01,Amhara,Oromiya,Jilye Tumuga,2025,12,,,random_forest,0.6434595956073174,0,high
ETH:ET042205,2025-12-01,2026-01-01,Oromia,East Borena,Gora Dola,2025,12,,,random_forest,0.6216249104778659,0,high
ETH:ET040110,2025-12-01,2026-01-01,Oromia,West Wellega,Boji Chekorsa,2025,12,,,random_forest,0.6211661979187931,0,high
ETH:7d73ca8ceec6,2025-12-01,2026-01-01,Sidama,Northern Sidama,Borricha,2025,12,,,random_forest,0.6152693863699813,0,high
ETH:c3da0233435b,2025-12-01,2026-01-01,Oromia,West Shoa,Cheliya,2025,12,,,random_forest,0.615172659937001,0,high
ETH:ET081206,2025-12-01,2026-01-01,South Ethiopia,South Omo,Salamago,2025,12,,,random_forest,0.6150087726848841,0,high
ETH:ET030422,2025-12-01,2026-01-01,Amhara,South Wello,Worebabu,2025,12,,,random_forest,0.6107554293313966,0,high
ETH:c56dbaceec78,2025-12-01,2026-01-01,Amhara,West Gojjam,Jabi Tehnan,2025,12,,,random_forest,0.6103437060783015,0,high
ETH:ET110104,2025-12-01,2026-01-01,South West Ethiopia,Sheka,Tepi,2025,12,,,random_forest,0.6100426624925797,0,high
ETH:ET080902,2025-12-01,2026-01-01,South Ethiopia,Konso,Karat Zuria,2025,12,,,random_forest,0.6075710315518835,0,high
ETH:93906070450c,2025-12-01,2026-01-01,Amhara,Oromiya,Kemisie town,2025,12,,,random_forest,0.6067081701625339,0,high
ETH:ET041513,2025-12-01,2026-01-01,Oromia,West Guji,Abaya,2025,12,,,random_forest,0.6063153520337691,0,high
ETH:ET081203,2025-12-01,2026-01-01,South Ethiopia,South Omo,Hamer,2025,12,,,random_forest,0.6046318508220341,0,high
ETH:ET040198,2025-12-01,2026-01-01,Oromia,West Wellega,Mendi Town,2025,12,0.0,0.0,random_forest,0.6044201892883351,0,high
ETH:ET041701,2025-12-01,2026-01-01,Oromia,West Arsi,Siraro,2025,12,,,random_forest,0.6043311641250534,0,high
ETH:ET041809,2025-12-01,2026-01-01,Oromia,Kelem Wellega,Gidami,2025,12,,,random_forest,0.6037711054052866,0,high
ETH:ET081202,2025-12-01,2026-01-01,South Ethiopia,South Omo,Dasenech /Kuraz,2025,12,,,random_forest,0.6024325612619588,0,high
ETH:611d595b64d5,2025-12-01,2026-01-01,Oromia,East Harerghe,Kombolcha,2025,12,,,random_forest,0.6008861765243929,0,high
ETH:3656fa41ee82,2025-12-01,2026-01-01,Sidama,Eastern Sidama,Hoko,2025,12,,,random_forest,0.6003121419682019,0,high
ETH:ET041115,2025-12-01,2026-01-01,Oromia,Bale,Gura Damole,2025,12,,,random_forest,0.5988839287130334,0,high
ETH:df0b855d1f20,2025-12-01,2026-01-01,South Ethiopia,Gamo,Gerese town,2025,12,,,random_forest,0.5988083443128959,0,high
ETH:5af9974f5888,2025-12-01,2026-01-01,Sidama,Eastern Sidama,Daela,2025,12,,,random_forest,0.5975992237030744,0,high
ETH:ET030301,2025-12-01,2026-01-01,Amhara,North Wello,Bugna,2025,12,,,random_forest,0.5970461496681783,0,high
ETH:03623d9bc49e,2025-12-01,2026-01-01,Oromia,Bishoftu town,Bishoftu town,2025,12,,,random_forest,0.5962043641559376,0,high
ETH:eb6e339eaff5,2025-12-01,2026-01-01,Central Ethiopia,Halaba,Wera Dijo,2025,12,,,random_forest,0.5951534217925801,0,high
ETH:ET041705,2025-12-01,2026-01-01,Oromia,West Arsi,Kore,2025,12,,,random_forest,0.5942331410436837,0,high
ETH:ET041707,2025-12-01,2026-01-01,Oromia,West Arsi,DODOLA,2025,12,0.0,0.0,random_forest,0.5933274705199176,0,high
ETH:f5090a6e7909,2025-12-01,2026-01-01,Amhara,North Gonder,Janamora,2025,12,,,random_forest,0.5920695731634675,0,high
ETH:ET041412,2025-12-01,2026-01-01,Oromia,Guji,Saba Boru,2025,12,,,random_forest,0.5918250432999896,0,high
ETH:953689428442,2025-12-01,2026-01-01,Oromia,Adama Town,Adama Town,2025,12,,,random_forest,0.5916669335615746,0,high
ETH:6678abcd0d2f,2025-12-01,2026-01-01,Oromia,Kelem Wellega,Gawo Kebe/Dawo kebe,2025,12,,,random_forest,0.5916595712047868,0,high
ETH:ET041708,2025-12-01,2026-01-01,Oromia,West Arsi,kokosa,2025,12,,,random_forest,0.5913958112437159,0,high
ETH:ET041112,2025-12-01,2026-01-01,Oromia,Bale,Mena (Bale),2025,12,,,random_forest,0.5911349787083054,0,high
ETH:57ffaf8a4d7c,2025-12-01,2026-01-01,Amhara,South Gonder,Debre Tabor town,2025,12,,,random_forest,0.5910175417783295,0,high
ETH:8e3ca905f09c,2025-12-01,2026-01-01,Sidama,Southern Sidama,Aleta Chuko,2025,12,,,random_forest,0.5908024974665069,0,high
ETH:2f77c795c3ce,2025-12-01,2026-01-01,Oromia,East Borena,Gumi Eldallo,2025,12,,,random_forest,0.590762933231396,0,high
ETH:ET080202,2025-12-01,2026-01-01,South Ethiopia,Gamo,Arba Minch Zuria,2025,12,,,random_forest,0.5904591437193784,0,high
ETH:ET050382,2025-12-01,2026-01-01,Somali,Jarar,Yocale,2025,12,,,random_forest,0.5900192616622227,0,high
ETH:cb06941c322a,2025-12-01,2026-01-01,Sidama,Northern Sidama,Hawella,2025,12,,,random_forest,0.5899385164618813,0,high
ETH:ET042203,2025-12-01,2026-01-01,Oromia,East Borena,Meda Welabu,2025,12,,,random_forest,0.589736270588843,0,high
ETH:9f73d3d21eb9,2025-12-01,2026-01-01,Oromia,Buno Bedele,CHORA,2025,12,,,random_forest,0.5896214154796248,0,high
ETH:58b876cd9c75,2025-12-01,2026-01-01,Hareri,Hareri,Dire Teyara,2025,12,,,random_forest,0.5895692728274634,0,high
ETH:886f85dff5c0,2025-12-01,2026-01-01,Sidama,Northern Sidama,Wondogenet,2025,12,,,random_forest,0.5895494519100453,0,high
ETH:5f0127e5f8cf,2025-12-01,2026-01-01,Sidama,Southern Sidama,Dara,2025,12,,,random_forest,0.5894158650738713,0,high
ETH:ET080508,2025-12-01,2026-01-01,South Ethiopia,Ari,North Ari,2025,12,,,random_forest,0.5892766013271796,0,high
ETH:a3db315551b4,2025-12-01,2026-01-01,Somali,Liben,Dolo Ado,2025,12,,,random_forest,0.5886719090247009,0,high
ETH:16a74e63a890,2025-12-01,2026-01-01,South Ethiopia,Goffa,O'yida,2025,12,,,random_forest,0.5884960173822662,0,high
ETH:ET042104,2025-12-01,2026-01-01,Oromia,East Bale,Rayitu,2025,12,,,random_forest,0.5884520777395228,0,high
ETH:ET041707,2025-12-01,2026-01-01,Oromia,West Arsi,Dodola,2025,12,,,random_forest,0.5883751054443792,0,high
ETH:ET060204,2025-12-01,2026-01-01,Benishangul Gumuz,Metekel,Mandura,2025,12,,,random_forest,0.5882857265326685,0,high
ETH:b9e742fb6bcd,2025-12-01,2026-01-01,Sidama,Southern Sidama,DARA,2025,12,,,random_forest,0.5882327494124943,0,high
ETH:ET080511,2025-12-01,2026-01-01,South Ethiopia,Ari,South Ari,2025,12,,,random_forest,0.5877869700686525,0,high
ETH:86db22f27e02,2025-12-01,2026-01-01,Sidama,Eastern Sidama,Chire,2025,12,,,random_forest,0.5876286943877728,0,high
ETH:2c71dbd6fff1,2025-12-01,2026-01-01,Benishangul Gumuz,Kemashi,Kamashi,2025,12,,,random_forest,0.5875925077044861,0,high
ETH:1c7a1930dabd,2025-12-01,2026-01-01,Central Ethiopia,Mareko Sp woreda,Mareko,2025,12,,,random_forest,0.5874968410259703,0,high
ETH:6ab7ece61d24,2025-12-01,2026-01-01,Benishangul Gumuz,Kemashi,Yaso/Zayi,2025,12,,,random_forest,0.5874540894462221,0,high
ETH:580f098aab86,2025-12-01,2026-01-01,Sidama,Central Sidama,Shafamo,2025,12,,,random_forest,0.5873839726462295,0,high
ETH:a4f8eae6cda8,2025-12-01,2026-01-01,Oromia,Guji,Liben,2025,12,,,random_forest,0.5873033628983657,0,high
ETH:d04bb12fa75f,2025-12-01,2026-01-01,Oromia,South West Shoa,Waliso,2025,12,,,random_forest,0.5870522392084578,0,high
ETH:15c85ed4077e,2025-12-01,2026-01-01,South Ethiopia,Wolayta,Kindo Koyesha,2025,12,,,random_forest,0.5870080827282825,0,high
ETH:79e8ab8fdaaf,2025-12-01,2026-01-01,Amhara,Woldia Town,Woldia Town,2025,12,,,random_forest,0.5868312684839833,0,high
ETH:ET042207,2025-12-01,2026-01-01,Oromia,East Borena,Arero,2025,12,,,random_forest,0.5865936381337494,0,high
ETH:ET080501,2025-12-01,2026-01-01,South Ethiopia,Ari,Baka Dawula,2025,12,,,random_forest,0.5864587599674649,0,high
ETH:ET060202,2025-12-01,2026-01-01,Benishangul Gumuz,Metekel,Guba,2025,12,,,random_forest,0.5863055463318603,0,high
ETH:2c25f40df537,2025-12-01,2026-01-01,Sidama,Northern Sidama,Bilate Zuria,2025,12,,,random_forest,0.5862077817159138,0,high
ETH:66bdd9167c26,2025-12-01,2026-01-01,Sidama,Northern Sidama,Wondo Genet Town,2025,12,,,random_forest,0.5861753247561142,0,high
ETH:56d652101c44,2025-12-01,2026-01-01,Central Ethiopia,Silite,Dalocha,2025,12,,,random_forest,0.5861216609279671,0,high
ETH:3fb4a73e62f3,2025-12-01,2026-01-01,Oromia,Horo Guduru,Sulula Fincha,2025,12,,,random_forest,0.5860259374616984,0,high
ETH:ET040198,2025-12-01,2026-01-01,Oromia,West Wellega,Mendi town,2025,12,,,random_forest,0.5858561747251242,0,high
ETH:f2798a063266,2025-12-01,2026-01-01,Gambella,Agnua,Dima (GM),2025,12,,,random_forest,0.5858023619506514,0,high
ETH:ET042202,2025-12-01,2026-01-01,Oromia,East Borena,LIBEN,2025,12,0.0,0.0,random_forest,0.5856859912922593,0,high
ETH:ET030311,2025-12-01,2026-01-01,Amhara,North Wello,Dawunt,2025,12,,,random_forest,0.5856112960692477,0,high
ETH:c29d51abb506,2025-12-01,2026-01-01,Amhara,Central Gonder,East Belesa,2025,12,,,random_forest,0.5855170188153448,0,high
ETH:ET041801,2025-12-01,2026-01-01,Oromia,Kelem Wellega,Hawa Galan,2025,12,,,random_forest,0.5853674695610812,0,high
ETH:927611ec6e92,2025-12-01,2026-01-01,Amhara,Central Gonder,East Dembia,2025,12,,,random_forest,0.5852612162354723,0,high
ETH:9a09fb0ab30e,2025-12-01,2026-01-01,Oromia,E Harerghe,Chinaksen,2025,12,,,random_forest,0.585215169119703,0,high
ETH:3de72a51482e,2025-12-01,2026-01-01,Sidama,Eastern Sidama,Bura,2025,12,,,random_forest,0.5851740375410363,0,high
ETH:9d34d3255b6b,2025-12-01,2026-01-01,Sidama,Central Sidama,Dale,2025,12,,,random_forest,0.5851302082819542,0,high
ETH:ET041401,2025-12-01,2026-01-01,Oromia,Guji,Uraga,2025,12,,,random_forest,0.5850393082731644,0,high
ETH:dd18c77f268e,2025-12-01,2026-01-01,Central Ethiopia,Halaba,Halaba Kulito town,2025,12,,,random_forest,0.5849963492513857,0,high
ETH:ET041409,2025-12-01,2026-01-01,Oromia,Guji,Arda Jila,2025,12,,,random_forest,0.5844142470157492,0,high
ETH:92f91a6501ed,2025-12-01,2026-01-01,Somali,Nogob,Duhun,2025,12,,,random_forest,0.5843924357583132,0,high
ETH:ET050407,2025-12-01,2026-01-01,Somali,Erer,Lagahida,2025,12,,,random_forest,0.5843173924394643,0,high
ETH:ET041004,2025-12-01,2026-01-01,Oromia,East Hararge,Babile (OR),2025,12,,,random_forest,0.5842228087916791,0,high
ETH:02aceff3066e,2025-12-01,2026-01-01,Oromia,West Harerghe,Chiro Zuria,2025,12,,,random_forest,0.584186173352946,0,high
ETH:687d9e830cf5,2025-12-01,2026-01-01,Oromia,E Harerghe,Kombolchaa,2025,12,,,random_forest,0.5841546688986081,0,high
ETH:6e633b9d15bc,2025-12-01,2026-01-01,South Ethiopia,Goffa,Beto Town,2025,12,,,random_forest,0.5840986513422698,0,high
ETH:ET081201,2025-12-01,2026-01-01,South Ethiopia,South Omo,Bena Tsemay,2025,12,,,random_forest,0.584072882391343,0,high
ETH:0e284999be4a,2025-12-01,2026-01-01,Sidama,Hawassa City,Hawassa Town,2025,12,,,random_forest,0.5840375534986395,0,high
ETH:f32503b2c6e2,2025-12-01,2026-01-01,Sidama,Eastern Sidama,Bensa,2025,12,,,random_forest,0.5838089365702737,0,high
ETH:2effd4fd30ea,2025-12-01,2026-01-01,South Ethiopia,Gardula,Derashe,2025,12,,,random_forest,0.5836716200390176,0,high
ETH:9b3656af5073,2025-12-01,2026-01-01,Oromia,East Shoa,Adama town,2025,12,,,random_forest,0.5834816907429877,0,high
ETH:c6a0667f8dba,2025-12-01,2026-01-01,Amhara,Oromiya,Bati,2025,12,,,random_forest,0.5834582016102974,0,high
ETH:1948b0c5f724,2025-12-01,2026-01-01,Somali,Dollo,Warder,2025,12,,,random_forest,0.5833298656840182,0,high
ETH:ET050806,2025-12-01,2026-01-01,Somali,Afder,Hargele,2025,12,,,random_forest,0.583299903615114,0,high
ETH:ET050399,2025-12-01,2026-01-01,Somali,Jarar,DIG,2025,12,0.0,0.0,random_forest,0.5832809171876928,0,high
ETH:8d34f2259bd0,2025-12-01,2026-01-01,Central Ethiopia,Hadiya,Homecho town,2025,12,,,random_forest,0.5830992333361475,0,high
ETH:ET110507,2025-12-01,2026-01-01,South West Ethiopia,West Omo,Maji,2025,12,,,random_forest,0.5830862243027977,0,high
ETH:f987b7af3f58,2025-12-01,2026-01-01,Oromia,East Wellega,Gutin,2025,12,,,random_forest,0.5830027321695969,0,high
ETH:864f4322860c,2025-12-01,2026-01-01,Dire Dawa,Dechatu,Dechatu,2025,12,,,random_forest,0.582959891041341,0,high
ETH:fbabde77b6f3,2025-12-01,2026-01-01,Sidama,Northern Sidama,Melga,2025,12,,,random_forest,0.5829413415513268,0,high
ETH:ET040402,2025-12-01,2026-01-01,Oromia,Jimma,Limu Kosa,2025,12,,,random_forest,0.5828680023194344,0,high
ETH:d97c40effe5b,2025-12-01,2026-01-01,Benishangul Gumuz,Kemashi,Below Jingafoy/Mizyiga,2025,12,,,random_forest,0.582847677811509,0,high
ETH:ET041810,2025-12-01,2026-01-01,Oromia,Kelem Wellega,Jimma Horo,2025,12,,,random_forest,0.5828004806050809,0,high
ETH:c6e9ba6af08f,2025-12-01,2026-01-01,Oromia,W Shoa,Jeldu,2025,12,,,random_forest,0.5827415093316659,0,high
ETH:41138fa1cf82,2025-12-01,2026-01-01,Oromia,Shashemene Town,Shashemene Town,2025,12,,,random_forest,0.5825205381725943,0,high
ETH:ET041212,2025-12-01,2026-01-01,Oromia,Borena,Teltale,2025,12,,,random_forest,0.5824322347558682,0,high
ETH:9fd59e10593a,2025-12-01,2026-01-01,Amhara,Bahir Dar City,Bahir Dar town,2025,12,,,random_forest,0.5818841046191687,0,high
ETH:ET080210,2025-12-01,2026-01-01,South Ethiopia,Gamo,Gacho Baba,2025,12,,,random_forest,0.5818340798994768,0,high
ETH:ET040203,2025-12-01,2026-01-01,Oromia,East Wellega,Gida Ayana,2025,12,,,random_forest,0.581766957276319,0,high
ETH:d96d2d884ba6,2025-12-01,2026-01-01,Oromia,West Harerghe,Bedesa,2025,12,,,random_forest,0.5817656215681782,0,high
ETH:8c27ea25852e,2025-12-01,2026-01-01,Oromia,Ilu Aba Bora,Bechoo,2025,12,,,random_forest,0.5817428442274423,0,high
ETH:ebc2fe81c3f8,2025-12-01,2026-01-01,Gambella,Mejenger,Mengesh,2025,12,,,random_forest,0.5816301675613466,0,high
ETH:ET040495,2025-12-01,2026-01-01,Oromia,Jimma,Botor Tolay,2025,12,,,random_forest,0.5816040292736414,0,high
ETH:bee07fc8b233,2025-12-01,2026-01-01,South West Ethiopia,Dawro,Gesa town,2025,12,,,random_forest,0.5814801288965908,0,high
ETH:04fd9aeb6915,2025-12-01,2026-01-01,Oromia,E Shoa,Adama Zuriya,2025,12,,,random_forest,0.5813930180669941,0,high
ETH:6d318ccf67c6,2025-12-01,2026-01-01,Central Ethiopia,Silite,Tora town,2025,12,,,random_forest,0.5812503549813238,0,high
ETH:4e886d19b05b,2025-12-01,2026-01-01,Oromia,W Guji,Gelana,2025,12,,,random_forest,0.581201062676808,0,high
ETH:ET050105,2025-12-01,2026-01-01,Somali,Siti,Afdem,2025,12,,,random_forest,0.5811949186620288,0,high
ETH:8f66754bc5eb,2025-12-01,2026-01-01,Sidama,Hawassa City,Hawela Tula,2025,12,,,random_forest,0.5810797657581775,0,high
ETH:ET050402,2025-12-01,2026-01-01,Somali,Erer,Fik,2025,12,,,random_forest,0.5810488531596573,0,high
ETH:ET041110,2025-12-01,2026-01-01,Oromia,Bale,Goba (OR),2025,12,,,random_forest,0.5809526544096537,0,high
ETH:e1d9cd766450,2025-12-01,2026-01-01,Hareri,Hareri,Abadir,2025,12,,,random_forest,0.5808316033726866,0,high
ETH:ET041807,2025-12-01,2026-01-01,Oromia,Kelem Wellega,Anfilo,2025,12,,,random_forest,0.5808266172162491,0,high
ETH:9c06fb42ec9a,2025-12-01,2026-01-01,Oromia,South West Shoa,Ilu,2025,12,,,random_forest,0.5807723673293373,0,high
ETH:97f8c576b6a2,2025-12-01,2026-01-01,Benishangul Gumuz,Kemashi,Mizyiga,2025,12,,,random_forest,0.5807626406566003,0,high
ETH:9ecac7140d4f,2025-12-01,2026-01-01,Somali,Shabele,Godey,2025,12,,,random_forest,0.580687668990376,0,high
ETH:ET050804,2025-12-01,2026-01-01,Somali,Afder,Elkare /Serer,2025,12,,,random_forest,0.5805970797158753,0,high
ETH:ET030416,2025-12-01,2026-01-01,Amhara,South Wello,Wegde,2025,12,,,random_forest,0.5803764082456216,0,high
ETH:ET050898,2025-12-01,2026-01-01,Somali,Afder,Kohle /Qoxle,2025,12,,,random_forest,0.5803045001582745,0,high
ETH:ET041808,2025-12-01,2026-01-01,Oromia,Kelem Wellega,Dale Sadi,2025,12,,,random_forest,0.5802708613596986,0,high
ETH:ET041603,2025-12-01,2026-01-01,Oromia,Buno Bedele,Chora (Buno Bedele),2025,12,,,random_forest,0.580269479572978,0,high
ETH:ET030513,2025-12-01,2026-01-01,Amhara,North Shewa (AM),Angolelana Tera,2025,12,,,random_forest,0.5802489492048937,0,high
ETH:38d7a920cc0b,2025-12-01,2026-01-01,Hareri,Jinela,Jinela,2025,12,,,random_forest,0.5800239388987606,0,high
ETH:c4848883b82b,2025-12-01,2026-01-01,Amhara,W Gojjam,North Achefer,2025,12,,,random_forest,0.5799850269766569,0,high
ETH:42853bd61c0d,2025-12-01,2026-01-01,Amhara,C Gonder,West Dembia,2025,12,,,random_forest,0.5799830639280237,0,high
ETH:ET030399,2025-12-01,2026-01-01,Amhara,North Wello,Kobo town,2025,12,,,random_forest,0.5799793401311318,0,high
ETH:6da2c72199c6,2025-12-01,2026-01-01,Oromia,W Shoa,Abuna Gindeberet,2025,12,,,random_forest,0.5799653576042944,0,high
ETH:97f44b0b1243,2025-12-01,2026-01-01,Sidama,Southern Sidama,Bursa,2025,12,,,random_forest,0.5799510543388192,0,high
ETH:ET040405,2025-12-01,2026-01-01,Oromia,Jimma,Kersa (Jimma),2025,12,,,random_forest,0.5799238145037464,0,high
ETH:01578521475b,2025-12-01,2026-01-01,Oromia,Sheno Town,Sheno Town,2025,12,,,random_forest,0.5799054528090831,0,high
ETH:ae3ef6edf05f,2025-12-01,2026-01-01,Hareri,Hareri,Amir Nur,2025,12,,,random_forest,0.5798693080267155,0,high
ETH:ET042102,2025-12-01,2026-01-01,Oromia,East Bale,Lege Hida,2025,12,,,random_forest,0.579858395872712,0,high
ETH:ET040812,2025-12-01,2026-01-01,Oromia,Arsi,Robe,2025,12,,,random_forest,0.5798354890692993,0,high
ETH:a673da40f80b,2025-12-01,2026-01-01,Oromia,Bale,Delo Mena (Bale),2025,12,,,random_forest,0.5798109841965714,0,high
ETH:ET040818,2025-12-01,2026-01-01,Oromia,Arsi,Limu Bilbilo,2025,12,,,random_forest,0.5797779320816264,0,high
ETH:4add7fd560d2,2025-12-01,2026-01-01,Amhara,C Gonder,Chilga,2025,12,,,random_forest,0.5797775630118448,0,high
ETH:ET041411,2025-12-01,2026-01-01,Oromia,Guji,Ana Sora,2025,12,,,random_forest,0.5797060018521435,0,high
ETH:633e87bf20d0,2025-12-01,2026-01-01,Amhara,East Gojjam,Guzamn,2025,12,,,random_forest,0.5795369690382434,0,high
ETH:ET041802,2025-12-01,2026-01-01,Oromia,Kelem Wellega,Yama Logi Welel,2025,12,,,random_forest,0.5794355546252286,0,high
ETH:032ba3c3947d,2025-12-01,2026-01-01,Amhara,Waghimra,Gaz Gibla,2025,12,,,random_forest,0.5793367019226672,0,high
ETH:ET041015,2025-12-01,2026-01-01,Oromia,East Hararge,Chinaksen,2025,12,,,random_forest,0.5793311967842526,0,high
ETH:372b75ba632c,2025-12-01,2026-01-01,Amhara,North Shewa,Kewet,2025,12,,,random_forest,0.5793209376163505,0,high
ETH:ET050899,2025-12-01,2026-01-01,Somali,Afder,God-God,2025,12,,,random_forest,0.5792281333810915,0,high
ETH:ET051001,2025-12-01,2026-01-01,Somali,Nogob,Ayun,2025,12,,,random_forest,0.5791469706067429,0,high
ETH:e06eb41baee6,2025-12-01,2026-01-01,Oromia,North Shoa,Gerar Jarso,2025,12,,,random_forest,0.5791452600089925,0,high
ETH:81f94b5689fd,2025-12-01,2026-01-01,Sidama,Eastern Sidama,Daye Town,2025,12,,,random_forest,0.5790944043746995,0,high
ETH:28b5fd4c7005,2025-12-01,2026-01-01,Oromia,W Harerghe,Doba,2025,12,,,random_forest,0.5790913001350776,0,high
ETH:ET040403,2025-12-01,2026-01-01,Oromia,Jimma,Sekoru,2025,12,,,random_forest,0.5789103817560635,0,high
ETH:ET041410,2025-12-01,2026-01-01,Oromia,Guji,Girja /Harenfema,2025,12,,,random_forest,0.5788974426069738,0,high
ETH:96acf88e87a3,2025-12-01,2026-01-01,Oromia,N Shoa,Girar Jarso,2025,12,,,random_forest,0.57888658906758,0,high
ETH:ET030511,2025-12-01,2026-01-01,Amhara,North Shewa (AM),Mojan Wedera,2025,12,,,random_forest,0.5788385043093474,0,high
ETH:ET060205,2025-12-01,2026-01-01,Benishangul Gumuz,Metekel,Dibate,2025,12,,,random_forest,0.578837605489686,0,high
ETH:548d560ded36,2025-12-01,2026-01-01,Somali,Jarar,Dagah Bur,2025,12,,,random_forest,0.5787596009005841,0,high
ETH:a0f3b71d55f0,2025-12-01,2026-01-01,Hareri,Abadir,Abadir,2025,12,,,random_forest,0.5786817490541805,0,high
ETH:ET041518,2025-12-01,2026-01-01,Oromia,West Guji,Melka Soda,2025,12,,,random_forest,0.578623906824623,0,high
ETH:8a70e994c961,2025-12-01,2026-01-01,Oromia,North Shoa,Hidabu Abote,2025,12,,,random_forest,0.5786237944069602,0,high
ETH:f95da3eafebf,2025-12-01,2026-01-01,Oromia,West Arsi,Shashemene Zuria,2025,12,,,random_forest,0.5784913658973225,0,high
ETH:9069987863c8,2025-12-01,2026-01-01,Oromia,East Harerghe,Haro Maya,2025,12,,,random_forest,0.5784846708131379,0,high
ETH:c15df857b128,2025-12-01,2026-01-01,South Ethiopia,Ari,Woba Ari,2025,12,,,random_forest,0.5784715650183866,0,high
ETH:ET041012,2025-12-01,2026-01-01,Oromia,East Hararge,Melka Balo,2025,12,,,random_forest,0.5783980095856976,0,high
ETH:7f52414127af,2025-12-01,2026-01-01,Hareri,Amir Nur,Amir Nur,2025,12,,,random_forest,0.5783492120515764,0,high
ETH:ET051002,2025-12-01,2026-01-01,Somali,Nogob,Elwayne,2025,12,,,random_forest,0.5783132825602426,0,high
ETH:ET030404,2025-12-01,2026-01-01,Amhara,South Wello,Ambasel,2025,12,,,random_forest,0.5782805462918503,0,high
ETH:437c104c6b34,2025-12-01,2026-01-01,Oromia,Horo Guduru,Jimma Geneti,2025,12,,,random_forest,0.5782534446296688,0,high
ETH:ET041291,2025-12-01,2026-01-01,Oromia,Borena,Dubluk,2025,12,,,random_forest,0.5782400179565597,0,high
ETH:81d6559038bd,2025-12-01,2026-01-01,Amhara,East Gojjam,Michakel,2025,12,,,random_forest,0.5782368677331547,0,high
ETH:ET041804,2025-12-01,2026-01-01,Oromia,Kelem Wellega,Gawo Kebe,2025,12,,,random_forest,0.5781905126438224,0,high
ETH:c63ba9003d6f,2025-12-01,2026-01-01,South Ethiopia,Goffa,Zala,2025,12,,,random_forest,0.5781704517757532,0,high
ETH:76a710922e63,2025-12-01,2026-01-01,Oromia,Finfine Zuria,Sendafa Town,2025,12,,,random_forest,0.578159615575471,0,high
ETH:031382271d55,2025-12-01,2026-01-01,South Ethiopia,Goffa,Denba Gofa,2025,12,,,random_forest,0.5781399252637585,0,high
ETH:ET041482,2025-12-01,2026-01-01,Oromia,Guji,Aga Wayu,2025,12,,,random_forest,0.5781300914469447,0,high
ETH:96c1d936aecf,2025-12-01,2026-01-01,Oromia,Finfine Zuria,Akaki,2025,12,,,random_forest,0.5780598416789801,0,high
ETH:2795c93c270e,2025-12-01,2026-01-01,Oromia,Bale,Dawe Qachen,2025,12,,,random_forest,0.5780045504844609,0,high
ETH:5d82bae7f8d7,2025-12-01,2026-01-01,Somali,Liben,Guradamole,2025,12,,,random_forest,0.5779763176629016,0,high
ETH:ET040301,2025-12-01,2026-01-01,Oromia,Ilu Aba Bora,Darimu,2025,12,,,random_forest,0.577944758811986,0,high
ETH:4abad05b766e,2025-12-01,2026-01-01,Oromia,Waghimra,Gaz Gibla,2025,12,,,random_forest,0.577924445828509,0,high
ETH:247868e4f05d,2025-12-01,2026-01-01,Oromia,West Harerghe,Tulo (OR),2025,12,,,random_forest,0.5778820341345333,0,high
ETH:ET030505,2025-12-01,2026-01-01,Amhara,North Shewa (AM),Menze Gera Midir,2025,12,,,random_forest,0.5778802586420252,0,high
ETH:ET081205,2025-12-01,2026-01-01,South Ethiopia,South Omo,Nyngatom,2025,12,,,random_forest,0.5778535161947432,0,high
ETH:ET040324,2025-12-01,2026-01-01,Oromia,Ilu Aba Bora,Dorani,2025,12,,,random_forest,0.5778516904390644,0,high
ETH:ET041216,2025-12-01,2026-01-01,Oromia,Borena,Miyo,2025,12,,,random_forest,0.5777715606508098,0,high
ETH:ET042105,2025-12-01,2026-01-01,Oromia,East Bale,Seweyna,2025,12,,,random_forest,0.5777538393264259,0,high
ETH:3923b272652e,2025-12-01,2026-01-01,Amhara,South Gonder,Farta,2025,12,,,random_forest,0.5777453626056276,0,high
ETH:832067b4a021,2025-12-01,2026-01-01,Sidama,Eastern Sidama,Aroressa,2025,12,,,random_forest,0.5777369172967071,0,high
ETH:65296f2472bd,2025-12-01,2026-01-01,Amhara,E Gojjam,Baso Liben,2025,12,,,random_forest,0.5777199014813436,0,high
ETH:6cf1f6f7388d,2025-12-01,2026-01-01,Somali,Siti,Aysha,2025,12,,,random_forest,0.5777117669184554,0,high
ETH:5dbd66db40df,2025-12-01,2026-01-01,Hareri,Hareri,Hakim,2025,12,,,random_forest,0.5776381063050311,0,high
ETH:d71c3a4780db,2025-12-01,2026-01-01,Amhara,South Gonder,Mena Meketewa,2025,12,,,random_forest,0.5776325783502251,0,high
ETH:ET041018,2025-12-01,2026-01-01,Oromia,East Hararge,Meyu Muleke,2025,12,,,random_forest,0.5776230452313882,0,high
ETH:c7f3fb666542,2025-12-01,2026-01-01,Oromia,W Guji,Bule hora Town,2025,12,,,random_forest,0.5776229222260588,0,high
ETH:1f3d6b37612e,2025-12-01,2026-01-01,Central Ethiopia,Misrak Gurage,Butajira town,2025,12,,,random_forest,0.5775995239534266,0,high
ETH:daf4d58b6996,2025-12-01,2026-01-01,Amhara,Waghimra,Tsagbeji,2025,12,,,random_forest,0.5775819365647871,0,high
ETH:205ddb175d81,2025-12-01,2026-01-01,Somali,Fafan,Kebri bayah Town,2025,12,,,random_forest,0.5774656186387902,0,high
ETH:afde4e083807,2025-12-01,2026-01-01,Somali,Shabele,Gode,2025,12,,,random_forest,0.5774372239878716,0,high
ETH:eecb6ff71600,2025-12-01,2026-01-01,Central Ethiopia,Kebena Sp woreda,Kebena,2025,12,,,random_forest,0.5773934708704977,0,high
ETH:ET030517,2025-12-01,2026-01-01,Amhara,North Shewa (AM),Berehet,2025,12,,,random_forest,0.5771629831355921,0,high
ETH:035cb0a26203,2025-12-01,2026-01-01,South Ethiopia,Wolayta,Sodo Town,2025,12,,,random_forest,0.5771000509097554,0,high
ETH:389b9b2ba735,2025-12-01,2026-01-01,Amhara,Central Gonder,Takusa,2025,12,,,random_forest,0.5769605212186482,0,high
ETH:cd1619002484,2025-12-01,2026-01-01,Oromia,East Shoa,Metehara town,2025,12,,,random_forest,0.5769338265934477,0,high
ETH:3907ff55284a,2025-12-01,2026-01-01,Amhara,E Gojjam,Debre Markos Ketema,2025,12,,,random_forest,0.576915991876026,0,high
ETH:567b22d0b6f5,2025-12-01,2026-01-01,Afar,Afar 5,Telalak,2025,12,,,random_forest,0.5768968941072681,0,high
ETH:c45935cac54e,2025-12-01,2026-01-01,Oromia,East Harerghe,DEDER,2025,12,,,random_forest,0.5768627968501011,0,high
ETH:98abb53ca0fa,2025-12-01,2026-01-01,Sidama,Southern Sidama,Aleta Wondo,2025,12,,,random_forest,0.5768308081276101,0,high
ETH:ET040812,2025-12-01,2026-01-01,Oromia,Arsi,ROBE,2025,12,0.0,0.0,random_forest,0.5767902036672814,0,high
ETH:ET042103,2025-12-01,2026-01-01,Oromia,East Bale,GINIR,2025,12,0.0,0.0,random_forest,0.5767306701143804,0,high
ETH:533cca63aaf2,2025-12-01,2026-01-01,Oromia,Bale,Delo Mena,2025,12,,,random_forest,0.5766939675187004,0,high
ETH:d9467b17fe54,2025-12-01,2026-01-01,Amhara,South Gonder,East Esite,2025,12,,,random_forest,0.5766462395279773,0,high
ETH:049b63acacd8,2025-12-01,2026-01-01,Amhara,E Gojjam,Awabel,2025,12,,,random_forest,0.5764345407608029,0,high
ETH:c8c926f24714,2025-12-01,2026-01-01,Oromia,Sendafa Town,Sendafa Bake Town,2025,12,,,random_forest,0.5764315721756572,0,high
ETH:ET050598,2025-12-01,2026-01-01,Somali,Korahe,El-Ogaden,2025,12,,,random_forest,0.5763018455386603,0,high
ETH:2db0fca69790,2025-12-01,2026-01-01,Somali,Dollo,Daratole,2025,12,,,random_forest,0.5762762030519355,0,high
ETH:53fafab20ec1,2025-12-01,2026-01-01,Somali,Fafan,Qabribayah,2025,12,,,random_forest,0.5762687861434684,0,high
ETH:15ad49ab455c,2025-12-01,2026-01-01,Benishangul Gumuz,Asosa,Bambasi,2025,12,,,random_forest,0.5762189371017147,0,high
ETH:ET040101,2025-12-01,2026-01-01,Oromia,West Wellega,Mana Sibu,2025,12,,,random_forest,0.5761736728425818,0,high
ETH:ET030303,2025-12-01,2026-01-01,Amhara,North Wello,Gidan,2025,12,,,random_forest,0.5761670978823378,0,high
ETH:6e8cca7e8cbd,2025-12-01,2026-01-01,Amhara,Awi,Fagita Lekoma,2025,12,,,random_forest,0.5761641434791513,0,high
ETH:22b804ec355b,2025-12-01,2026-01-01,Amhara,Debretabor City,Debre Tabor town,2025,12,,,random_forest,0.5761308223068328,0,high
ETH:fc8d740679b0,2025-12-01,2026-01-01,South West Ethiopia,Dawro,Mareka,2025,12,,,random_forest,0.5761043160936596,0,high
ETH:8e7e173fa3ce,2025-12-01,2026-01-01,Amhara,WTSH,Setit Humera,2025,12,,,random_forest,0.5759782980876824,0,high
ETH:c91dea8d4b35,2025-12-01,2026-01-01,Central Ethiopia,Misrak Gurage,Misrak Meskan,2025,12,,,random_forest,0.5759197300766724,0,high
ETH:5f7f17ab0969,2025-12-01,2026-01-01,Oromia,Kelem Wellega,Dembi Dolo Town,2025,12,,,random_forest,0.575884362493682,0,high
ETH:f39eaf6824f9,2025-12-01,2026-01-01,South West Ethiopia,Dawro,Disa,2025,12,,,random_forest,0.5758801136210391,0,high
ETH:ET041622,2025-12-01,2026-01-01,Oromia,Buno Bedele,Bedele Zuria,2025,12,,,random_forest,0.5758682256588303,0,high
ETH:ccf5eb56cc6b,2025-12-01,2026-01-01,Sidama,Sidama,Gorche,2025,12,,,random_forest,0.5758160869202524,0,high
ETH:862e708a8692,2025-12-01,2026-01-01,Oromia,West Shoa,Bako Tibe,2025,12,,,random_forest,0.575763959352047,0,high
ETH:4467eadd845a,2025-12-01,2026-01-01,Oromia,West Harerghe,Gemechis,2025,12,,,random_forest,0.5757581422424632,0,high
ETH:48825ab3f8f6,2025-12-01,2026-01-01,Benishangul Gumuz,Asossa,Menge,2025,12,,,random_forest,0.5757155738550782,0,high
ETH:74de0ba84822,2025-12-01,2026-01-01,Amhara,S Wello,Kombolcha,2025,12,,,random_forest,0.575607358736639,0,high
ETH:862e4ddf7d34,2025-12-01,2026-01-01,Oromia,East Shoa,Lome (OR),2025,12,,,random_forest,0.5755084106616803,0,high
ETH:ET050304,2025-12-01,2026-01-01,Somali,Jarar,Gashamo,2025,12,,,random_forest,0.5754288782859847,0,high
ETH:ET110208,2025-12-01,2026-01-01,South West Ethiopia,Kefa,DECHA,2025,12,0.0,0.0,random_forest,0.5753857022455066,0,high
ETH:fac80e74c96d,2025-12-01,2026-01-01,Amhara,West Gonder,West Armachiho,2025,12,,,random_forest,0.5752238893369133,0,high
ETH:ET110203,2025-12-01,2026-01-01,South West Ethiopia,Kefa,Gewata,2025,12,,,random_forest,0.5751923552402193,0,high
ETH:ET080201,2025-12-01,2026-01-01,South Ethiopia,Gamo,Arba Minch town,2025,12,,,random_forest,0.5751457499615261,0,high
ETH:a1bdb597e4cd,2025-12-01,2026-01-01,Sidama,Northern Sidama,Hawassa Zuriya,2025,12,,,random_forest,0.5750855343241179,0,high
ETH:12b749ec39ef,2025-12-01,2026-01-01,Amhara,Central Gonder,Lay Armacho,2025,12,,,random_forest,0.5750673812590992,0,high
ETH:e6239543d73c,2025-12-01,2026-01-01,Sidama,Northern Sidama,Teticha,2025,12,,,random_forest,0.5750670043358581,0,high
ETH:ET050302,2025-12-01,2026-01-01,Somali,Jarar,Degehabur,2025,12,,,random_forest,0.575042485684934,0,high
ETH:c849a34bb186,2025-12-01,2026-01-01,Amhara,C Gonder,East Belesa,2025,12,,,random_forest,0.5750305690496599,0,high
ETH:ce3cb2fae401,2025-12-01,2026-01-01,Oromia,East Harerghe,Gursum (OR),2025,12,,,random_forest,0.5750036891322121,0,high
ETH:9ae6ab9d3f1b,2025-12-01,2026-01-01,Gambella,Agnua,Gambela Zuria,2025,12,,,random_forest,0.5749966518440186,0,high
ETH:b586a340383f,2025-12-01,2026-01-01,Oromia,SW Shoa,Weliso,2025,12,,,random_forest,0.5749306501911529,0,high
ETH:48704320be17,2025-12-01,2026-01-01,Amhara,Central Gonder,Central Armachiho,2025,12,,,random_forest,0.5749198206302686,0,high
ETH:4cf802c219fe,2025-12-01,2026-01-01,Oromia,West Harerghe,Shenen Dugo ( Mesela ),2025,12,,,random_forest,0.5748839930045861,0,high
ETH:ET080205,2025-12-01,2026-01-01,South Ethiopia,Gamo,Boreda,2025,12,,,random_forest,0.5748769243397492,0,high
ETH:ET110105,2025-12-01,2026-01-01,South West Ethiopia,Sheka,Masha Town,2025,12,,,random_forest,0.5748318309395014,0,high
ETH:ET040217,2025-12-01,2026-01-01,Oromia,East Wellega,Kiremu,2025,12,,,random_forest,0.574821415773948,0,high
ETH:444dc810bf72,2025-12-01,2026-01-01,Oromia,West Shoa,Toke Kutaye,2025,12,,,random_forest,0.5748026781103988,0,high
ETH:ET040210,2025-12-01,2026-01-01,Oromia,East Wellega,Diga,2025,12,,,random_forest,0.5748000697414397,0,high
ETH:c5bb922b8de2,2025-12-01,2026-01-01,Oromia,West Shoa,Cobi,2025,12,,,random_forest,0.5747699553710597,0,high
ETH:ET030421,2025-12-01,2026-01-01,Amhara,South Wello,Mekdela,2025,12,,,random_forest,0.5747550820746815,0,high
ETH:9987d1187b37,2025-12-01,2026-01-01,Oromia,Guji,Dima,2025,12,,,random_forest,0.5747420334563982,0,high
ETH:8841739a6ad2,2025-12-01,2026-01-01,Oromia,E Wellega,Ebantu,2025,12,,,random_forest,0.5747194903980821,0,high
ETH:78fdd940c9dc,2025-12-01,2026-01-01,Amhara,West Gojjam,Bahir Dar town,2025,12,,,random_forest,0.5746484820170166,0,high
ETH:ET040112,2025-12-01,2026-01-01,Oromia,West Wellega,Yubdo,2025,12,,,random_forest,0.5746433032053074,0,high
ETH:ET040811,2025-12-01,2026-01-01,Oromia,Arsi,Seru,2025,12,,,random_forest,0.5745832741478372,0,high
ETH:ET042103,2025-12-01,2026-01-01,Oromia,East Bale,Ginir,2025,12,,,random_forest,0.5745380464266916,0,high
ETH:a5feba97557e,2025-12-01,2026-01-01,Benishangul Gumuz,Asosa,Asosa Town,2025,12,,,random_forest,0.5744797451620257,0,high
ETH:ET050399,2025-12-01,2026-01-01,Somali,Jarar,Dig,2025,12,,,random_forest,0.5744684860396149,0,high
ETH:4d17cafd8757,2025-12-01,2026-01-01,Amhara,North Shewa,Angolelana Tera,2025,12,,,random_forest,0.5744595253952834,0,high
ETH:0ecf739bfd30,2025-12-01,2026-01-01,Amhara,West Gojjam,Yilmana Densa,2025,12,,,random_forest,0.5743968061869705,0,high
ETH:d888ee8cbe9a,2025-12-01,2026-01-01,Amhara,Wag Himra,Sahila,2025,12,,,random_forest,0.5743654466245096,0,high
ETH:ab7f0fc4bc52,2025-12-01,2026-01-01,Gambella,Nuer,Jikawo,2025,12,,,random_forest,0.574218601083667,0,high
ETH:d1986597586d,2025-12-01,2026-01-01,Central Ethiopia,Misrak Gurage,Enseno town,2025,12,,,random_forest,0.5741809046793935,0,high
ETH:ET080211,2025-12-01,2026-01-01,South Ethiopia,Gamo,Garda Marta,2025,12,,,random_forest,0.5741713414376443,0,high
ETH:ET050103,2025-12-01,2026-01-01,Somali,Siti,Shinile,2025,12,,,random_forest,0.5741355515959701,0,high
ETH:ET080904,2025-12-01,2026-01-01,South Ethiopia,Konso,Segen Zuria,2025,12,,,random_forest,0.57407231276041,0,high
ETH:2d7bbfc384ec,2025-12-01,2026-01-01,Oromia,East Shoa,Burayu,2025,12,,,random_forest,0.574070042638614,0,high
ETH:1647b2a3a71b,2025-12-01,2026-01-01,Sidama,Eastern Sidama,BURA,2025,12,,,random_forest,0.5740422634510179,0,high
ETH:9619b875a202,2025-12-01,2026-01-01,Somali,Shabele,Mustahil,2025,12,,,random_forest,0.5740053638127379,0,high
ETH:8cb90dc476f1,2025-12-01,2026-01-01,Oromia,Ilu Aba Bora,Nono Sele,2025,12,,,random_forest,0.5739658484154765,0,high
ETH:ET080506,2025-12-01,2026-01-01,South Ethiopia,Ari,Jinka Town,2025,12,,,random_forest,0.5738544828097917,0,high
ETH:ET080903,2025-12-01,2026-01-01,South Ethiopia,Konso,Karat town,2025,12,,,random_forest,0.5738225649622979,0,high
ETH:ET040807,2025-12-01,2026-01-01,Oromia,Arsi,Hitosa,2025,12,,,random_forest,0.5737402093224533,0,high
ETH:57a71368b809,2025-12-01,2026-01-01,Somali,Dollo,Galadi,2025,12,,,random_forest,0.5737367541087965,0,high
ETH:dc516b226635,2025-12-01,2026-01-01,Amhara,North Shewa,Menze Keya Gabriel,2025,12,,,random_forest,0.5737056262014855,0,high
ETH:ET081107,2025-12-01,2026-01-01,South Ethiopia,Gedeo,Rape,2025,12,,,random_forest,0.5736877776415689,0,high
ETH:33823e13c9ee,2025-12-01,2026-01-01,Afar,Afar 4,Euwa,2025,12,,,random_forest,0.573657550944707,0,high
ETH:b0398325dedb,2025-12-01,2026-01-01,Benishangul Gumuz,Asossa,Homosha,2025,12,,,random_forest,0.5736530614915435,0,high
ETH:b6250d9bb5b8,2025-12-01,2026-01-01,Amhara,North Shewa,Basona Worena,2025,12,,,random_forest,0.5735342953664815,0,high
ETH:6102c13ddbfa,2025-12-01,2026-01-01,Oromia,SW Shoa,Dawo,2025,12,,,random_forest,0.5735271594960336,0,high
ETH:0dd798ea213e,2025-12-01,2026-01-01,Sidama,Southern Sidama,Dara Otilcho,2025,12,,,random_forest,0.5734968915427383,0,high
ETH:d181e548b5bc,2025-12-01,2026-01-01,Oromia,Horo Guduru,Abe Dengoro,2025,12,,,random_forest,0.5734712989098232,0,high
ETH:4e33232811cd,2025-12-01,2026-01-01,Oromia,West Shoa,Nono,2025,12,,,random_forest,0.5733436242927534,0,high
ETH:dadee1d3617b,2025-12-01,2026-01-01,Oromia,E Shoa,Liben Chukala,2025,12,,,random_forest,0.5732907098025538,0,high
ETH:03b04b3153f4,2025-12-01,2026-01-01,Oromia,Guji,Aga Weyu,2025,12,,,random_forest,0.5732699642444651,0,high
ETH:29d4ba66da50,2025-12-01,2026-01-01,Sidama,Sidama,Aleta Wondo Town Admin,2025,12,,,random_forest,0.5732649389994465,0,high
ETH:91c5c635c03a,2025-12-01,2026-01-01,Somali,Erer,Yahoob,2025,12,,,random_forest,0.5732484538425437,0,high
ETH:fdb095f13eaa,2025-12-01,2026-01-01,Sidama,Northern Sidama,Shebedino,2025,12,,,random_forest,0.5732463313550833,0,high
ETH:26aad286671d,2025-12-01,2026-01-01,Oromia,Bishoftu Town,Bishoftu Town,2025,12,,,random_forest,0.573245873897081,0,high
ETH:ebc15dc341b9,2025-12-01,2026-01-01,Oromia,E Wellega,Gudeya Bila,2025,12,,,random_forest,0.5732327406861374,0,high
ETH:ET040103,2025-12-01,2026-01-01,Oromia,West Wellega,Gimbi,2025,12,,,random_forest,0.5731138975715617,0,high
ETH:644de8c5e0c7,2025-12-01,2026-01-01,Benishangul Gumuz,Asossa,Bilidigilu,2025,12,,,random_forest,0.5731008886043095,0,high
ETH:5122b7b621d4,2025-12-01,2026-01-01,Oromia,Guji,Gora Dola,2025,12,,,random_forest,0.5730902412200556,0,high
ETH:3e63a5f8739f,2025-12-01,2026-01-01,Sidama,Northern Sidama,Gorche,2025,12,,,random_forest,0.573056820621906,0,high
ETH:97e43b9d413f,2025-12-01,2026-01-01,Oromia,Guji,Goro Dola,2025,12,,,random_forest,0.5730428124840841,0,high
ETH:ET041709,2025-12-01,2026-01-01,Oromia,West Arsi,Nenesebo,2025,12,,,random_forest,0.5730138049473342,0,high
ETH:dee4da180b3e,2025-12-01,2026-01-01,Hareri,Hareri,Aboker,2025,12,,,random_forest,0.5729461652928808,0,high
ETH:c131eb1c8aa5,2025-12-01,2026-01-01,Oromia,Horo Guduru,Shambu town,2025,12,,,random_forest,0.5728525034810921,0,high
ETH:ET050395,2025-12-01,2026-01-01,Somali,Jarar,Ararso,2025,12,,,random_forest,0.5728395755344041,0,high
ETH:798bba5f6493,2025-12-01,2026-01-01,Sidama,Central Sidama,Arbegona,2025,12,,,random_forest,0.5728297379796616,0,high
ETH:a8192161cb64,2025-12-01,2026-01-01,Amhara,North Gonder,Telemt,2025,12,,,random_forest,0.5728296614350514,0,high
ETH:c6df73b604ab,2025-12-01,2026-01-01,South West Ethiopia,Bench Sheko,South Bench,2025,12,,,random_forest,0.5728074287555122,0,high
ETH:ET041114,2025-12-01,2026-01-01,Oromia,Bale,Berbere,2025,12,,,random_forest,0.5727952654064576,0,high
ETH:9fce06a1560a,2025-12-01,2026-01-01,Amhara,W Gojjam,Mecha South,2025,12,,,random_forest,0.5727608032261184,0,high
ETH:8e280ecd5181,2025-12-01,2026-01-01,Afar,Afar 4,Awra (AF),2025,12,,,random_forest,0.5726877122635555,0,high
ETH:25b1b0c2c820,2025-12-01,2026-01-01,Amhara,Oromiya,Dewiea Herwa,2025,12,,,random_forest,0.5726444957928437,0,high
ETH:ET110506,2025-12-01,2026-01-01,South West Ethiopia,West Omo,Surma,2025,12,,,random_forest,0.5726237666633089,0,high
ETH:e86dd0a01839,2025-12-01,2026-01-01,Oromia,Horo Guduru,Horo,2025,12,,,random_forest,0.5726190710708905,0,high
ETH:ccd68e916817,2025-12-01,2026-01-01,Afar,Afar 3,Dulecha,2025,12,,,random_forest,0.572618391133359,0,high
ETH:ad4185e98d8e,2025-12-01,2026-01-01,Sidama,Sidama,Wonosho,2025,12,,,random_forest,0.5725114536595346,0,high
ETH:ET040208,2025-12-01,2026-01-01,Oromia,East Wellega,Gobu Seyo,2025,12,,,random_forest,0.572510059796827,0,high
ETH:ET041490,2025-12-01,2026-01-01,Oromia,Guji,Haro Walabu,2025,12,,,random_forest,0.5724732899112701,0,high
ETH:049522f7d416,2025-12-01,2026-01-01,Oromia,East Harerghe,Girawa,2025,12,,,random_forest,0.5724699188252717,0,high
ETH:85d4b6650d10,2025-12-01,2026-01-01,Oromia,E Shoa,Fentale,2025,12,,,random_forest,0.5724229675230454,0,high
ETH:5aeffb1149d5,2025-12-01,2026-01-01,Oromia,East Harerghe,Goro Muti,2025,12,,,random_forest,0.5723993317733341,0,high
ETH:65d558b91520,2025-12-01,2026-01-01,Central Ethiopia,Tenbaro Sp woreda,Tembaro Rural,2025,12,,,random_forest,0.57239323884616,0,high
ETH:ee4255c62d2c,2025-12-01,2026-01-01,Somali,Jarar,Guno Gado,2025,12,,,random_forest,0.5723487810643797,0,high
ETH:b639d29fc596,2025-12-01,2026-01-01,Benishangul Gumuz,Metekel,Bullen,2025,12,,,random_forest,0.5723335340528802,0,high
ETH:ET041621,2025-12-01,2026-01-01,Oromia,Buno Bedele,Bedele Town,2025,12,0.0,0.0,random_forest,0.5722749239898196,0,high
ETH:caecc942b7c5,2025-12-01,2026-01-01,Oromia,Finfine Zuria,Sebeta Hawas,2025,12,,,random_forest,0.5722657323657854,0,high
ETH:1133f3066828,2025-12-01,2026-01-01,Central Ethiopia,Misrak Gurage,Enseno Town,2025,12,,,random_forest,0.5722207712715098,0,high
ETH:ET041607,2025-12-01,2026-01-01,Oromia,Buno Bedele,Borecha,2025,12,,,random_forest,0.5722121307953646,0,high
ETH:ET040408,2025-12-01,2026-01-01,Oromia,Jimma,GERA,2025,12,0.0,0.0,random_forest,0.5722079630337074,0,high
ETH:76df45944944,2025-12-01,2026-01-01,Oromia,West Arsi,Bishan Guracha,2025,12,,,random_forest,0.5722046564324003,0,high
ETH:7aeaffed608c,2025-12-01,2026-01-01,Somali,Shabele,Kelafo,2025,12,,,random_forest,0.5721936767015325,0,high
ETH:ET070213,2025-12-01,2026-01-01,Central Ethiopia,Hadiya,Gimbichu town,2025,12,,,random_forest,0.5721790232371207,0,high
ETH:3268aeb14531,2025-12-01,2026-01-01,Amhara,W Gonder,Metema,2025,12,,,random_forest,0.5719555346648869,0,high
ETH:fa918bd656a3,2025-12-01,2026-01-01,Sidama,Sidama,Aleta Chuko,2025,12,,,random_forest,0.5719470677137115,0,high
ETH:ET080208,2025-12-01,2026-01-01,South Ethiopia,Gamo,Daramalo,2025,12,,,random_forest,0.5719414722793165,0,high
ETH:ET040118,2025-12-01,2026-01-01,Oromia,West Wellega,Sayo Nole,2025,12,,,random_forest,0.5719301636245786,0,high
ETH:ET070302,2025-12-01,2026-01-01,Central Ethiopia,Kembata,Angacha,2025,12,,,random_forest,0.5719112823970157,0,high
ETH:431249056364,2025-12-01,2026-01-01,Amhara,E Gojjam,Anded,2025,12,,,random_forest,0.5717831854878755,0,high
ETH:e12b13432982,2025-12-01,2026-01-01,Central Ethiopia,Silite,Mierab Azenet Berbere,2025,12,,,random_forest,0.5717658209847116,0,high
ETH:ET050104,2025-12-01,2026-01-01,Somali,Siti,Erer (SM),2025,12,,,random_forest,0.5717339347967342,0,high
ETH:586b3f6d3d35,2025-12-01,2026-01-01,Amhara,Bahir Dar City,Bahi Dar,2025,12,,,random_forest,0.5717150757984382,0,high
ETH:f79b9e296fd3,2025-12-01,2026-01-01,Oromia,W Shoa,Dendi,2025,12,,,random_forest,0.5716127245718717,0,high
ETH:a540c5f14740,2025-12-01,2026-01-01,Oromia,Guji,Negele Town,2025,12,,,random_forest,0.5715034511147824,0,high
ETH:e3415c987525,2025-12-01,2026-01-01,Oromia,Weliso Town,Weliso Town,2025,12,,,random_forest,0.5714720106351076,0,high
ETH:9d67be625a01,2025-12-01,2026-01-01,Dire Dawa,Dire Dawa,Goro,2025,12,,,random_forest,0.5714698641011398,0,high
ETH:38757d6cd0a0,2025-12-01,2026-01-01,Oromia,Horo Guduru,Abay Chomen,2025,12,,,random_forest,0.5714349535856964,0,high
ETH:da428ae6cb8f,2025-12-01,2026-01-01,Sidama,Central Sidama,DALE,2025,12,,,random_forest,0.5712603550803875,0,high
ETH:a2539f361523,2025-12-01,2026-01-01,Oromia,Finfine Zuria,Burayu,2025,12,,,random_forest,0.571243058140818,0,high
ETH:5854872f09c1,2025-12-01,2026-01-01,Amhara,Wag Himra,Sekota Town,2025,12,,,random_forest,0.5712314763122053,0,high
ETH:ET050290,2025-12-01,2026-01-01,Somali,Fafan,Goljano,2025,12,,,random_forest,0.5710942495046709,0,high
ETH:ET030310,2025-12-01,2026-01-01,Amhara,North Wello,Lasta,2025,12,,,random_forest,0.571083594240003,0,high
ETH:bab468decc22,2025-12-01,2026-01-01,Oromia,W Guji,Dugda Dawa,2025,12,,,random_forest,0.5710046799572428,0,high
ETH:f00cd1446597,2025-12-01,2026-01-01,Oromia,W Guji,Bule hora,2025,12,,,random_forest,0.5709983315148508,0,high
ETH:ET040108,2025-12-01,2026-01-01,Oromia,West Wellega,Jarso (West Wellega),2025,12,,,random_forest,0.5709792005844665,0,high
ETH:ET041803,2025-12-01,2026-01-01,Oromia,Kelem Wellega,Dale Wabera,2025,12,,,random_forest,0.5709784879044002,0,high
ETH:ET080209,2025-12-01,2026-01-01,South Ethiopia,Gamo,Dita,2025,12,,,random_forest,0.5709637099615764,0,high
ETH:ca8179884c02,2025-12-01,2026-01-01,Sidama,Southern Sidama,Melga,2025,12,,,random_forest,0.5709622743644088,0,high
ETH:ET050808,2025-12-01,2026-01-01,Somali,Afder,Dolobay,2025,12,,,random_forest,0.5709520757919361,0,high
ETH:066a27da655d,2025-12-01,2026-01-01,Oromia,E Shoa,Lomme,2025,12,,,random_forest,0.5709510064351042,0,high
ETH:28e6338c19d8,2025-12-01,2026-01-01,Oromia,East Shoa,Liben Chukala,2025,12,,,random_forest,0.5709476628518041,0,high
ETH:ET030313,2025-12-01,2026-01-01,Amhara,North Wello,Angot,2025,12,,,random_forest,0.5709315176458503,0,high
ETH:04e72483a1f3,2025-12-01,2026-01-01,South West Ethiopia,Dawro,Zaba,2025,12,,,random_forest,0.5709110923012503,0,high
ETH:5601da377f9c,2025-12-01,2026-01-01,Oromia,W Shoa,Ejersa Lefo,2025,12,,,random_forest,0.5709099926124556,0,high
ETH:c02b1712cea2,2025-12-01,2026-01-01,Gambella,Nuer,Lare,2025,12,,,random_forest,0.5708715132808767,0,high
ETH:d015f9bea28a,2025-12-01,2026-01-01,Oromia,Borena,Arero,2025,12,,,random_forest,0.5705874899106251,0,high
ETH:8081a5bf0bba,2025-12-01,2026-01-01,Amhara,East Gojjam,Enarj Enawga,2025,12,,,random_forest,0.5705731819416999,0,high
ETH:ET050802,2025-12-01,2026-01-01,Somali,Afder,Charati,2025,12,,,random_forest,0.5705662769692085,0,high
ETH:93113c853960,2025-12-01,2026-01-01,Oromia,Arsi,Gololcha,2025,12,,,random_forest,0.5705401680829376,0,high
ETH:78028a4e365f,2025-12-01,2026-01-01,Oromia,Kelem Wellega,Hawa Gelan,2025,12,,,random_forest,0.5705096378000926,0,high
ETH:9ec08d415963,2025-12-01,2026-01-01,Oromia,Arsi,Zeway dugda,2025,12,,,random_forest,0.5704884851056952,0,high
ETH:ET040817,2025-12-01,2026-01-01,Oromia,Arsi,Munessa,2025,12,,,random_forest,0.5704651242773828,0,high
ETH:db754aaff49a,2025-12-01,2026-01-01,Oromia,North Shoa,Fiche town,2025,12,,,random_forest,0.5704482594596872,0,high
ETH:7d8140f1d137,2025-12-01,2026-01-01,Oromia,North Shoa,Dera (OR),2025,12,,,random_forest,0.5704389352399285,0,high
ETH:5f157e0041a2,2025-12-01,2026-01-01,Somali,Shabele,Godey town,2025,12,,,random_forest,0.5704245283198407,0,high
ETH:ET050106,2025-12-01,2026-01-01,Somali,Siti,Hadhagala,2025,12,,,random_forest,0.5703717448313561,0,high
ETH:49d6d48294e1,2025-12-01,2026-01-01,South West Ethiopia,Konta,Konta Special Woreda,2025,12,,,random_forest,0.5703157993198266,0,high
ETH:10f766d05b6a,2025-12-01,2026-01-01,Oromia,Bale,Arena Buluq,2025,12,,,random_forest,0.5703110144976692,0,high
ETH:ET041623,2025-12-01,2026-01-01,Oromia,Buno Bedele,Chwaka,2025,12,,,random_forest,0.5703095824176088,0,high
ETH:a76237e71fa3,2025-12-01,2026-01-01,Somali,Shabele,Danan,2025,12,,,random_forest,0.5703087077927863,0,high
ETH:eb4c370bebd8,2025-12-01,2026-01-01,Amhara,Wag Himra,Ziquala,2025,12,,,random_forest,0.5702873899944211,0,high
ETH:01f592b4d541,2025-12-01,2026-01-01,Amhara,S Wello,Sayint,2025,12,,,random_forest,0.5702633938701952,0,high
ETH:ET030312,2025-12-01,2026-01-01,Amhara,North Wello,Gazo,2025,12,,,random_forest,0.5701019329735146,0,high
ETH:ET080905,2025-12-01,2026-01-01,South Ethiopia,Konso,kolme,2025,12,,,random_forest,0.5700415843502733,0,high
ETH:4681e75bcfbb,2025-12-01,2026-01-01,Amhara,North Shewa,Hagere Mariam,2025,12,,,random_forest,0.5700394493000058,0,high
ETH:8b70eb057ff9,2025-12-01,2026-01-01,Amhara,N Gonder,Dabat,2025,12,,,random_forest,0.5700360501610385,0,high
ETH:8d4c48c22aec,2025-12-01,2026-01-01,Gambella,Agnua,Gog,2025,12,,,random_forest,0.5700234362947767,0,high
ETH:ET041312,2025-12-01,2026-01-01,Oromia,South West Shewa,Goro (SW Shewa),2025,12,,,random_forest,0.5700079360889904,0,high
ETH:ET041211,2025-12-01,2026-01-01,Oromia,Borena,Dire,2025,12,,,random_forest,0.5699144240242942,0,high
ETH:8c0f426825c2,2025-12-01,2026-01-01,Central Ethiopia,Misrak Gurage,Meskan,2025,12,,,random_forest,0.5698720511090769,0,high
ETH:ET040205,2025-12-01,2026-01-01,Oromia,East Wellega,Boneya Boshe,2025,12,,,random_forest,0.5698700186779205,0,high
ETH:ef215e6c26f8,2025-12-01,2026-01-01,Amhara,West Gojjam,Dembecha,2025,12,,,random_forest,0.5698402742332925,0,high
ETH:4c5fd09f7500,2025-12-01,2026-01-01,Somali,Liben,Deka Suftu,2025,12,,,random_forest,0.5697892603668109,0,high
ETH:ET040215,2025-12-01,2026-01-01,Oromia,East Wellega,Nunu Kumba,2025,12,,,random_forest,0.5697363235290641,0,high
ETH:ET070212,2025-12-01,2026-01-01,Central Ethiopia,Hadiya,Shone Town,2025,12,,,random_forest,0.5696995826610755,0,high
ETH:f1f41521ef18,2025-12-01,2026-01-01,Amhara,West Gonder,Mirab Armacho,2025,12,,,random_forest,0.5696644988395063,0,high
ETH:ET030412,2025-12-01,2026-01-01,Amhara,South Wello,Borena /Debresina,2025,12,,,random_forest,0.5696405490126188,0,high
ETH:3bfaa3e77d37,2025-12-01,2026-01-01,Oromia,West Shoa,NONO,2025,12,,,random_forest,0.5696203199612847,0,high
ETH:ET041708,2025-12-01,2026-01-01,Oromia,West Arsi,Kokosa,2025,12,0.0,0.0,random_forest,0.5696152869389706,0,high
ETH:27c4bbb08a70,2025-12-01,2026-01-01,Oromia,SW Shoa,Kersana Malima,2025,12,,,random_forest,0.5695632054186358,0,high
ETH:ET030413,2025-12-01,2026-01-01,Amhara,South Wello,Kelela,2025,12,,,random_forest,0.5695370889069502,0,high
ETH:ET040116,2025-12-01,2026-01-01,Oromia,West Wellega,Begi,2025,12,,,random_forest,0.569529560152507,0,high
ETH:160df2fc9311,2025-12-01,2026-01-01,South Ethiopia,Goffa,Uba Debre Tsehay,2025,12,,,random_forest,0.5695082890038594,0,high
ETH:c8db6dfa9a8a,2025-12-01,2026-01-01,Sidama,Southern Sidama,Hulla,2025,12,,,random_forest,0.5694758889455998,0,high
ETH:c3ed2f82c0af,2025-12-01,2026-01-01,South West Ethiopia,Dawro,Isara,2025,12,,,random_forest,0.5694662396697734,0,high
ETH:2ab0123751e2,2025-12-01,2026-01-01,Oromia,W Harerghe,Mieso,2025,12,,,random_forest,0.5694468086522866,0,high
ETH:694ffa21f944,2025-12-01,2026-01-01,Oromia,W Guji,Abaya,2025,12,,,random_forest,0.5694347177799702,0,high
ETH:950aad4c83f5,2025-12-01,2026-01-01,Amhara,South Gonder,Andabet/ West Esite,2025,12,,,random_forest,0.5694277644737514,0,high
ETH:ET041704,2025-12-01,2026-01-01,Oromia,West Arsi,Kofele,2025,12,,,random_forest,0.5693605448169625,0,high
ETH:db74091bab2d,2025-12-01,2026-01-01,Oromia,N Shoa,Kimbibit,2025,12,,,random_forest,0.5693492716630569,0,high
ETH:ET070110,2025-12-01,2026-01-01,Central Ethiopia,Guraghe,Cheha,2025,12,,,random_forest,0.5693489891681327,0,high
ETH:ET050297,2025-12-01,2026-01-01,Somali,Fafan,Koran /Mulla,2025,12,,,random_forest,0.5692925754661851,0,high
ETH:b579381be670,2025-12-01,2026-01-01,Oromia,SW Shoa,Ilu,2025,12,,,random_forest,0.5692905809430797,0,high
ETH:96da98b41409,2025-12-01,2026-01-01,Oromia,E Wellega,Boneya bushe,2025,12,,,random_forest,0.5692665154330299,0,high
ETH:ET030904,2025-12-01,2026-01-01,Amhara,Awi,Guangua,2025,12,,,random_forest,0.5692377303954602,0,high
ETH:8533b486f7dc,2025-12-01,2026-01-01,Oromia,Modjo Town,Modjo Town,2025,12,,,random_forest,0.5692222174531207,0,high
ETH:bec8f951beab,2025-12-01,2026-01-01,Somali,Dollo,Bokh,2025,12,,,random_forest,0.5691580967519168,0,high
ETH:ET030304,2025-12-01,2026-01-01,Amhara,North Wello,Meket,2025,12,,,random_forest,0.5691462552863151,0,high
ETH:93a45291da51,2025-12-01,2026-01-01,Oromia,East Shoa,Bora (OR),2025,12,,,random_forest,0.5691415534238626,0,high
ETH:c788b6107ef4,2025-12-01,2026-01-01,Amhara,E Gojjam,Enemaye,2025,12,,,random_forest,0.5691179207428532,0,high
ETH:58099837b8b1,2025-12-01,2026-01-01,Oromia,West Harerghe,Anchar,2025,12,,,random_forest,0.5691170852170105,0,high
ETH:2641108454ba,2025-12-01,2026-01-01,Amhara,N Shewa,Mojana wedra,2025,12,,,random_forest,0.5691014935078493,0,high
ETH:ET040310,2025-12-01,2026-01-01,Oromia,Ilu Aba Bora,Metu Zuria,2025,12,,,random_forest,0.5690678035619671,0,high
ETH:0ddec8743444,2025-12-01,2026-01-01,Amhara,N Wello,Woldia,2025,12,,,random_forest,0.5690373824891435,0,high
ETH:6c9718d53ae4,2025-12-01,2026-01-01,Amhara,West Gonder,Metema,2025,12,,,random_forest,0.5690320450466699,0,high
ETH:ET051095,2025-12-01,2026-01-01,Somali,Nogob,Horshagah,2025,12,,,random_forest,0.5689996589616255,0,high
ETH:ET030514,2025-12-01,2026-01-01,Amhara,North Shewa (AM),Assagirt,2025,12,,,random_forest,0.5689805307579371,0,high
ETH:ET041703,2025-12-01,2026-01-01,Oromia,West Arsi,Arsi Negele,2025,12,,,random_forest,0.5689644539301216,0,high
ETH:e693687c3759,2025-12-01,2026-01-01,Oromia,N Shoa,Jida,2025,12,,,random_forest,0.5689431624665424,0,high
ETH:c87c7d0db3c5,2025-12-01,2026-01-01,Amhara,South Gonder,Semada,2025,12,,,random_forest,0.5689375284910344,0,high
ETH:2d6649a50500,2025-12-01,2026-01-01,Amhara,Gondar City,Gondar,2025,12,,,random_forest,0.5688732434203471,0,high
ETH:1ef13fa9080b,2025-12-01,2026-01-01,Oromia,SW Shoa,Tole,2025,12,,,random_forest,0.5688680015400797,0,high
ETH:ET080905,2025-12-01,2026-01-01,South Ethiopia,Konso,Kolme,2025,12,0.0,0.0,random_forest,0.5688408251436097,0,high
ETH:fabf272af7e1,2025-12-01,2026-01-01,Amhara,N Shewa,Mortna jiru,2025,12,,,random_forest,0.5686350258593194,0,high
ETH:ET050809,2025-12-01,2026-01-01,Somali,Afder,Raso,2025,12,,,random_forest,0.5686178946030536,0,high
ETH:ET041587,2025-12-01,2026-01-01,Oromia,West Guji,Bule hora Town,2025,12,,,random_forest,0.5685889908325737,0,high
ETH:ET070310,2025-12-01,2026-01-01,Central Ethiopia,Kembata,Shinshincho town,2025,12,,,random_forest,0.5685681580695332,0,high
ETH:6a38949e5e8e,2025-12-01,2026-01-01,Oromia,E Shoa,Boset,2025,12,,,random_forest,0.5685648269005763,0,high
ETH:8209cdd5c4a0,2025-12-01,2026-01-01,Oromia,North Shoa,Degem,2025,12,,,random_forest,0.5685523994675199,0,high
ETH:ce5e91708e8c,2025-12-01,2026-01-01,South West Ethiopia,Kefa,Shisho Ende,2025,12,,,random_forest,0.5685489658698739,0,high
ETH:3abc066cd347,2025-12-01,2026-01-01,Oromia,W Shoa,Ambo Town,2025,12,,,random_forest,0.568548148993449,0,high
ETH:134f88acac8d,2025-12-01,2026-01-01,Oromia,Kelem Wellega,Yemalogi Welel,2025,12,,,random_forest,0.5685305611146391,0,high
ETH:e78addd89b2b,2025-12-01,2026-01-01,Amhara,Central Gonder,Alefa,2025,12,,,random_forest,0.5685284591439902,0,high
ETH:ET041295,2025-12-01,2026-01-01,Oromia,Borena,Elwaya,2025,12,,,random_forest,0.5684729622878348,0,high
ETH:ET030406,2025-12-01,2026-01-01,Amhara,South Wello,Delanta,2025,12,,,random_forest,0.5684691452236068,0,high
ETH:99a0f389aa3d,2025-12-01,2026-01-01,Oromia,Horo Guduru,HORO,2025,12,,,random_forest,0.5684621248776046,0,high
ETH:1f345da4648d,2025-12-01,2026-01-01,Oromia,Shaggar City,Gafarsa Guje,2025,12,,,random_forest,0.5684574943166626,0,high
ETH:c56df4a2ab1a,2025-12-01,2026-01-01,Central Ethiopia,Silite,Mito,2025,12,,,random_forest,0.5684424846735076,0,high
ETH:ET030999,2025-12-01,2026-01-01,Amhara,AWI,Chagni town,2025,12,0.0,0.0,random_forest,0.5684162357318647,0,high
ETH:b480afc04c36,2025-12-01,2026-01-01,Amhara,West Gojjam,Mecha,2025,12,,,random_forest,0.5683715822356408,0,high
ETH:ET050394,2025-12-01,2026-01-01,Somali,Jarar,Burqod,2025,12,,,random_forest,0.568275627174384,0,high
ETH:8bc4185f03bc,2025-12-01,2026-01-01,Amhara,Central Gonder,Kinfaz Begela,2025,12,,,random_forest,0.5682598884744001,0,high
ETH:c577cb52a7c2,2025-12-01,2026-01-01,Oromia,E Wellega,Sibu Sire,2025,12,,,random_forest,0.5682584169324097,0,high
ETH:ET041797,2025-12-01,2026-01-01,Oromia,West Arsi,Wondo,2025,12,,,random_forest,0.5682537762522692,0,high
ETH:fc5a3ec16024,2025-12-01,2026-01-01,Oromia,Finfine Zuria,Welmera,2025,12,,,random_forest,0.5681564524998665,0,high
ETH:e3ad90587a81,2025-12-01,2026-01-01,Oromia,North Shoa,Kimbibit,2025,12,,,random_forest,0.5681364990565535,0,high
ETH:ET040415,2025-12-01,2026-01-01,Oromia,Jimma,Chora (Jimma),2025,12,,,random_forest,0.5680559985450593,0,high
ETH:ET030419,2025-12-01,2026-01-01,Amhara,South Wello,Mehal Sayint,2025,12,,,random_forest,0.568055371174313,0,high
ETH:ET110501,2025-12-01,2026-01-01,South West Ethiopia,West Omo,Gachit,2025,12,,,random_forest,0.5680237129226122,0,high
ETH:ET040823,2025-12-01,2026-01-01,Oromia,Arsi,Bele Gesgar,2025,12,,,random_forest,0.5680062944004128,0,high
ETH:d2883f9ad1c9,2025-12-01,2026-01-01,Central Ethiopia,Silite,Misrak Azenet Berbere,2025,12,,,random_forest,0.5679716472557068,0,high
ETH:7a5636df9939,2025-12-01,2026-01-01,Somali,Liben,Karsasula,2025,12,,,random_forest,0.5679570130588932,0,high
ETH:033dcf41f42c,2025-12-01,2026-01-01,Oromia,West Shoa,Ambo town,2025,12,,,random_forest,0.5679528938381231,0,high
ETH:ET041594,2025-12-01,2026-01-01,Oromia,West Guji,Suro Berguda,2025,12,,,random_forest,0.5679511299071535,0,high
ETH:8826e404451c,2025-12-01,2026-01-01,Oromia,SW Shoa,Becho,2025,12,,,random_forest,0.5678871613500844,0,high
ETH:7b760775ac4b,2025-12-01,2026-01-01,Oromia,South West Shoa,Becho (SW Shewa),2025,12,,,random_forest,0.5678753251166931,0,high
ETH:ET050596,2025-12-01,2026-01-01,Somali,Korahe,Lasdhankayre,2025,12,,,random_forest,0.5678720660655259,0,high
ETH:ET041812,2025-12-01,2026-01-01,Oromia,Kelem Wellega,Sedi Chenka,2025,12,,,random_forest,0.5678561073491141,0,high
ETH:be5c54bf2943,2025-12-01,2026-01-01,Central Ethiopia,Misrak Gurage,SODO,2025,12,,,random_forest,0.5678316654297874,0,high
ETH:ed1720b7a6ea,2025-12-01,2026-01-01,Oromia,West Harerghe,Mieso,2025,12,,,random_forest,0.5678299605288304,0,high
ETH:ba22c1f50fa3,2025-12-01,2026-01-01,Amhara,N Shewa,Efrat Gidm,2025,12,,,random_forest,0.5677866698771052,0,high
ETH:ET042204,2025-12-01,2026-01-01,Oromia,East Borena,West Welabu,2025,12,,,random_forest,0.5677814205231981,0,high
ETH:68d9f7c72f1f,2025-12-01,2026-01-01,Oromia,W Harerghe,Oda Bultumi,2025,12,,,random_forest,0.567776143868851,0,high
ETH:14df12ba8d2b,2025-12-01,2026-01-01,Gambella,Nuer,Wantawo,2025,12,,,random_forest,0.5677642669115434,0,high
ETH:dc337b9df2e4,2025-12-01,2026-01-01,Amhara,WTSH,Welkait,2025,12,,,random_forest,0.56771088513345,0,high
ETH:c8ba3678bc08,2025-12-01,2026-01-01,Oromia,Horo Guduru,Jardga Jarte,2025,12,,,random_forest,0.5677089423394863,0,high
ETH:ET041811,2025-12-01,2026-01-01,Oromia,Kelem Wellega,Lalo Kile,2025,12,,,random_forest,0.5677058303798443,0,high
ETH:ET041501,2025-12-01,2026-01-01,Oromia,West Guji,Bule Hora,2025,12,0.0,0.0,random_forest,0.5676846049030021,0,high
ETH:ET041805,2025-12-01,2026-01-01,Oromia,Kelem Wellega,Sayo,2025,12,,,random_forest,0.567650059998193,0,high
ETH:4a61f9b08764,2025-12-01,2026-01-01,Amhara,Gondar Town,Gondar town,2025,12,,,random_forest,0.5676457798667431,0,high
ETH:61380c063f81,2025-12-01,2026-01-01,Amhara,S Gonder,Andabet,2025,12,,,random_forest,0.5676259109387584,0,high
ETH:30373b7e7a0c,2025-12-01,2026-01-01,Sidama,Northern Sidama,Bursa,2025,12,,,random_forest,0.5676036339031394,0,high
ETH:ET040822,2025-12-01,2026-01-01,Oromia,Arsi,Diksis,2025,12,,,random_forest,0.5675986496961404,0,high
ETH:7a5e677a8fee,2025-12-01,2026-01-01,Somali,Liben,Dollo Ado,2025,12,,,random_forest,0.5675346701346561,0,high
ETH:7fb35473076d,2025-12-01,2026-01-01,Oromia,W Shoa,Ejerie,2025,12,,,random_forest,0.5675254979914971,0,high
ETH:293a3af3af9a,2025-12-01,2026-01-01,Oromia,West Harerghe,Chiro Town,2025,12,,,random_forest,0.5674907514886223,0,high
ETH:4a596f895670,2025-12-01,2026-01-01,Oromia,Borena,Meyo,2025,12,,,random_forest,0.5674315533399642,0,high
ETH:ET040815,2025-12-01,2026-01-01,Oromia,Arsi,Degeluna Tijo,2025,12,,,random_forest,0.5673974597482087,0,high
ETH:4626ae2a7869,2025-12-01,2026-01-01,Amhara,S Wello,Were Ilu,2025,12,,,random_forest,0.567346740197847,0,high
ETH:9d67cb2194bc,2025-12-01,2026-01-01,Sidama,Sidama,Dara Otilicho,2025,12,,,random_forest,0.5673183498786852,0,high
ETH:ET030901,2025-12-01,2026-01-01,Amhara,Awi,Dangila,2025,12,,,random_forest,0.5672792373720545,0,high
ETH:7d6141712ffe,2025-12-01,2026-01-01,Oromia,E Wellega,Leqa Dulecha,2025,12,,,random_forest,0.5671383511627657,0,high
ETH:5f360765cb48,2025-12-01,2026-01-01,Oromia,Dukem Town,Dukem Town,2025,12,,,random_forest,0.567090063726568,0,high
ETH:dbc05fa667f0,2025-12-01,2026-01-01,Oromia,East Shoa,Modjo Town,2025,12,,,random_forest,0.567080106669247,0,high
ETH:ET041713,2025-12-01,2026-01-01,Oromia,West Arsi,Kofele town,2025,12,,,random_forest,0.5670551304972471,0,high
ETH:bdc881c96087,2025-12-01,2026-01-01,Amhara,North Gojjam,North Achefer,2025,12,,,random_forest,0.5670372608117721,0,high
ETH:5499429828d2,2025-12-01,2026-01-01,Amhara,Wag Himra,Gaz Gibla,2025,12,,,random_forest,0.5670297900595765,0,high
ETH:604f403ea7d1,2025-12-01,2026-01-01,Amhara,North Shewa,Minjar Shenkora,2025,12,,,random_forest,0.5669474098444672,0,high
ETH:f27f83c39efc,2025-12-01,2026-01-01,Oromia,W Arsi,Adaba,2025,12,,,random_forest,0.5669209112035939,0,high
ETH:8c86e269e73a,2025-12-01,2026-01-01,Oromia,W Shoa,Chelia,2025,12,,,random_forest,0.5669119680818012,0,high
ETH:ET040413,2025-12-01,2026-01-01,Oromia,Jimma,Setema,2025,12,,,random_forest,0.566906525020373,0,high
ETH:9d2c8fe54643,2025-12-01,2026-01-01,Oromia,West Harerghe,Gumbi Bordede,2025,12,,,random_forest,0.56690503879546,0,high
ETH:ET030402,2025-12-01,2026-01-01,Amhara,South Wello,Tenta,2025,12,,,random_forest,0.5668893471818176,0,high
ETH:ET110207,2025-12-01,2026-01-01,South West Ethiopia,Kefa,Cheta,2025,12,,,random_forest,0.5668265095817205,0,high
ETH:e121d1895ff4,2025-12-01,2026-01-01,Hareri,Erer (H),Erer (H),2025,12,,,random_forest,0.5668116090552748,0,high
ETH:eb044347d272,2025-12-01,2026-01-01,Amhara,S Wello,Wogidi,2025,12,,,random_forest,0.5667960084644387,0,high
ETH:eb8f86607f10,2025-12-01,2026-01-01,Central Ethiopia,Misrak Gurage,Debub Sodo,2025,12,,,random_forest,0.56679326496192,0,high
ETH:1f6fd8b1174a,2025-12-01,2026-01-01,Amhara,East Gojjam,Dejen,2025,12,,,random_forest,0.5667908283084416,0,high
ETH:78f6ef5efbcb,2025-12-01,2026-01-01,Oromia,West Harerghe,Kuni /Oda Bultum,2025,12,,,random_forest,0.5667525218703967,0,high
ETH:c334a2b76947,2025-12-01,2026-01-01,Benishangul Gumuz,Asossa,MENGE,2025,12,,,random_forest,0.5667086700372143,0,high
ETH:3109f790df1e,2025-12-01,2026-01-01,Sidama,Central Sidama,Loka Abaya,2025,12,,,random_forest,0.5666530916582599,0,high
ETH:a0ff5337d9f2,2025-12-01,2026-01-01,Oromia,West Shoa,Dendi,2025,12,,,random_forest,0.566639986908219,0,high
ETH:ET040319,2025-12-01,2026-01-01,Oromia,Ilu Aba Bora,Halu /Huka,2025,12,,,random_forest,0.5666374655145987,0,high
ETH:58430658b8c3,2025-12-01,2026-01-01,South West Ethiopia,Kefa,Goba (SP),2025,12,,,random_forest,0.5666222585239032,0,high
ETH:de71f62bae57,2025-12-01,2026-01-01,Oromia,SW Shoa,Ameya,2025,12,,,random_forest,0.5664511336422623,0,high
ETH:e1d38f8fc00e,2025-12-01,2026-01-01,South West Ethiopia,Dawro,Genna Bosa,2025,12,,,random_forest,0.5664223889355336,0,high
ETH:ET041605,2025-12-01,2026-01-01,Oromia,Buno Bedele,Dabo Hana,2025,12,,,random_forest,0.5663408848862205,0,high
ETH:ET110211,2025-12-01,2026-01-01,South West Ethiopia,Kefa,Bonga town,2025,12,,,random_forest,0.5663322105678009,0,high
ETH:ET030520,2025-12-01,2026-01-01,Amhara,North Shewa (AM),Debre Berhan town,2025,12,,,random_forest,0.5663294325869113,0,high
ETH:68526fc2b8f0,2025-12-01,2026-01-01,Central Ethiopia,Silite,Worabe town,2025,12,,,random_forest,0.566292216775637,0,high
ETH:f9710ff2d1ae,2025-12-01,2026-01-01,Central Ethiopia,Silite,Lanfero,2025,12,,,random_forest,0.566193102615868,0,high
ETH:8bc1e73a0161,2025-12-01,2026-01-01,Afar,Afar 1,Ayssaita,2025,12,,,random_forest,0.5661299338074577,0,high
ETH:0665c41f2bce,2025-12-01,2026-01-01,Oromia,E Harerghe,Bedeno,2025,12,,,random_forest,0.5661242956739023,0,high
ETH:5fdcf621d5d0,2025-12-01,2026-01-01,Oromia,East Harerghe,Kersa (East Hararge),2025,12,,,random_forest,0.5660889546921041,0,high
ETH:36696de24de8,2025-12-01,2026-01-01,Amhara,S Wello,Tenta,2025,12,,,random_forest,0.5660737499749459,0,high
ETH:ET041702,2025-12-01,2026-01-01,Oromia,West Arsi,SHALA,2025,12,0.0,0.0,random_forest,0.5660499549105187,0,high
ETH:f2ec4486413f,2025-12-01,2026-01-01,Oromia,Arsi,Bele gasgar,2025,12,,,random_forest,0.566025898493137,0,high
ETH:3be4ae3ea264,2025-12-01,2026-01-01,Amhara,North Shewa,Mojan Wedera,2025,12,,,random_forest,0.5660188220192408,0,high
ETH:95b823c67ed5,2025-12-01,2026-01-01,Oromia,Maya City,Haramaya,2025,12,,,random_forest,0.5659856733492762,0,high
ETH:041b3571fc8d,2025-12-01,2026-01-01,Oromia,Robe Town,Robe Town,2025,12,,,random_forest,0.5659342249595202,0,high
ETH:ET030516,2025-12-01,2026-01-01,Amhara,North Shewa (AM),Hagere Mariam,2025,12,,,random_forest,0.5659286703766996,0,high
ETH:ce3daf6b419e,2025-12-01,2026-01-01,Somali,Dawa,Moyale (SM),2025,12,,,random_forest,0.5659007912618448,0,high
ETH:ET050499,2025-12-01,2026-01-01,Somali,Erer,Wangey,2025,12,,,random_forest,0.5658629920833724,0,high
ETH:dc0a0712b1f8,2025-12-01,2026-01-01,Amhara,S Wello,Argoba,2025,12,,,random_forest,0.5658626483530903,0,high
ETH:ET081108,2025-12-01,2026-01-01,South Ethiopia,Gedeo,Churso,2025,12,,,random_forest,0.5658584528912587,0,high
ETH:ET040315,2025-12-01,2026-01-01,Oromia,Ilu Aba Bora,Bilo Nopha,2025,12,,,random_forest,0.5658433662273898,0,high
ETH:200e02d8876e,2025-12-01,2026-01-01,Sidama,Southern Sidama,Teticha,2025,12,,,random_forest,0.5658151131843301,0,high
ETH:ET041016,2025-12-01,2026-01-01,Oromia,East Hararge,Girawa,2025,12,,,random_forest,0.565802416741575,0,high
ETH:ET030407,2025-12-01,2026-01-01,Amhara,South Wello,Kalu,2025,12,,,random_forest,0.5657701763438489,0,high
ETH:ET110509,2025-12-01,2026-01-01,South West Ethiopia,West Omo,Bachuma Town,2025,12,,,random_forest,0.5657628640148196,0,high
ETH:ET040309,2025-12-01,2026-01-01,Oromia,Ilu Aba Bora,Yayu,2025,12,,,random_forest,0.5657044664249917,0,high
ETH:05774fb1eac3,2025-12-01,2026-01-01,Oromia,West Shoa,Jeldu,2025,12,,,random_forest,0.5656981408776343,0,high
ETH:d90aa42e99e3,2025-12-01,2026-01-01,Benishangul Gumuz,Metekel,Dangure,2025,12,,,random_forest,0.5656838015963092,0,high
ETH:9ce575806c80,2025-12-01,2026-01-01,Oromia,Bale,Goba,2025,12,,,random_forest,0.5656760576169279,0,high
ETH:96672841cae5,2025-12-01,2026-01-01,Somali,Siti,Erer,2025,12,,,random_forest,0.565669128119272,0,high
ETH:59f94bf7ebb4,2025-12-01,2026-01-01,Oromia,South West Shoa,Ameya,2025,12,,,random_forest,0.5655957640331825,0,high
ETH:0a87e606a852,2025-12-01,2026-01-01,Amhara,Oromiya,Kemissie town,2025,12,,,random_forest,0.5655241177745416,0,high
ETH:63319e0d97c6,2025-12-01,2026-01-01,Amhara,West Gojjam,Bahirdar Zuria,2025,12,,,random_forest,0.5654820379787145,0,high
ETH:75781b8a4203,2025-12-01,2026-01-01,Oromia,West Shoa,Ejere /Addis Alem,2025,12,,,random_forest,0.5654378693230501,0,high
ETH:e2e2a0711ab5,2025-12-01,2026-01-01,Amhara,Western Tigray,Awra (TG),2025,12,,,random_forest,0.5653346462545652,0,high
ETH:f60cda7ee9af,2025-12-01,2026-01-01,Amhara,C Gonder,West Belesa,2025,12,,,random_forest,0.5653257762091722,0,high
ETH:f9a36c3ca851,2025-12-01,2026-01-01,Amhara,Wag Himra,Dehana,2025,12,,,random_forest,0.5653139074668313,0,high
ETH:c54d43d23e80,2025-12-01,2026-01-01,Somali,Fafan,Babilee,2025,12,,,random_forest,0.5653109570399687,0,high
ETH:9d18cd8922f7,2025-12-01,2026-01-01,Oromia,E Harerghe,Kerssa,2025,12,,,random_forest,0.5653099229480875,0,high
ETH:ET060206,2025-12-01,2026-01-01,Benishangul Gumuz,Metekel,Pawe,2025,12,,,random_forest,0.5652749982212628,0,high
ETH:d492c395cbed,2025-12-01,2026-01-01,Amhara,N Shewa,Gish,2025,12,,,random_forest,0.5652631382279508,0,high
ETH:ET030409,2025-12-01,2026-01-01,Amhara,South Wello,Dessie Zuria,2025,12,,,random_forest,0.5652167301570779,0,high
ETH:f7996efe475f,2025-12-01,2026-01-01,Oromia,W Wellega,Lalo Asabi,2025,12,,,random_forest,0.5652161499765275,0,high
ETH:aa858205d0f2,2025-12-01,2026-01-01,Amhara,West Gojjam,Sekela,2025,12,,,random_forest,0.5652048859748003,0,high
ETH:ET042202,2025-12-01,2026-01-01,Oromia,East Borena,Liben,2025,12,,,random_forest,0.5651766118775808,0,high
ETH:983f0e1a24b1,2025-12-01,2026-01-01,South West Ethiopia,Bench Sheko,Guraferda,2025,12,,,random_forest,0.5651600602820649,0,high
ETH:bfcd05d49391,2025-12-01,2026-01-01,Amhara,S Wello,Kutaber,2025,12,,,random_forest,0.5651465165579449,0,high
ETH:499a63fe9951,2025-12-01,2026-01-01,Oromia,South West Shoa,Wenchi,2025,12,,,random_forest,0.5651299996763729,0,high
ETH:ET070303,2025-12-01,2026-01-01,Central Ethiopia,Kembata,Kediada Gambela,2025,12,,,random_forest,0.5651188544310679,0,high
ETH:1aeec661fcc0,2025-12-01,2026-01-01,Amhara,Wag Himra,Tsagibji,2025,12,,,random_forest,0.5651168568860849,0,high
ETH:afea71a8e4f5,2025-12-01,2026-01-01,Somali,Fafan,Jigjiga Zuria,2025,12,,,random_forest,0.5651161145149077,0,high
ETH:86741665e9fe,2025-12-01,2026-01-01,Amhara,Oromiya,Bati Town,2025,12,,,random_forest,0.5651030803964089,0,high
ETH:f7dfed378032,2025-12-01,2026-01-01,Benishangul Gumuz,Asossa,Sherkole,2025,12,,,random_forest,0.5650967678921699,0,high
ETH:538ff925f42b,2025-12-01,2026-01-01,Oromia,Arsi,Munesa,2025,12,,,random_forest,0.5650908708356032,0,high
ETH:089516b5b50b,2025-12-01,2026-01-01,Amhara,Wag Himra,Gazgibla,2025,12,,,random_forest,0.5650869074585632,0,high
ETH:ET041502,2025-12-01,2026-01-01,Oromia,West Guji,Kercha,2025,12,,,random_forest,0.5650528511345888,0,high
ETH:e457b4aa4474,2025-12-01,2026-01-01,Amhara,North Shewa,ENSARO,2025,12,,,random_forest,0.56503083991909,0,high
ETH:f86e46829bef,2025-12-01,2026-01-01,Benishangul Gumuz,Asosa,Sherkole,2025,12,,,random_forest,0.5650271500249302,0,high
ETH:b79d9a521117,2025-12-01,2026-01-01,Oromia,Borena,Teltele,2025,12,,,random_forest,0.5649933798460759,0,high
ETH:510e7c04cb9b,2025-12-01,2026-01-01,Oromia,East Shoa,Ada'a,2025,12,,,random_forest,0.5649846374431864,0,high
ETH:ET030998,2025-12-01,2026-01-01,Amhara,Awi,Dangila Town,2025,12,,,random_forest,0.5649419528272778,0,high
ETH:ET041006,2025-12-01,2026-01-01,Oromia,East Hararge,Haro Maya,2025,12,,,random_forest,0.564933783643509,0,high
ETH:2b5df669f0a7,2025-12-01,2026-01-01,Sidama,Sidama,Arbegona,2025,12,,,random_forest,0.5649312235185501,0,high
ETH:ET040201,2025-12-01,2026-01-01,Oromia,East Wellega,Limu (OR),2025,12,,,random_forest,0.5648646397988638,0,high
ETH:e8b2da7dcdec,2025-12-01,2026-01-01,Oromia,Buno Bedele,Bedele,2025,12,,,random_forest,0.5648450860404741,0,high
ETH:ET050502,2025-12-01,2026-01-01,Somali,Korahe,Kebridehar,2025,12,,,random_forest,0.5647562116405374,0,high
ETH:f8291c0189d1,2025-12-01,2026-01-01,Somali,Dawa,Mubarak,2025,12,,,random_forest,0.5647505239251389,0,high
ETH:ET040202,2025-12-01,2026-01-01,Oromia,East Wellega,Ibantu,2025,12,,,random_forest,0.5646810602291166,0,high
ETH:175ed565155e,2025-12-01,2026-01-01,Oromia,W Shoa,Dano,2025,12,,,random_forest,0.5646192100623431,0,high
ETH:d431daf5185e,2025-12-01,2026-01-01,Amhara,South Gonder,Tach Gayint,2025,12,,,random_forest,0.5646137920561465,0,high
ETH:44dcc71fc099,2025-12-01,2026-01-01,Gambella,Gambela Town,Gambela town,2025,12,,,random_forest,0.5645879920520269,0,high
ETH:664338ad20d8,2025-12-01,2026-01-01,Oromia,E Wellega,Kiremu,2025,12,,,random_forest,0.5645539734942344,0,high
ETH:d7b6594defe8,2025-12-01,2026-01-01,Amhara,W Gojjam,Dembecha,2025,12,,,random_forest,0.5645523639463543,0,high
ETH:f385d3d63754,2025-12-01,2026-01-01,Oromia,E Wellega,Guto Gida,2025,12,,,random_forest,0.5645437058425333,0,high
ETH:1719d5383cc2,2025-12-01,2026-01-01,Amhara,Awi,Ankesha,2025,12,,,random_forest,0.5645341073656576,0,high
ETH:ET040119,2025-12-01,2026-01-01,Oromia,West Wellega,Guliso,2025,12,,,random_forest,0.5644916017835768,0,high
ETH:ET070216,2025-12-01,2026-01-01,Central Ethiopia,Hadiya,Siraro Badawacho,2025,12,,,random_forest,0.5644801612778474,0,high
ETH:f13e4fd2b3e6,2025-12-01,2026-01-01,Gambella,Itang Special woreda,Itang Special,2025,12,,,random_forest,0.5644514496732946,0,high
ETH:bd41e53afbef,2025-12-01,2026-01-01,Oromia,E Harerghe,Goro Gutu,2025,12,,,random_forest,0.564450517475167,0,high
ETH:ET110307,2025-12-01,2026-01-01,South West Ethiopia,Bench Sheko,Mizan Aman town,2025,12,,,random_forest,0.56443798319917,0,high
ETH:d5f881dadc43,2025-12-01,2026-01-01,Oromia,South West Shoa,Tole,2025,12,,,random_forest,0.5644343133334658,0,high
ETH:377c49d4b2d8,2025-12-01,2026-01-01,Oromia,Ilu Aba Bora,Alee,2025,12,,,random_forest,0.5644233488945409,0,high
ETH:f3ec38ed279f,2025-12-01,2026-01-01,Amhara,North Shewa,Ankober,2025,12,,,random_forest,0.5643765724285124,0,high
ETH:ET110213,2025-12-01,2026-01-01,South West Ethiopia,Kefa,Shisho Ande,2025,12,,,random_forest,0.5643259285992048,0,high
ETH:b8df5c090716,2025-12-01,2026-01-01,South West Ethiopia,Dawro,Gena,2025,12,,,random_forest,0.5643248555040863,0,high
ETH:7891bc1c396c,2025-12-01,2026-01-01,Oromia,North Shoa,Jida,2025,12,,,random_forest,0.5643187329512716,0,high
ETH:d39214244446,2025-12-01,2026-01-01,Somali,Jarar,Birqod,2025,12,,,random_forest,0.5643113819261197,0,high
ETH:17b2211c1f87,2025-12-01,2026-01-01,Gambella,Gambella,Itang Special,2025,12,,,random_forest,0.564293114047156,0,high
ETH:3bde1b336af5,2025-12-01,2026-01-01,Amhara,Waghimra,Sahila,2025,12,,,random_forest,0.5642885930006923,0,high
ETH:200266da2326,2025-12-01,2026-01-01,Oromia,Horo Guduru,Amuru,2025,12,,,random_forest,0.5642657164687015,0,high
ETH:96976f135cfb,2025-12-01,2026-01-01,Oromia,West Shoa,Ambo Zuria,2025,12,,,random_forest,0.5642287484042924,0,high
ETH:9f8d2fa3537e,2025-12-01,2026-01-01,Amhara,S Wello,Borena,2025,12,,,random_forest,0.564211541660688,0,high
ETH:ET041405,2025-12-01,2026-01-01,Oromia,Guji,Odo Shakiso,2025,12,,,random_forest,0.564197369589223,0,high
ETH:ed6a0c5786f1,2025-12-01,2026-01-01,Central Ethiopia,Silite,Siltie,2025,12,,,random_forest,0.5641438145391056,0,high
ETH:ET041706,2025-12-01,2026-01-01,Oromia,West Arsi,Gedeb Asasa,2025,12,,,random_forest,0.5641159100069976,0,high
ETH:b0c8b3a55bd1,2025-12-01,2026-01-01,Gambella,Mejenger,Godere,2025,12,,,random_forest,0.5641091269868533,0,high
ETH:f3bcabbee2fd,2025-12-01,2026-01-01,Oromia,Buno Bedele,Chora,2025,12,,,random_forest,0.564087825607962,0,high
ETH:ET040113,2025-12-01,2026-01-01,Oromia,West Wellega,Gaji,2025,12,,,random_forest,0.5640113418079866,0,high
ETH:ET041704,2025-12-01,2026-01-01,Oromia,West Arsi,KOFELE,2025,12,0.0,0.0,random_forest,0.5640027707288546,0,high
ETH:ET110503,2025-12-01,2026-01-01,South West Ethiopia,West Omo,Gori Gesha,2025,12,,,random_forest,0.5639954856423711,0,high
ETH:26a615f5e17f,2025-12-01,2026-01-01,Afar,Afar 5,Dalifage,2025,12,,,random_forest,0.5639895918980619,0,high
ETH:ET030512,2025-12-01,2026-01-01,Amhara,North Shewa (AM),Kewet,2025,12,,,random_forest,0.5639889892143962,0,high
ETH:24f62670ba39,2025-12-01,2026-01-01,Oromia,W Harerghe,Chiro Town,2025,12,,,random_forest,0.5639432027740564,0,high
ETH:ce2f4b53cf68,2025-12-01,2026-01-01,Oromia,West Shoa,Liban Jawi,2025,12,,,random_forest,0.563929099385431,0,high
ETH:c68e90ad19a0,2025-12-01,2026-01-01,Amhara,W Gonder,Quara,2025,12,,,random_forest,0.563928604440813,0,high
ETH:f4637930cd0e,2025-12-01,2026-01-01,Amhara,E Gojjam,Sinan,2025,12,,,random_forest,0.5638868975183006,0,high
ETH:6fa48c52db05,2025-12-01,2026-01-01,Oromia,W Wellega,Qondala,2025,12,,,random_forest,0.5638753581698701,0,high
ETH:3d6614fa521a,2025-12-01,2026-01-01,Oromia,Sululta Town,Sululta Town,2025,12,,,random_forest,0.5638639239383663,0,high
ETH:10da78cad448,2025-12-01,2026-01-01,Oromia,Finfine Zuria,Sululta,2025,12,,,random_forest,0.5638604426455327,0,high
ETH:ef249ca86879,2025-12-01,2026-01-01,Amhara,S Gonder,Fogera,2025,12,,,random_forest,0.5637908940425967,0,high
ETH:ET041805,2025-12-01,2026-01-01,Oromia,Kelem Wellega,SAyo,2025,12,0.0,0.0,random_forest,0.5637523186099845,0,high
ETH:1a577048d67b,2025-12-01,2026-01-01,Oromia,E Wellega,Nunu Qumba,2025,12,,,random_forest,0.5637423813973308,0,high
ETH:ET040893,2025-12-01,2026-01-01,Oromia,Arsi,Shanan Kolu,2025,12,,,random_forest,0.5636653991673726,0,high
ETH:ET050207,2025-12-01,2026-01-01,Somali,Fafan,Harshin,2025,12,,,random_forest,0.5636494725739343,0,high
ETH:33d75465bf14,2025-12-01,2026-01-01,Sidama,Sidama,Aleta Wondo town,2025,12,,,random_forest,0.5635196464739785,0,high
ETH:585300491401,2025-12-01,2026-01-01,Dire Dawa,Sabian,Sabian,2025,12,,,random_forest,0.5635162868077033,0,high
ETH:d0d57d217c22,2025-12-01,2026-01-01,Amhara,N Gonder,Beyeda,2025,12,,,random_forest,0.5634703444404513,0,high
ETH:ET041309,2025-12-01,2026-01-01,Oromia,South West Shewa,Becho (SW Shewa),2025,12,,,random_forest,0.5634256173760622,0,high
ETH:ET110209,2025-12-01,2026-01-01,South West Ethiopia,Kefa,Chena,2025,12,,,random_forest,0.5634126508964971,0,high
ETH:aedd61352a9a,2025-12-01,2026-01-01,Amhara,N Wello,Gubalafto,2025,12,,,random_forest,0.5634015696164002,0,high
ETH:f21ca8ba559a,2025-12-01,2026-01-01,Oromia,W Arsi,Kofele,2025,12,,,random_forest,0.5633728166539632,0,high
ETH:ET040204,2025-12-01,2026-01-01,Oromia,East Wellega,Haro Limu,2025,12,,,random_forest,0.563367773451864,0,high
ETH:0e5f00e52a11,2025-12-01,2026-01-01,Somali,Shabele,Adadle,2025,12,,,random_forest,0.5633573304290236,0,high
ETH:f88dfeaeb240,2025-12-01,2026-01-01,Hareri,Hareri,Sofi,2025,12,,,random_forest,0.563338444814021,0,high
ETH:2f750126184c,2025-12-01,2026-01-01,Oromia,Finfine Zuria,Dukem,2025,12,,,random_forest,0.5633285963427578,0,high
ETH:ET030398,2025-12-01,2026-01-01,Amhara,North Wello,Lalibela town,2025,12,,,random_forest,0.5633124174159473,0,high
ETH:ET040193,2025-12-01,2026-01-01,Oromia,West Wellega,Gimbi Town,2025,12,,,random_forest,0.5633074736243769,0,high
ETH:ET060201,2025-12-01,2026-01-01,Benishangul Gumuz,Metekel,Dangur,2025,12,,,random_forest,0.563279670004204,0,high
ETH:ET050102,2025-12-01,2026-01-01,Somali,Siti,Dembel,2025,12,,,random_forest,0.5632751667500707,0,high
ETH:8f389e07fa97,2025-12-01,2026-01-01,Somali,Fafan,Awbare,2025,12,,,random_forest,0.5632063694108079,0,high
ETH:7b1f7124c4d7,2025-12-01,2026-01-01,Oromia,Guji,Girja,2025,12,,,random_forest,0.5632029268532948,0,high
ETH:1807c0aced50,2025-12-01,2026-01-01,Oromia,SW Shoa,Goroo,2025,12,,,random_forest,0.5631914596898556,0,high
ETH:97d7228b1db5,2025-12-01,2026-01-01,Oromia,West Shoa,Adda Berga,2025,12,,,random_forest,0.5631772195619088,0,high
ETH:1592e4666fc6,2025-12-01,2026-01-01,Oromia,East Bale,Raytu,2025,12,,,random_forest,0.563169379539998,0,high
ETH:7a4cb503ff1d,2025-12-01,2026-01-01,Amhara,Oromiya,Arthuma Fursi,2025,12,,,random_forest,0.5631444582571254,0,high
ETH:9322aaa89cd3,2025-12-01,2026-01-01,Amhara,North Gonder,Debark,2025,12,,,random_forest,0.5631420241604745,0,high
ETH:ET041207,2025-12-01,2026-01-01,Oromia,Borena,Yabelo,2025,12,,,random_forest,0.563141847470409,0,high
ETH:1b2ab42b2411,2025-12-01,2026-01-01,Oromia,East Harerghe,Kurfa Chele,2025,12,,,random_forest,0.5630966633184458,0,high
ETH:ET070304,2025-12-01,2026-01-01,Central Ethiopia,Kembata,Kacha Bira,2025,12,,,random_forest,0.5630302619923503,0,high
ETH:9fb85115c4d2,2025-12-01,2026-01-01,Oromia,West Shoa,META ROBI,2025,12,,,random_forest,0.5629961688912926,0,high
ETH:ET041799,2025-12-01,2026-01-01,Oromia,West Arsi,Arsi Negele town,2025,12,,,random_forest,0.5629713443767537,0,high
ETH:ET060203,2025-12-01,2026-01-01,Benishangul Gumuz,Metekel,Wembera,2025,12,,,random_forest,0.5629643049223164,0,high
ETH:9461132371ba,2025-12-01,2026-01-01,South West Ethiopia,Dawro,Loma,2025,12,,,random_forest,0.5629609307414901,0,high
ETH:bdf2db3acf7e,2025-12-01,2026-01-01,Amhara,W Gojjam,Finote Selam,2025,12,,,random_forest,0.5629576985956033,0,high
ETH:6d345871478d,2025-12-01,2026-01-01,Amhara,Oromiya,Jille Thumuga,2025,12,,,random_forest,0.5629493207745524,0,high
ETH:3a93b1df6128,2025-12-01,2026-01-01,Amhara,West Gonder,Gendawuha town,2025,12,,,random_forest,0.5629348042584406,0,high
ETH:172d8fcd2d38,2025-12-01,2026-01-01,Amhara,Central Gonder,Tegede,2025,12,,,random_forest,0.5628593045472607,0,high
ETH:830091e738f6,2025-12-01,2026-01-01,Afar,Afar 3,Gewane,2025,12,,,random_forest,0.5628587386833379,0,high
ETH:9a998b161129,2025-12-01,2026-01-01,Benishangul Gumuz,Metekel,Pawi,2025,12,,,random_forest,0.5628387437805007,0,high
ETH:3c96eb39510b,2025-12-01,2026-01-01,Oromia,N Shoa,Abichuna Gnea,2025,12,,,random_forest,0.5627909711836162,0,high
ETH:ET040412,2025-12-01,2026-01-01,Oromia,Jimma,Sigmo,2025,12,,,random_forest,0.5627901162308838,0,high
ETH:9e7444a9a67f,2025-12-01,2026-01-01,Oromia,N Shoa,Deraa,2025,12,,,random_forest,0.5626734148097309,0,high
ETH:179dab33a1f5,2025-12-01,2026-01-01,Somali,Fafan,Fik,2025,12,,,random_forest,0.562672909844087,0,high
ETH:ET040209,2025-12-01,2026-01-01,Oromia,East Wellega,Sibu Sire,2025,12,,,random_forest,0.562655951655447,0,high
ETH:ET051005,2025-12-01,2026-01-01,Somali,Nogob,Sagag,2025,12,,,random_forest,0.5626540711682626,0,high
ETH:54653bf69742,2025-12-01,2026-01-01,South West Ethiopia,Bench Sheko,Mizan,2025,12,,,random_forest,0.5626134645272629,0,high
ETH:ET041305,2025-12-01,2026-01-01,Oromia,South West Shewa,Ilu,2025,12,,,random_forest,0.5625672948618097,0,high
ETH:31e80add58d3,2025-12-01,2026-01-01,Afar,Afar 2,Abaala,2025,12,,,random_forest,0.562541217437733,0,high
ETH:28b32c75da66,2025-12-01,2026-01-01,Oromia,Nekemte Town,Nekemte Town,2025,12,,,random_forest,0.5625141192109199,0,high
ETH:d25e4d82a3b6,2025-12-01,2026-01-01,Amhara,S Gonder,Simada,2025,12,,,random_forest,0.5624464286552978,0,high
ETH:c8b6b54c8ac8,2025-12-01,2026-01-01,Oromia,N Shoa,Hidabu Abote,2025,12,,,random_forest,0.5623709825722357,0,high
ETH:5fa67de1404c,2025-12-01,2026-01-01,Amhara,Central Gonder,West Belesa,2025,12,,,random_forest,0.5622869643090858,0,high
ETH:b02551fec4d4,2025-12-01,2026-01-01,Somali,Liben,Dekasuftu,2025,12,,,random_forest,0.5622757642390415,0,high
ETH:de36390ef5d1,2025-12-01,2026-01-01,Oromia,East Harerghe,Fedis,2025,12,,,random_forest,0.5622154237939725,0,high
ETH:e0cd721fb473,2025-12-01,2026-01-01,Hareri,Hareri,Erer (H),2025,12,,,random_forest,0.5622114216466132,0,high
ETH:ET030308,2025-12-01,2026-01-01,Amhara,North Wello,Habru,2025,12,,,random_forest,0.5622110102096497,0,high
ETH:ET030999,2025-12-01,2026-01-01,Amhara,Awi,Chagni town,2025,12,,,random_forest,0.5621951990474549,0,high
ETH:a16557f13f4b,2025-12-01,2026-01-01,Oromia,W Guji,Hambela Wamena,2025,12,,,random_forest,0.5621126400335253,0,high
ETH:ET040414,2025-12-01,2026-01-01,Oromia,Jimma,Shebe Sambo,2025,12,,,random_forest,0.5621064437234535,0,high
ETH:49ed68e695d0,2025-12-01,2026-01-01,Oromia,Borena,Dillo,2025,12,,,random_forest,0.5620946256346567,0,high
ETH:ebb26a1469c2,2025-12-01,2026-01-01,Afar,Afar 2,Aba'ala,2025,12,,,random_forest,0.5620909410282929,0,high
ETH:8b8098712fbb,2025-12-01,2026-01-01,Oromia,Mojo Town,Mojo Town,2025,12,,,random_forest,0.5620896853425197,0,high
ETH:f0ff2098cfe6,2025-12-01,2026-01-01,Somali,Shabele,Berocano,2025,12,,,random_forest,0.5620890163959844,0,high
ETH:54fe9552dafe,2025-12-01,2026-01-01,Oromia,Buno Bedele,Chawaka,2025,12,,,random_forest,0.5620572915625355,0,high
ETH:d1b916ef31cd,2025-12-01,2026-01-01,Amhara,East Gojjam,Goncha Siso Enebse,2025,12,,,random_forest,0.5620381758621537,0,high
ETH:a0ed4723c25c,2025-12-01,2026-01-01,Oromia,West Shoa,Welmera,2025,12,,,random_forest,0.562031174785893,0,high
ETH:45b6cbf71bb8,2025-12-01,2026-01-01,Hareri,Hakim,Hakim,2025,12,,,random_forest,0.5619981142664257,0,high
ETH:5a2884e9370f,2025-12-01,2026-01-01,Oromia,W Arsi,Siraro,2025,12,,,random_forest,0.5619916677934346,0,high
ETH:ET030305,2025-12-01,2026-01-01,Amhara,North Wello,Wadla,2025,12,,,random_forest,0.5619410863444412,0,high
ETH:be0edfdf4c32,2025-12-01,2026-01-01,Amhara,Waghimra,Zequala,2025,12,,,random_forest,0.5619272737346168,0,high
ETH:8df0863a2cf8,2025-12-01,2026-01-01,Oromia,Horo Guduru,Horo Buluk,2025,12,,,random_forest,0.5619265325202181,0,high
ETH:ET030410,2025-12-01,2026-01-01,Amhara,South Wello,Legambo,2025,12,,,random_forest,0.5619101930555197,0,high
ETH:ET041509,2025-12-01,2026-01-01,Oromia,West Guji,Hambela Wamena,2025,12,,,random_forest,0.5618144780288854,0,high
ETH:ET040408,2025-12-01,2026-01-01,Oromia,Jimma,Gera,2025,12,,,random_forest,0.5617325023016968,0,high
ETH:63bbeca0be49,2025-12-01,2026-01-01,Oromia,Shaggar City,Gelan Sub city,2025,12,,,random_forest,0.5616522914738047,0,high
ETH:c084ca763694,2025-12-01,2026-01-01,Benishangul Gumuz,Kemashi,Sedal,2025,12,,,random_forest,0.5616386623363956,0,high
ETH:5acf5617dcb3,2025-12-01,2026-01-01,Oromia,North Shoa,Chancho town,2025,12,,,random_forest,0.5616067661199391,0,high
ETH:c4d41656afc2,2025-12-01,2026-01-01,Oromia,Asela town,Asela town,2025,12,,,random_forest,0.5615747733835768,0,high
ETH:c89c3e65cdf2,2025-12-01,2026-01-01,Amhara,E Gojjam,Dejen,2025,12,,,random_forest,0.5615121449516357,0,high
ETH:ET030908,2025-12-01,2026-01-01,Amhara,Awi,Ayehu Guwagusa,2025,12,,,random_forest,0.5614833502165285,0,high
ETH:92606726fd6d,2025-12-01,2026-01-01,Amhara,W Gojjam,Mecha North,2025,12,,,random_forest,0.5614613584730441,0,high
ETH:d596b245e31f,2025-12-01,2026-01-01,South West Ethiopia,Dawro,Tercha town,2025,12,,,random_forest,0.5614570069490629,0,high
ETH:2551253f0942,2025-12-01,2026-01-01,Oromia,East Harerghe,Meta,2025,12,,,random_forest,0.5614534184711043,0,high
ETH:ET041402,2025-12-01,2026-01-01,Oromia,Guji,Bore,2025,12,,,random_forest,0.561448775527429,0,high
ETH:1a6008030380,2025-12-01,2026-01-01,Oromia,Arsi,Digeluna tijo,2025,12,,,random_forest,0.561346166421469,0,high
ETH:ET042107,2025-12-01,2026-01-01,Oromia,East Bale,Ginir town,2025,12,,,random_forest,0.561298924952503,0,high
ETH:7bcef8881066,2025-12-01,2026-01-01,Somali,Korahe,Kebridahar Council,2025,12,,,random_forest,0.561278825298856,0,high
ETH:d641c1b589f3,2025-12-01,2026-01-01,Somali,Afder,West Imey,2025,12,,,random_forest,0.5612543464685062,0,high
ETH:83376686d89e,2025-12-01,2026-01-01,Oromia,E Wellega,Wayu Tuka,2025,12,,,random_forest,0.5612200575583821,0,high
ETH:ET041296,2025-12-01,2026-01-01,Oromia,Borena,Yabelo town,2025,12,,,random_forest,0.5612120669316625,0,high
ETH:ba3df846a1f9,2025-12-01,2026-01-01,Amhara,Oromiya,BATI,2025,12,,,random_forest,0.5612089536586039,0,high
ETH:ET041710,2025-12-01,2026-01-01,Oromia,West Arsi,Adaba,2025,12,,,random_forest,0.5611116305491247,0,high
ETH:470d57a549bc,2025-12-01,2026-01-01,Somali,Shabele,East Imi,2025,12,,,random_forest,0.5610489214614469,0,high
ETH:325cc76c7488,2025-12-01,2026-01-01,Oromia,W Arsi,Shala,2025,12,,,random_forest,0.5610486285415416,0,high
ETH:7effe4dcdfda,2025-12-01,2026-01-01,Sidama,Southern Sidama,Aleta Chuko Town,2025,12,,,random_forest,0.5609679218328983,0,high
ETH:3fcb8cc9e4f6,2025-12-01,2026-01-01,Hareri,Sofi,Sofi,2025,12,,,random_forest,0.5609193195011143,0,high
ETH:cf5b56a6ed9f,2025-12-01,2026-01-01,Amhara,N Wello,Dawunit,2025,12,,,random_forest,0.5609075423820352,0,high
ETH:be85e741b967,2025-12-01,2026-01-01,Afar,Afar 5,Dewe,2025,12,,,random_forest,0.5609028262397097,0,high
ETH:ET030401,2025-12-01,2026-01-01,Amhara,South Wello,Argoba,2025,12,,,random_forest,0.5608337897741879,0,high
ETH:ET030905,2025-12-01,2026-01-01,Amhara,Awi,Fagta Lakoma,2025,12,,,random_forest,0.5608307240799119,0,high
ETH:ec9445d6dbbe,2025-12-01,2026-01-01,Oromia,E Wellega,Jimma Arjo,2025,12,,,random_forest,0.5608095054054191,0,high
ETH:a74bf43a5a7d,2025-12-01,2026-01-01,Central Ethiopia,Tembaro Sp woreda,Tembaro,2025,12,,,random_forest,0.5607629756693902,0,high
ETH:0ef2a3b3b36c,2025-12-01,2026-01-01,Oromia,Bale,Ginir,2025,12,,,random_forest,0.5607382789684545,0,high
ETH:e8ff2f48f001,2025-12-01,2026-01-01,Oromia,Jimma,Kersa,2025,12,,,random_forest,0.56072760066196,0,high
ETH:7a5309c834fa,2025-12-01,2026-01-01,Amhara,East Gojjam,Enemay,2025,12,,,random_forest,0.5607214679373442,0,high
ETH:ET040819,2025-12-01,2026-01-01,Oromia,Arsi,Guna,2025,12,,,random_forest,0.5606910502399013,0,high
ETH:736bf077fc21,2025-12-01,2026-01-01,Amhara,Wag Himra,Sekota town,2025,12,,,random_forest,0.5606786498601877,0,high
ETH:ee3aa90aceeb,2025-12-01,2026-01-01,Amhara,East Gojjam,Debre Elias,2025,12,,,random_forest,0.5606717580448991,0,high
ETH:839eeec1e5aa,2025-12-01,2026-01-01,Oromia,Horo Guduru,Jimma Genete,2025,12,,,random_forest,0.5606498558909027,0,high
ETH:1239f3ff4cac,2025-12-01,2026-01-01,Oromia,W Shoa,Nono,2025,12,,,random_forest,0.560575150578296,0,high
ETH:c4a82e2dd6ad,2025-12-01,2026-01-01,Amhara,W Gojjam,Yilmana Densa,2025,12,,,random_forest,0.5604767482230674,0,high
ETH:ET050206,2025-12-01,2026-01-01,Somali,Fafan,Kebribeyah,2025,12,,,random_forest,0.5603981311320679,0,high
ETH:1641fba6380b,2025-12-01,2026-01-01,Afar,Afar 1,Kori,2025,12,,,random_forest,0.5603674658922102,0,high
ETH:0976f27ab561,2025-12-01,2026-01-01,Oromia,W Arsi,Shashemene Town,2025,12,,,random_forest,0.5603637535699356,0,high
ETH:3c5a4c188942,2025-12-01,2026-01-01,Oromia,Finfine Zuria,Lege Tafo-Lege Dadi town,2025,12,,,random_forest,0.5603364080919899,0,high
ETH:ET030405,2025-12-01,2026-01-01,Amhara,South Wello,Thehulederie,2025,12,,,random_forest,0.5603230298960389,0,high
ETH:9ac8a3ce59d5,2025-12-01,2026-01-01,Gambella,Agnua,Abobo,2025,12,,,random_forest,0.5603114074789388,0,high
ETH:ET070312,2025-12-01,2026-01-01,Central Ethiopia,Kembata,Hadero town,2025,12,,,random_forest,0.5602910425591634,0,high
ETH:ET041120,2025-12-01,2026-01-01,Oromia,Bale,Goba Town,2025,12,,,random_forest,0.5602884599630721,0,high
ETH:38df605a4e6b,2025-12-01,2026-01-01,Oromia,South West Shoa,Dawo,2025,12,,,random_forest,0.5602678385400156,0,high
ETH:ET040199,2025-12-01,2026-01-01,Oromia,West Wellega,Nejo Town,2025,12,,,random_forest,0.5601994899235514,0,high
ETH:62503164684d,2025-12-01,2026-01-01,Sidama,Central Sidama,Wensho,2025,12,,,random_forest,0.5601535884544996,0,high
ETH:0380b5564496,2025-12-01,2026-01-01,Oromia,E Harerghe,Babile,2025,12,,,random_forest,0.5601496215191692,0,high
ETH:ET040211,2025-12-01,2026-01-01,Oromia,East Wellega,Sasiga,2025,12,,,random_forest,0.560136127434743,0,high
ETH:3603b41e9acd,2025-12-01,2026-01-01,Benishangul Gumuz,Asossa,Assosa town Administration,2025,12,,,random_forest,0.560135477012786,0,high
ETH:ET050205,2025-12-01,2026-01-01,Somali,Fafan,Aw-Bare,2025,12,,,random_forest,0.5600793487868876,0,high
ETH:ET040115,2025-12-01,2026-01-01,Oromia,West Wellega,Nole Kaba,2025,12,,,random_forest,0.5600678614935486,0,high
ETH:ET040311,2025-12-01,2026-01-01,Oromia,Ilu Aba Bora,Ale,2025,12,,,random_forest,0.5600254866730147,0,high
ETH:ET070206,2025-12-01,2026-01-01,Central Ethiopia,Hadiya,Soro,2025,12,,,random_forest,0.5599806106096124,0,high
ETH:c476b85bfd5b,2025-12-01,2026-01-01,Oromia,W Wellega,Genji,2025,12,,,random_forest,0.5599798711725117,0,high
ETH:47908c02ea80,2025-12-01,2026-01-01,Amhara,Gondar town,Gondar town,2025,12,,,random_forest,0.5599759285989339,0,high
ETH:ET041806,2025-12-01,2026-01-01,Oromia,Kelem Wellega,Denbi Dollo town,2025,12,,,random_forest,0.559974871923131,0,high
ETH:74887e37e820,2025-12-01,2026-01-01,Central Ethiopia,Misrak Gurage,Sodo,2025,12,,,random_forest,0.5599349196556952,0,high
ETH:ET030411,2025-12-01,2026-01-01,Amhara,South Wello,Sayint,2025,12,,,random_forest,0.5599198405607159,0,high
ETH:ET040411,2025-12-01,2026-01-01,Oromia,Jimma,Omo Nada,2025,12,,,random_forest,0.5598434809133132,0,high
ETH:a60baa6f483f,2025-12-01,2026-01-01,Amhara,North Gojjam,Yilmana Densa,2025,12,,,random_forest,0.5597996395235902,0,high
ETH:8090c48e87a5,2025-12-01,2026-01-01,Somali,Liben,Filtu,2025,12,,,random_forest,0.5597973525214941,0,high
ETH:776d47f0b10e,2025-12-01,2026-01-01,Amhara,Oromiya,Dewa chefa,2025,12,,,random_forest,0.5597797386982271,0,high
ETH:ET041314,2025-12-01,2026-01-01,Oromia,South West Shewa,Sodo Daci,2025,12,,,random_forest,0.5597000808282833,0,high
ETH:ET110210,2025-12-01,2026-01-01,South West Ethiopia,Kefa,Bita,2025,12,,,random_forest,0.5596896340408452,0,high
ETH:dd470e4ef0a8,2025-12-01,2026-01-01,Oromia,Jimma,Omonada,2025,12,,,random_forest,0.559681905950672,0,high
ETH:72d9dc1d3eb1,2025-12-01,2026-01-01,Amhara,Wag Himra,Zequala,2025,12,,,random_forest,0.5596779427243067,0,high
ETH:ET040406,2025-12-01,2026-01-01,Oromia,Jimma,Mena (Jimma),2025,12,,,random_forest,0.5596573866192595,0,high
ETH:ET041210,2025-12-01,2026-01-01,Oromia,Borena,Moyale (OR),2025,12,,,random_forest,0.5596151435824139,0,high
ETH:660f2a11d497,2025-12-01,2026-01-01,Central Ethiopia,Hadiya,West Badowach,2025,12,,,random_forest,0.559532353343672,0,high
ETH:345abbb440c5,2025-12-01,2026-01-01,Dire Dawa,Melkajebdu,Melkajebdu,2025,12,,,random_forest,0.5595025806687204,0,high
ETH:ca9336cabc51,2025-12-01,2026-01-01,Oromia,Arsi,Lode hetosa,2025,12,,,random_forest,0.5594889520742763,0,high
ETH:5452139676a1,2025-12-01,2026-01-01,Amhara,Oromiya,Dewa cheffa,2025,12,,,random_forest,0.559468637646651,0,high
ETH:ebb1c528620b,2025-12-01,2026-01-01,Amhara,Wag Himra,Sekota Zuriya,2025,12,,,random_forest,0.559466670416619,0,high
ETH:ET030504,2025-12-01,2026-01-01,Amhara,North Shewa (AM),Moretna Jiru,2025,12,,,random_forest,0.5594306775813161,0,high
ETH:655e699f168d,2025-12-01,2026-01-01,Oromia,Lega tafo Town,Lega tafo Town,2025,12,,,random_forest,0.5594305891921482,0,high
ETH:ET041104,2025-12-01,2026-01-01,Oromia,Bale,Agarfa,2025,12,,,random_forest,0.559428808992261,0,high
ETH:57db748175ab,2025-12-01,2026-01-01,Oromia,West Shoa,Ambo Town,2025,12,,,random_forest,0.5594162216107448,0,high
ETH:2d7d6724fc7a,2025-12-01,2026-01-01,Amhara,North Shewa,Merhabete,2025,12,,,random_forest,0.5594155254321074,0,high
ETH:7000bb79f3bc,2025-12-01,2026-01-01,Benishangul Gumuz,Asosa,Asossa,2025,12,,,random_forest,0.5593969593103741,0,high
ETH:8ea67d363b15,2025-12-01,2026-01-01,Gambella,Nuer,Makuey,2025,12,,,random_forest,0.5593911274232047,0,high
ETH:ET040213,2025-12-01,2026-01-01,Oromia,East Wellega,Guto Gida,2025,12,,,random_forest,0.5592955399578776,0,high
ETH:ET060207,2025-12-01,2026-01-01,Benishangul Gumuz,Metekel,Bulen,2025,12,,,random_forest,0.5592918928502069,0,high
ETH:e89ea90860cf,2025-12-01,2026-01-01,Amhara,West Gojjam,Semen Achefer,2025,12,,,random_forest,0.5592702203640386,0,high
ETH:ET030902,2025-12-01,2026-01-01,Amhara,Awi,Banja,2025,12,,,random_forest,0.5591809831877715,0,high
ETH:ET081102,2025-12-01,2026-01-01,South Ethiopia,Gedeo,Yirgachefe,2025,12,,,random_forest,0.5591439745979296,0,high
ETH:8853b5d2416d,2025-12-01,2026-01-01,Amhara,S Gonder,Estie,2025,12,,,random_forest,0.5590746092978961,0,high
ETH:ET041307,2025-12-01,2026-01-01,Oromia,South West Shewa,Kersana Malima,2025,12,,,random_forest,0.5590683565980247,0,high
ETH:cc63e5d2457d,2025-12-01,2026-01-01,Oromia,North Shoa,Wuchale,2025,12,,,random_forest,0.5590269759120662,0,high
ETH:b19fdd9d513f,2025-12-01,2026-01-01,South West Ethiopia,Konta,Ameya Town,2025,12,,,random_forest,0.559026737305814,0,high
ETH:55cf87c33765,2025-12-01,2026-01-01,Amhara,N Wello,Habru,2025,12,,,random_forest,0.5590125265994019,0,high
ETH:4d83c73a2814,2025-12-01,2026-01-01,Amhara,West Gojjam,Quarit,2025,12,,,random_forest,0.5589534524048606,0,high
ETH:a0ad05ffd415,2025-12-01,2026-01-01,Oromia,E Harerghe,Goro Muti,2025,12,,,random_forest,0.5589519538593845,0,high
ETH:ET040416,2025-12-01,2026-01-01,Oromia,Jimma,Gumay,2025,12,,,random_forest,0.5589281698794488,0,high
ETH:f1a9f1d56300,2025-12-01,2026-01-01,Oromia,East Harerghe,KOMBOLCHA,2025,12,,,random_forest,0.5589204665129818,0,high
ETH:e8a641ae150c,2025-12-01,2026-01-01,Oromia,South West Shoa,Goro (SW Shewa),2025,12,,,random_forest,0.5589100217157952,0,high
ETH:10ab53655d99,2025-12-01,2026-01-01,Dire Dawa,Dire Dawa,Gende Kore,2025,12,,,random_forest,0.5589088009950615,0,high
ETH:69b831079349,2025-12-01,2026-01-01,Oromia,South West Shoa,Sebeta Hawas,2025,12,,,random_forest,0.5588859888766209,0,high
ETH:d332a73b58ab,2025-12-01,2026-01-01,Amhara,North Shewa,Siya Debirna Wayu,2025,12,,,random_forest,0.5587967415714917,0,high
ETH:b7821ff61655,2025-12-01,2026-01-01,Oromia,West Harerghe,Burqua Dhintu,2025,12,,,random_forest,0.5587745164458887,0,high
ETH:e3c0d364ed4f,2025-12-01,2026-01-01,Sidama,Sidama,Aleta Wondo,2025,12,,,random_forest,0.5587523059850131,0,high
ETH:6b2d5defcb0c,2025-12-01,2026-01-01,Oromia,W Harerghe,Boke,2025,12,,,random_forest,0.5587365244501883,0,high
ETH:ET041608,2025-12-01,2026-01-01,Oromia,Buno Bedele,Dedesa,2025,12,,,random_forest,0.5587228031461517,0,high
ETH:c8fc722fdb00,2025-12-01,2026-01-01,Hareri,Hareri,Jinela,2025,12,,,random_forest,0.5586450985621089,0,high
ETH:ET042107,2025-12-01,2026-01-01,Oromia,East Bale,Ginir Town,2025,12,0.0,0.0,random_forest,0.558629584570374,0,high
ETH:b809c5f302dd,2025-12-01,2026-01-01,Oromia,Agaro town,Agaro town,2025,12,,,random_forest,0.5585678807441183,0,high
ETH:ET050392,2025-12-01,2026-01-01,Somali,Jarar,Daror,2025,12,,,random_forest,0.558557669935121,0,high
ETH:3c0d20cb43db,2025-12-01,2026-01-01,Oromia,Bule Hora Town,Bule Hora Town,2025,12,,,random_forest,0.5584191813393017,0,high
ETH:3ee610ade76c,2025-12-01,2026-01-01,Oromia,Maya City,Adelle,2025,12,,,random_forest,0.5584176649415906,0,high
ETH:ET110204,2025-12-01,2026-01-01,South West Ethiopia,Kefa,Gimbo,2025,12,,,random_forest,0.5583923706141641,0,high
ETH:d97328cf6bda,2025-12-01,2026-01-01,Amhara,North Gonder,Debark town,2025,12,,,random_forest,0.5583914966022003,0,high
ETH:c930d241e779,2025-12-01,2026-01-01,Oromia,W Arsi,Arsi Negele Town,2025,12,,,random_forest,0.5583511445862024,0,high
ETH:7ae83bb84204,2025-12-01,2026-01-01,Sidama,Sidama,Daya Town Admin,2025,12,,,random_forest,0.5582982111856196,0,high
ETH:a6605f6eaaae,2025-12-01,2026-01-01,Amhara,North Gojjam,Gonji Kolela,2025,12,,,random_forest,0.5582693136268003,0,high
ETH:f630395edf74,2025-12-01,2026-01-01,Oromia,West Harerghe,Boke,2025,12,,,random_forest,0.5582234494044075,0,high
ETH:ET040317,2025-12-01,2026-01-01,Oromia,Ilu Aba Bora,Didu,2025,12,,,random_forest,0.557982435986359,0,high
ETH:d48c3f209174,2025-12-01,2026-01-01,Afar,Afar 2,Abaala town,2025,12,,,random_forest,0.55791495270656,0,high
ETH:4a7be172ab2c,2025-12-01,2026-01-01,Oromia,East Harerghe,Melka Balo,2025,12,,,random_forest,0.5578452331285281,0,high
ETH:7ead3b292b3f,2025-12-01,2026-01-01,Oromia,Finfine Zuria,Mulo,2025,12,,,random_forest,0.5578447275971383,0,high
ETH:65e245f36c21,2025-12-01,2026-01-01,Amhara,Debre Berhan town,Debre Berhan town,2025,12,,,random_forest,0.5578234178529293,0,high
ETH:8e5445de52ce,2025-12-01,2026-01-01,Amhara,E Gojjam,Machakel,2025,12,,,random_forest,0.55773108190909,0,high
ETH:85d1da1f826b,2025-12-01,2026-01-01,Sidama,Sidama,Hulla,2025,12,,,random_forest,0.5577135307530481,0,high
ETH:ca84f7df10fc,2025-12-01,2026-01-01,South Ethiopia,Wolayta,Bayera Koisha,2025,12,,,random_forest,0.5576924754701121,0,high
ETH:ET030523,2025-12-01,2026-01-01,Amhara,North Shewa (AM),Siya Debirna Wayu,2025,12,,,random_forest,0.5576784347557144,0,high
ETH:ET040109,2025-12-01,2026-01-01,Oromia,West Wellega,Gudetu Kondole,2025,12,,,random_forest,0.5576256905813913,0,high
ETH:2933bb777a89,2025-12-01,2026-01-01,South West Ethiopia,Dawro,Zabagazo,2025,12,,,random_forest,0.5575950409725029,0,high
ETH:847b3f7bdad3,2025-12-01,2026-01-01,Amhara,S Gonder,Libo kemkem,2025,12,,,random_forest,0.5575829335234015,0,high
ETH:ET041119,2025-12-01,2026-01-01,Oromia,Bale,Robe Town,2025,12,,,random_forest,0.5575312206994884,0,high
ETH:ET070207,2025-12-01,2026-01-01,Central Ethiopia,Hadiya,Duna,2025,12,,,random_forest,0.5574994034093697,0,high
ETH:6236fed66f0c,2025-12-01,2026-01-01,Dire Dawa,Addis Ketema,Addis Ketema,2025,12,,,random_forest,0.5574910560565106,0,high
ETH:ET081102,2025-12-01,2026-01-01,South Ethiopia,Gedeo,YIRGACHEFE,2025,12,0.0,0.0,random_forest,0.5574725991004373,0,high
ETH:d4332bd3a848,2025-12-01,2026-01-01,Oromia,W Arsi,Dodola,2025,12,,,random_forest,0.5574672951379555,0,high
ETH:9db78b716d49,2025-12-01,2026-01-01,Oromia,E Harerghe,Midega Tola,2025,12,,,random_forest,0.5574275492707546,0,high
ETH:ET040214,2025-12-01,2026-01-01,Oromia,East Wellega,Jimma Arjo,2025,12,,,random_forest,0.5574143965002981,0,high
ETH:8e61380dd653,2025-12-01,2026-01-01,Dire Dawa,Wahil,Wahil,2025,12,,,random_forest,0.5574036874430881,0,high
ETH:ac6e0a3a9bbb,2025-12-01,2026-01-01,Amhara,W Gojjam,Quarit,2025,12,,,random_forest,0.5573902811832572,0,high
ETH:63ffd8a5f31d,2025-12-01,2026-01-01,Amhara,WTSH,Kafta Humera (AM),2025,12,,,random_forest,0.5573796745314927,0,high
ETH:ET040821,2025-12-01,2026-01-01,Oromia,Arsi,Lude Hitosa,2025,12,,,random_forest,0.5573404692596822,0,high
ETH:c84f1a7b6dd5,2025-12-01,2026-01-01,Amhara,W Gojjam,Bahir Dar zuria,2025,12,,,random_forest,0.5573208224355295,0,high
ETH:ET030501,2025-12-01,2026-01-01,Amhara,North Shewa (AM),Mida Woremo,2025,12,,,random_forest,0.5572917258564678,0,high
ETH:32872ee30231,2025-12-01,2026-01-01,Somali,Fafan,Tulli Guled,2025,12,,,random_forest,0.5571447276008198,0,high
ETH:a5bb3e4b3a52,2025-12-01,2026-01-01,Afar,Afar 5,Telalek,2025,12,,,random_forest,0.5571310005890681,0,high
ETH:f7a3dc1beeaa,2025-12-01,2026-01-01,South Ethiopia,Goffa,Sawla town,2025,12,,,random_forest,0.5571010182925102,0,high
ETH:ET050403,2025-12-01,2026-01-01,Somali,Erer,Salahad,2025,12,,,random_forest,0.5570872765862844,0,high
ETH:d43b054435f4,2025-12-01,2026-01-01,South West Ethiopia,Konta,Konta,2025,12,,,random_forest,0.5570127071700459,0,high
ETH:6ef9d323794d,2025-12-01,2026-01-01,Oromia,Arsi,Ticho,2025,12,,,random_forest,0.5570029827006051,0,high
ETH:0721bea79d46,2025-12-01,2026-01-01,Oromia,E Shoa,Dugda,2025,12,,,random_forest,0.5570021365029806,0,high
ETH:728e0694d328,2025-12-01,2026-01-01,Oromia,East Shoa,Adama,2025,12,,,random_forest,0.5569699363282354,0,high
ETH:597953747724,2025-12-01,2026-01-01,Somali,Liben,Gorabaqasa,2025,12,,,random_forest,0.5569672506256199,0,high
ETH:ET041014,2025-12-01,2026-01-01,Oromia,East Hararge,Midhaga Tola,2025,12,,,random_forest,0.5569653952711829,0,high
ETH:bf42a4d6a796,2025-12-01,2026-01-01,Sidama,Sidama,Dara,2025,12,,,random_forest,0.5569495949615177,0,high
ETH:d5f8ff39a89b,2025-12-01,2026-01-01,Oromia,W Harerghe,Tulo,2025,12,,,random_forest,0.5569334902257024,0,high
ETH:16a3a30b0043,2025-12-01,2026-01-01,Somali,Fafan,Shabeley,2025,12,,,random_forest,0.5568802024947785,0,high
ETH:ET110601,2025-12-01,2026-01-01,South West Ethiopia,Konta,Konta Koysha,2025,12,,,random_forest,0.5568289124917224,0,high
ETH:838931d7d501,2025-12-01,2026-01-01,Oromia,West Harerghe,Chiro town,2025,12,,,random_forest,0.556720469355663,0,high
ETH:b2fed70541f7,2025-12-01,2026-01-01,Oromia,Jimma Town,Jimma Town,2025,12,,,random_forest,0.5567020466067806,0,high
ETH:ET041404,2025-12-01,2026-01-01,Oromia,GUJI,Wadera,2025,12,0.0,0.0,random_forest,0.5566881514265625,0,high
ETH:252ce434885c,2025-12-01,2026-01-01,Amhara,N Wello,Lalibela,2025,12,,,random_forest,0.556678353956838,0,high
ETH:ET040197,2025-12-01,2026-01-01,Oromia,West Wellega,Leta Sibu,2025,12,,,random_forest,0.5566776097016867,0,high
ETH:ET041303,2025-12-01,2026-01-01,Oromia,South West Shewa,Waliso,2025,12,,,random_forest,0.5566697813154955,0,high
ETH:b305e45f4a6d,2025-12-01,2026-01-01,Oromia,Nedjo Town,Nedjo Town,2025,12,,,random_forest,0.5565939182585081,0,high
ETH:ET041302,2025-12-01,2026-01-01,Oromia,South West Shewa,Wenchi,2025,12,,,random_forest,0.55653071893765,0,high
ETH:7fa9a94d6579,2025-12-01,2026-01-01,Amhara,Awi,Ankasha Guagusa,2025,12,,,random_forest,0.5564983061010462,0,high
ETH:5397fad4db5d,2025-12-01,2026-01-01,Amhara,N Shewa,Angolela Tra,2025,12,,,random_forest,0.5564968178705613,0,high
ETH:0445298a8edd,2025-12-01,2026-01-01,Gambella,Gambela town,Gambela town,2025,12,,,random_forest,0.5564455855444245,0,high
ETH:e3690528361f,2025-12-01,2026-01-01,Oromia,Arsi,Limuna bilbilo,2025,12,,,random_forest,0.5564238963761565,0,high
ETH:e12e6361933e,2025-12-01,2026-01-01,Amhara,W Gojjam,Gonji-Kolela,2025,12,,,random_forest,0.5564144205407117,0,high
ETH:ET040320,2025-12-01,2026-01-01,Oromia,Ilu Aba Bora,Metu Town,2025,12,0.0,0.0,random_forest,0.5563137429379096,0,high
ETH:e91478a5bde5,2025-12-01,2026-01-01,Oromia,West Shoa,DANO,2025,12,,,random_forest,0.5563120660571929,0,high
ETH:37bb338ccdfa,2025-12-01,2026-01-01,Amhara,E Gojjam,Debre Elias,2025,12,,,random_forest,0.5562938211903445,0,high
ETH:6d3b40d3848d,2025-12-01,2026-01-01,Oromia,East Shoa,Dugda,2025,12,,,random_forest,0.5562526198697925,0,high
ETH:d719787385ca,2025-12-01,2026-01-01,Sidama,Sidama,Wondo-Genet town,2025,12,,,random_forest,0.5562192813484239,0,high
ETH:672de91d184a,2025-12-01,2026-01-01,Oromia,West Harerghe,Doba,2025,12,,,random_forest,0.5562186068505487,0,high
ETH:ET030415,2025-12-01,2026-01-01,Amhara,South Wello,Were Ilu,2025,12,,,random_forest,0.5561665090969155,0,high
ETH:a2a4c6c27cfb,2025-12-01,2026-01-01,Amhara,Oromiya,Dewa Harewa,2025,12,,,random_forest,0.5561584720472534,0,high
ETH:ET110301,2025-12-01,2026-01-01,South West Ethiopia,Bench Sheko,Sheko,2025,12,,,random_forest,0.5561318736553134,0,high
ETH:cf9b7c926264,2025-12-01,2026-01-01,Amhara,N Shewa,Debre Birhan,2025,12,,,random_forest,0.5561317948874895,0,high
ETH:ET030903,2025-12-01,2026-01-01,Amhara,Awi,Ankasha,2025,12,,,random_forest,0.5560330551502657,0,high
ETH:0067874dbb68,2025-12-01,2026-01-01,Oromia,Bale,Goro,2025,12,,,random_forest,0.555987788238176,0,high
ETH:8b8465603975,2025-12-01,2026-01-01,Amhara,Awi,Ayehu Guagusa,2025,12,,,random_forest,0.555980516667177,0,high
ETH:c40d3e3f37c8,2025-12-01,2026-01-01,Oromia,W Wellega,Boji Dermeji,2025,12,,,random_forest,0.5559294844151261,0,high
ETH:ET110201,2025-12-01,2026-01-01,South West Ethiopia,Kefa,Saylem,2025,12,,,random_forest,0.5559208163049668,0,high
ETH:21084ddedd00,2025-12-01,2026-01-01,South West Ethiopia,Kefa,Shishoende,2025,12,,,random_forest,0.5558739478889453,0,high
ETH:e000336a18a8,2025-12-01,2026-01-01,Oromia,Holeta Town,Holeta Town,2025,12,,,random_forest,0.5558499213783299,0,high
ETH:3ee929882de5,2025-12-01,2026-01-01,Benishangul Gumuz,Asossa,Kurmuk,2025,12,,,random_forest,0.5557668972012533,0,high
ETH:4942954827f6,2025-12-01,2026-01-01,Oromia,N Shoa,Were Jarso,2025,12,,,random_forest,0.5556767167564584,0,high
ETH:04641fe45e5a,2025-12-01,2026-01-01,Oromia,W Harerghe,Anchar,2025,12,,,random_forest,0.5556255010698196,0,high
ETH:ET041700,2025-12-01,2026-01-01,Oromia,West Arsi,Dodola Town,2025,12,,,random_forest,0.5556100719946943,0,high
ETH:ET040302,2025-12-01,2026-01-01,Oromia,Ilu Aba Bora,Alge Sachi,2025,12,,,random_forest,0.5555508330190072,0,high
ETH:ET110101,2025-12-01,2026-01-01,South West Ethiopia,Sheka,Anderacha,2025,12,,,random_forest,0.5555494006295738,0,high
ETH:cd380d5d8290,2025-12-01,2026-01-01,Oromia,East Wellega,Gudaya Bila,2025,12,,,random_forest,0.5554483877108122,0,high
ETH:42b8a9e9c426,2025-12-01,2026-01-01,Afar,Afar 1,Mille,2025,12,,,random_forest,0.5554315464766694,0,high
ETH:ET081105,2025-12-01,2026-01-01,South Ethiopia,Gedeo,Dila Zuria,2025,12,,,random_forest,0.5554284126047871,0,high
ETH:ET030502,2025-12-01,2026-01-01,Amhara,North Shewa (AM),Merhabete,2025,12,,,random_forest,0.5554112573119222,0,high
ETH:ET110205,2025-12-01,2026-01-01,South West Ethiopia,Kefa,Adiyio,2025,12,,,random_forest,0.5553724347245106,0,high
ETH:ET110206,2025-12-01,2026-01-01,South West Ethiopia,Kefa,Tullo,2025,12,,,random_forest,0.5553486826752952,0,high
ETH:ET040801,2025-12-01,2026-01-01,Oromia,Arsi,Merti,2025,12,,,random_forest,0.5553261564902373,0,high
ETH:b1c690462010,2025-12-01,2026-01-01,Amhara,N Wello,Angot,2025,12,,,random_forest,0.5553100470430291,0,high
ETH:f2c6fab19273,2025-12-01,2026-01-01,Amhara,E Gojjam,Debaye Telategne,2025,12,,,random_forest,0.5552801978598396,0,high
ETH:564c93b75baa,2025-12-01,2026-01-01,Amhara,South Gonder,Sede Muja,2025,12,,,random_forest,0.5552765178612847,0,high
ETH:643e18cb1435,2025-12-01,2026-01-01,Oromia,W Arsi,Dodola Town,2025,12,,,random_forest,0.5552576591858888,0,high
ETH:839bb5a9c22f,2025-12-01,2026-01-01,Sidama,Sidama,Bilate Zuria,2025,12,,,random_forest,0.5552559990608622,0,high
ETH:22cf73121dde,2025-12-01,2026-01-01,Afar,Afar 3,Gelalu,2025,12,,,random_forest,0.5552403058086877,0,high
ETH:704815834d00,2025-12-01,2026-01-01,Oromia,W Arsi,Arsi Negele,2025,12,,,random_forest,0.5551858449349781,0,high
ETH:65f1a39aac4e,2025-12-01,2026-01-01,Oromia,W Wellega,Ayira,2025,12,,,random_forest,0.5551461102041638,0,high
ETH:faab8441a08b,2025-12-01,2026-01-01,Amhara,Awi,Zigem,2025,12,,,random_forest,0.5550966571905416,0,high
ETH:312cddc9b6b1,2025-12-01,2026-01-01,Amhara,North Shewa,Assagirt,2025,12,,,random_forest,0.5550854696298138,0,high
ETH:9ffba7c6a2ad,2025-12-01,2026-01-01,Hareri,Shenkor,Shenkor,2025,12,,,random_forest,0.5550765339358494,0,high
ETH:c765d0d5032e,2025-12-01,2026-01-01,Afar,Afar 2,Bidu,2025,12,,,random_forest,0.5550604804198884,0,high
ETH:b8ff928291d5,2025-12-01,2026-01-01,Afar,Afar 1,Elidar,2025,12,,,random_forest,0.5550604071351983,0,high
ETH:ce37646da8cc,2025-12-01,2026-01-01,Oromia,Horo Guduru,Abe Dongoro,2025,12,,,random_forest,0.5550505993080058,0,high
ETH:cfba6a7244e5,2025-12-01,2026-01-01,Oromia,East Harerghe,META,2025,12,,,random_forest,0.5550422460398676,0,high
ETH:711552043d03,2025-12-01,2026-01-01,Oromia,Ilu Aba Bora,Metu,2025,12,,,random_forest,0.5550054711402157,0,high
ETH:f944a78e6d16,2025-12-01,2026-01-01,Oromia,W Shoa,Meta Robi,2025,12,,,random_forest,0.554994072387461,0,high
ETH:ec1be9e640a4,2025-12-01,2026-01-01,Somali,Fafan,Jigjiga Zuria/Shabeeley,2025,12,,,random_forest,0.5549647095832948,0,high
ETH:1f907931a548,2025-12-01,2026-01-01,Amhara,N Wello,Bugna,2025,12,,,random_forest,0.5549191932766531,0,high
ETH:c68e1cb2469c,2025-12-01,2026-01-01,Oromia,North Shoa,Debre Libanos,2025,12,,,random_forest,0.5549034319897369,0,high
ETH:29d34f871285,2025-12-01,2026-01-01,Amhara,Waghimra,Sekota town,2025,12,,,random_forest,0.5548495857037283,0,high
ETH:ET110505,2025-12-01,2026-01-01,South West Ethiopia,West Omo,Bero,2025,12,,,random_forest,0.5547749998114417,0,high
ETH:1f5487df8bac,2025-12-01,2026-01-01,Oromia,E Harerghe,Meta,2025,12,,,random_forest,0.5546572832336448,0,high
ETH:6147def4365f,2025-12-01,2026-01-01,Amhara,South Gonder,Ebenat,2025,12,,,random_forest,0.5546379187157274,0,high
ETH:b2e4c500dd87,2025-12-01,2026-01-01,Oromia,N Shoa,Wuchale,2025,12,,,random_forest,0.5546313840894539,0,high
ETH:580cba6b8f45,2025-12-01,2026-01-01,Dire Dawa,Dire Dawa,Legehare,2025,12,,,random_forest,0.5545176972337418,0,high
ETH:629e95a2b892,2025-12-01,2026-01-01,Oromia,E Harerghe,Meyu Muleke,2025,12,,,random_forest,0.5544309703858183,0,high
ETH:ET040407,2025-12-01,2026-01-01,Oromia,Jimma,Goma,2025,12,,,random_forest,0.5544134499439479,0,high
ETH:ET080219,2025-12-01,2026-01-01,South Ethiopia,Gamo,Mirab Abaya,2025,12,,,random_forest,0.5543681817245489,0,high
ETH:e232bea45b8e,2025-12-01,2026-01-01,Amhara,Dessie town,Dessie town,2025,12,,,random_forest,0.5543296448950895,0,high
ETH:ET050307,2025-12-01,2026-01-01,Somali,Jarar,Degahabur town,2025,12,,,random_forest,0.5543148206788602,0,high
ETH:b4c1dfe41a9a,2025-12-01,2026-01-01,Amhara,Oromiya,Dewa Cheffa,2025,12,,,random_forest,0.5542263814877724,0,high
ETH:45f85e34c24a,2025-12-01,2026-01-01,Oromia,E Harerghe,Girawa,2025,12,,,random_forest,0.5541888180234991,0,high
ETH:4db7e2a16cd1,2025-12-01,2026-01-01,Amhara,North Gojjam,South Achefer,2025,12,,,random_forest,0.554140252852047,0,high
ETH:d1a9e0fed3dd,2025-12-01,2026-01-01,Amhara,N Shewa,Tarmber,2025,12,,,random_forest,0.5540853355592512,0,high
ETH:ET040316,2025-12-01,2026-01-01,Oromia,Ilu Aba Bora,Hurumu,2025,12,,,random_forest,0.5540570722494452,0,high
ETH:ade9acaf91ec,2025-12-01,2026-01-01,Amhara,N Wello,Kobo Raya,2025,12,,,random_forest,0.5540111432976066,0,high
ETH:ET030503,2025-12-01,2026-01-01,Amhara,North Shewa (AM),Ensaro,2025,12,,,random_forest,0.5539847344618187,0,high
ETH:ET050592,2025-12-01,2026-01-01,Somali,Korahe,Kebridehar town,2025,12,,,random_forest,0.5539690729179134,0,high
ETH:fdc40dfa106a,2025-12-01,2026-01-01,Oromia,Shaggar City,Gelan Guda Sub city,2025,12,,,random_forest,0.5538843495887221,0,high
ETH:ec128bd5524a,2025-12-01,2026-01-01,Amhara,South Gonder,Lay Gayint,2025,12,,,random_forest,0.5538335287053908,0,high
ETH:3c94f7cd1e2b,2025-12-01,2026-01-01,Amhara,C Gonder,Gondar Zuriya,2025,12,,,random_forest,0.5538204602410716,0,high
ETH:f392a3f8fe55,2025-12-01,2026-01-01,Somali,Afder,Bare,2025,12,,,random_forest,0.5538055495751649,0,high
ETH:ET030996,2025-12-01,2026-01-01,Amhara,Awi,Injibara Town,2025,12,0.0,0.0,random_forest,0.5538001673743279,0,high
ETH:1db97fe75c42,2025-12-01,2026-01-01,Oromia,E Wellega,Gobu Seyo,2025,12,,,random_forest,0.5537664638381052,0,high
ETH:6e0e383cef41,2025-12-01,2026-01-01,Oromia,North Shoa,Yaya Gulele,2025,12,,,random_forest,0.5537396723229109,0,high
ETH:f167b4cf32a3,2025-12-01,2026-01-01,Oromia,Batu Town,Batu Town,2025,12,,,random_forest,0.5536838004918342,0,high
ETH:ET041515,2025-12-01,2026-01-01,Oromia,West Guji,Dugda Dawa,2025,12,,,random_forest,0.5536397085518633,0,high
ETH:ET110302,2025-12-01,2026-01-01,South West Ethiopia,Bench Sheko,Gurafereda,2025,12,,,random_forest,0.5535944067378835,0,high
ETH:8991d7b6a157,2025-12-01,2026-01-01,Amhara,East Gojjam,Bibugn,2025,12,,,random_forest,0.5535587935240884,0,high
ETH:ET041011,2025-12-01,2026-01-01,Oromia,East Hararge,Deder,2025,12,,,random_forest,0.5535495619873123,0,high
ETH:7a132d316598,2025-12-01,2026-01-01,Amhara,East Gojjam,Awabel,2025,12,,,random_forest,0.5534049044939476,0,high
ETH:b3ee69434362,2025-12-01,2026-01-01,Oromia,W Shoa,Toke Kutaye,2025,12,,,random_forest,0.5532268203863278,0,high
ETH:a663fbfe61af,2025-12-01,2026-01-01,Oromia,South West Shoa,Sodo Daci,2025,12,,,random_forest,0.5532112922272594,0,high
ETH:ET050295,2025-12-01,2026-01-01,Somali,Fafan,Wajale town,2025,12,,,random_forest,0.5531712783750418,0,high
ETH:957c9314906d,2025-12-01,2026-01-01,Oromia,South West Shoa,Kersana Malima,2025,12,,,random_forest,0.5531643501676285,0,high
ETH:0eb367053831,2025-12-01,2026-01-01,Amhara,S Gonder,Farta,2025,12,,,random_forest,0.5531351577268321,0,high
ETH:e90874d99607,2025-12-01,2026-01-01,Oromia,Horo Guduru,Jarte Jardega,2025,12,,,random_forest,0.5531159203123606,0,high
ETH:94af4de5ae51,2025-12-01,2026-01-01,Sidama,Sidama,Daye town,2025,12,,,random_forest,0.5530522847772404,0,high
ETH:71b048b55e53,2025-12-01,2026-01-01,Oromia,E Harerghe,Fedis,2025,12,,,random_forest,0.5529821373878567,0,high
ETH:ET050404,2025-12-01,2026-01-01,Somali,Erer,Hamero,2025,12,,,random_forest,0.5529766444234386,0,high
ETH:ET110202,2025-12-01,2026-01-01,South West Ethiopia,Kefa,Gesha,2025,12,,,random_forest,0.55295433012407,0,high
ETH:981b2a932c22,2025-12-01,2026-01-01,Oromia,W Arsi,Kokosa,2025,12,,,random_forest,0.5528776064314133,0,high
ETH:9f6776ed6937,2025-12-01,2026-01-01,Amhara,Waghimra,SEKOTA,2025,12,,,random_forest,0.55287723505367,0,high
ETH:ET030518,2025-12-01,2026-01-01,Amhara,North Shewa (AM),Minjar Shenkora,2025,12,,,random_forest,0.5528152730970896,0,high
ETH:ET041702,2025-12-01,2026-01-01,Oromia,West Arsi,Shala,2025,12,,,random_forest,0.5528015962273441,0,high
ETH:ET041405,2025-12-01,2026-01-01,Oromia,GUJI,Odo Shakiso,2025,12,0.0,0.0,random_forest,0.5527773547456943,0,high
ETH:0cd2ab40d331,2025-12-01,2026-01-01,Sidama,Hawassa CA,Hawassa,2025,12,,,random_forest,0.5527669864329305,0,high
ETH:6e3d28af6ebe,2025-12-01,2026-01-01,Amhara,Western Tigray,Tsegede (TG),2025,12,,,random_forest,0.5527481629215485,0,high
ETH:7e5869c46b5c,2025-12-01,2026-01-01,Amhara,South Gonder,Lay gayint,2025,12,,,random_forest,0.5527240257828501,0,high
ETH:860cb45f9fdb,2025-12-01,2026-01-01,Somali,Fafan,Gursuum,2025,12,,,random_forest,0.5527016861271994,0,high
ETH:9d2a9a5f4274,2025-12-01,2026-01-01,Amhara,N Shewa,Asagrt,2025,12,,,random_forest,0.5526179506426917,0,high
ETH:8a89f5019af8,2025-12-01,2026-01-01,Amhara,N Shewa,Kewt,2025,12,,,random_forest,0.5525930360773792,0,high
ETH:b419536b188f,2025-12-01,2026-01-01,Sidama,Sidama,Bona Zuria,2025,12,,,random_forest,0.5525445055543432,0,high
ETH:1e5430f7cbd7,2025-12-01,2026-01-01,South West Ethiopia,Dawro,Tocha,2025,12,,,random_forest,0.5525248768590768,0,high
ETH:ET040216,2025-12-01,2026-01-01,Oromia,East Wellega,Wama Hagalo,2025,12,,,random_forest,0.5524084804792877,0,high
ETH:ET041408,2025-12-01,2026-01-01,Oromia,Guji,Dama,2025,12,,,random_forest,0.5524034284210617,0,high
ETH:ET040297,2025-12-01,2026-01-01,Oromia,East Wellega,Nekemte town,2025,12,,,random_forest,0.5523337256384333,0,high
ETH:6693008fd320,2025-12-01,2026-01-01,Oromia,N Shoa,Aleltu,2025,12,,,random_forest,0.5523316757773984,0,high
ETH:ET041122,2025-12-01,2026-01-01,Oromia,Bale,Dinsho,2025,12,,,random_forest,0.5521962677851404,0,high
ETH:7453302b2668,2025-12-01,2026-01-01,Sidama,Eastern Sidama,Bona Zuria,2025,12,,,random_forest,0.5521761972198019,0,high
ETH:82afa75f195a,2025-12-01,2026-01-01,South Ethiopia,Burji,Burji rural,2025,12,,,random_forest,0.5521693231978658,0,high
ETH:29319aee47c5,2025-12-01,2026-01-01,Somali,Afder,Raaso,2025,12,,,random_forest,0.5521094347749259,0,high
ETH:8ff98b9a0513,2025-12-01,2026-01-01,Oromia,Borena,moyale,2025,12,,,random_forest,0.5520930226732689,0,high
ETH:ET040114,2025-12-01,2026-01-01,Oromia,West Wellega,Haru,2025,12,,,random_forest,0.5520659971312727,0,high
ETH:c3682f5def7b,2025-12-01,2026-01-01,Somali,Jarar,Dagah Bur City,2025,12,,,random_forest,0.55199132666836,0,high
ETH:ET030408,2025-12-01,2026-01-01,Amhara,South Wello,Albuko,2025,12,,,random_forest,0.5519183741806848,0,high
ETH:892bfeb0b00d,2025-12-01,2026-01-01,Somali,Jarar,Daroor,2025,12,,,random_forest,0.551898726896579,0,high
ETH:a015eee6a11c,2025-12-01,2026-01-01,Oromia,E Harerghe,Haromaya Town,2025,12,,,random_forest,0.5518894184321316,0,high
ETH:d1bc6917e0e5,2025-12-01,2026-01-01,Oromia,North Shoa,Aleltu,2025,12,,,random_forest,0.5518422549588742,0,high
ETH:d2925e2efc67,2025-12-01,2026-01-01,Amhara,East Gojjam,Mota Town,2025,12,,,random_forest,0.551839960942111,0,high
ETH:5e345e75895b,2025-12-01,2026-01-01,Afar,Afar 1,Asayita,2025,12,,,random_forest,0.5517235366379168,0,high
ETH:22d788c9d574,2025-12-01,2026-01-01,Oromia,South West Shoa,Seden Sodo,2025,12,,,random_forest,0.5516887895273148,0,high
ETH:cb81d216eecc,2025-12-01,2026-01-01,Oromia,E Harerghe,Gursum,2025,12,,,random_forest,0.551682926619828,0,high
ETH:9964759b16d2,2025-12-01,2026-01-01,Oromia,East Harerghe,Babile town,2025,12,,,random_forest,0.5516431556565969,0,high
ETH:c312bd3a3d31,2025-12-01,2026-01-01,Amhara,E Gojjam,Gozamen,2025,12,,,random_forest,0.5516426773972336,0,high
ETH:ET030417,2025-12-01,2026-01-01,Amhara,South Wello,Kombolcha town,2025,12,,,random_forest,0.5515998979030831,0,high
ETH:1c82ff883d88,2025-12-01,2026-01-01,Gambella,Agnua,Gambela town,2025,12,,,random_forest,0.5515901972137869,0,high
ETH:ET040102,2025-12-01,2026-01-01,Oromia,West Wellega,Nejo,2025,12,,,random_forest,0.5514948499536944,0,high
ETH:6289ab28cda2,2025-12-01,2026-01-01,Oromia,W Wellega,Leta Sibu,2025,12,,,random_forest,0.5514047780650979,0,high
ETH:1eb963be8a20,2025-12-01,2026-01-01,Sidama,Sidama,Yirgalem town,2025,12,,,random_forest,0.5514044468785793,0,high
ETH:1854fdd8a07b,2025-12-01,2026-01-01,South West Ethiopia,Sheka,Andracha,2025,12,,,random_forest,0.551301899489588,0,high
ETH:e867f93328f1,2025-12-01,2026-01-01,Amhara,Debre Markos Town,Debre Markos Town,2025,12,,,random_forest,0.5512869663466986,0,high
ETH:ET040820,2025-12-01,2026-01-01,Oromia,Arsi,Sire,2025,12,,,random_forest,0.5512393939744424,0,high
ETH:41c84523b89d,2025-12-01,2026-01-01,Benishangul Gumuz,Asossa,Abramo,2025,12,,,random_forest,0.5511524799166431,0,high
ETH:d7c3de8ded14,2025-12-01,2026-01-01,Oromia,West Shoa,Mida Kegn,2025,12,,,random_forest,0.5511192703006147,0,high
ETH:ET070113,2025-12-01,2026-01-01,Central Ethiopia,Guraghe,Geta,2025,12,,,random_forest,0.5510874970214698,0,high
ETH:1cf2033e814e,2025-12-01,2026-01-01,Oromia,West Shoa,Ginde Beret,2025,12,,,random_forest,0.5510814326403531,0,high
ETH:ET041711,2025-12-01,2026-01-01,Oromia,West Arsi,Shashemene town,2025,12,,,random_forest,0.5510370201525203,0,high
ETH:ET081109,2025-12-01,2026-01-01,South Ethiopia,Gedeo,Dila town,2025,12,,,random_forest,0.5509936119101404,0,high
ETH:ET110308,2025-12-01,2026-01-01,South West Ethiopia,Bench Sheko,Size town,2025,12,,,random_forest,0.5509867975518623,0,high
ETH:5ceb017e688c,2025-12-01,2026-01-01,Sidama,Sidama,Hula,2025,12,,,random_forest,0.5509667053466214,0,high
ETH:ET050299,2025-12-01,2026-01-01,Somali,Fafan,Harawo,2025,12,,,random_forest,0.5509308618225244,0,high
ETH:eca4a704b07a,2025-12-01,2026-01-01,Oromia,N Shoa,Degem,2025,12,,,random_forest,0.550836928088741,0,high
ETH:ET070116,2025-12-01,2026-01-01,Central Ethiopia,Guraghe,Emdebir town,2025,12,,,random_forest,0.550807106234175,0,high
ETH:efe50a5e3ae0,2025-12-01,2026-01-01,Amhara,Awi,Guagusa,2025,12,,,random_forest,0.5507705485483331,0,high
ETH:94ae550dfce6,2025-12-01,2026-01-01,Central Ethiopia,Guraghe,Enor Ener Meger,2025,12,,,random_forest,0.5507690605045351,0,high
ETH:f12c0d254a68,2025-12-01,2026-01-01,South Ethiopia,Kore,Kelle Town,2025,12,,,random_forest,0.5507492947757832,0,high
ETH:fb98ce0ac4f0,2025-12-01,2026-01-01,Oromia,W Shoa,Jibat,2025,12,,,random_forest,0.5507102010956617,0,high
ETH:1f3b245aefc8,2025-12-01,2026-01-01,Oromia,Shaggar City,Malka Nono,2025,12,,,random_forest,0.5506379982944836,0,high
ETH:f54435805676,2025-12-01,2026-01-01,Oromia,W Wellega,Gimbi,2025,12,,,random_forest,0.5506156196586595,0,high
ETH:8bdaf43ccebc,2025-12-01,2026-01-01,Amhara,S Gonder,Ebinat,2025,12,,,random_forest,0.5505512991385086,0,high
ETH:2ac32ccfba7d,2025-12-01,2026-01-01,Somali,Fafan,Jigjiga City,2025,12,,,random_forest,0.550545291057017,0,high
ETH:ET110305,2025-12-01,2026-01-01,South West Ethiopia,Bench Sheko,Semen Bench,2025,12,,,random_forest,0.5505031742457718,0,high
ETH:3c7ba731ff6c,2025-12-01,2026-01-01,Oromia,W Wellega,Nejo,2025,12,,,random_forest,0.5504870297690749,0,high
ETH:6fbfa2fe900e,2025-12-01,2026-01-01,Oromia,Metu Town,Metu Town,2025,12,,,random_forest,0.5504748806481965,0,high
ETH:afed16d72b31,2025-12-01,2026-01-01,Amhara,S Wello,Kelela,2025,12,,,random_forest,0.5504227309205122,0,high
ETH:ET051003,2025-12-01,2026-01-01,Somali,Nogob,Garbo,2025,12,,,random_forest,0.5504147891209471,0,high
ETH:227ada671786,2025-12-01,2026-01-01,Sidama,Sidama,Shebedino,2025,12,,,random_forest,0.550401762118699,0,high
ETH:90274b7de866,2025-12-01,2026-01-01,Sidama,Sidama,Chire,2025,12,,,random_forest,0.5503997631748786,0,high
ETH:4d76eec2cb1e,2025-12-01,2026-01-01,Somali,Dollo,Galhamur,2025,12,,,random_forest,0.5503137698065427,0,high
ETH:e4cdf79996d1,2025-12-01,2026-01-01,Oromia,Shaggar City,Sululta sub city,2025,12,,,random_forest,0.550224560070721,0,high
ETH:ET110502,2025-12-01,2026-01-01,South West Ethiopia,West Omo,Menit Goldiye,2025,12,,,random_forest,0.5501671591477008,0,high
ETH:c54933931671,2025-12-01,2026-01-01,Amhara,C Gonder,Alefa,2025,12,,,random_forest,0.5501252138523225,0,high
ETH:f55261d3b664,2025-12-01,2026-01-01,Oromia,Shaggar City,Laga Tafo L/Dadi Sub city,2025,12,,,random_forest,0.550093411389706,0,high
ETH:ET041223,2025-12-01,2026-01-01,Oromia,Borena,Gomole,2025,12,,,random_forest,0.5500562534200759,0,high
ETH:b99d82197bc6,2025-12-01,2026-01-01,Oromia,W Arsi,Wando,2025,12,,,random_forest,0.5499588863544034,0,high
ETH:b7ce773a994e,2025-12-01,2026-01-01,Sidama,Sidama,Hawassa Zuria,2025,12,,,random_forest,0.5499432799933149,0,high
ETH:23588160e775,2025-12-01,2026-01-01,Oromia,E Harerghe,Aweday Town,2025,12,,,random_forest,0.5499255699259349,0,high
ETH:ET040816,2025-12-01,2026-01-01,Oromia,Arsi,Tiyo,2025,12,,,random_forest,0.549743766753394,0,high
ETH:31c0bcede6b6,2025-12-01,2026-01-01,South West Ethiopia,Dawro,Kachi,2025,12,,,random_forest,0.5497104529402462,0,high
ETH:3ed3bfdccc0b,2025-12-01,2026-01-01,Oromia,E Shoa,Bora,2025,12,,,random_forest,0.5497055599801448,0,high
ETH:0a878c6c3d62,2025-12-01,2026-01-01,Oromia,SW Shoa,Seden Sodo,2025,12,,,random_forest,0.5496495193232857,0,high
ETH:ET050303,2025-12-01,2026-01-01,Somali,Jarar,Aware,2025,12,,,random_forest,0.5495174678419364,0,high
ETH:1e39ba7df057,2025-12-01,2026-01-01,Oromia,W Harerghe,Daro Lebu,2025,12,,,random_forest,0.549298533056798,0,high
ETH:ET110303,2025-12-01,2026-01-01,South West Ethiopia,Bench Sheko,Debub Bench,2025,12,,,random_forest,0.5492916758983462,0,high
ETH:be847aad400d,2025-12-01,2026-01-01,Oromia,Borena,Surupha,2025,12,,,random_forest,0.5492882667178015,0,high
ETH:ET040418,2025-12-01,2026-01-01,Oromia,Jimma,Jimma town,2025,12,,,random_forest,0.5492781932883256,0,high
ETH:ET070102,2025-12-01,2026-01-01,Central Ethiopia,Guraghe,Abeshege,2025,12,,,random_forest,0.5492554130640833,0,high
ETH:fb66f5520bbf,2025-12-01,2026-01-01,Oromia,West Shoa,Ifata,2025,12,,,random_forest,0.5491485886503633,0,high
ETH:38a80884db3a,2025-12-01,2026-01-01,Oromia,Jimma,Guma,2025,12,,,random_forest,0.5491147063806989,0,high
ETH:a7ba20828c4a,2025-12-01,2026-01-01,Oromia,Burayu Town,Burayu Town,2025,12,,,random_forest,0.5491038108182912,0,high
ETH:8cf14566bd67,2025-12-01,2026-01-01,Amhara,N Shewa,Merhabet,2025,12,,,random_forest,0.5490114022483321,0,high
ETH:955cbc6493ca,2025-12-01,2026-01-01,Amhara,North Gonder,Addi Arekay,2025,12,,,random_forest,0.5489544037154278,0,high
ETH:98942df09124,2025-12-01,2026-01-01,South West Ethiopia,Sheka,Teppi Town,2025,12,,,random_forest,0.5489481129574952,0,high
ETH:6dca8b11afc6,2025-12-01,2026-01-01,Oromia,W Wellega,Yubdo,2025,12,,,random_forest,0.548937228849505,0,high
ETH:ET041621,2025-12-01,2026-01-01,Oromia,Buno Bedele,Bedele town,2025,12,,,random_forest,0.5488234582212528,0,high
ETH:07de7fe9adb6,2025-12-01,2026-01-01,Sidama,Sidama,Wondo,2025,12,,,random_forest,0.5488005330239316,0,high
ETH:180a0343374e,2025-12-01,2026-01-01,Amhara,Debre Tabor town,Debre Tabor town,2025,12,,,random_forest,0.548776031840784,0,high
ETH:78b42d1c9731,2025-12-01,2026-01-01,South West Ethiopia,Kefa,Adiyo,2025,12,,,random_forest,0.5487282386636244,0,high
ETH:ET070112,2025-12-01,2026-01-01,Central Ethiopia,Guraghe,Muhur Na Aklil,2025,12,,,random_forest,0.5486517833865974,0,high
ETH:8ef501ef5676,2025-12-01,2026-01-01,Oromia,W Harerghe,Guba Qoricha,2025,12,,,random_forest,0.5486060231972242,0,high
ETH:8a0243e4e8b8,2025-12-01,2026-01-01,Oromia,East Hararge,Gida Ayana,2025,12,,,random_forest,0.5486022855051867,0,high
ETH:ET050204,2025-12-01,2026-01-01,Somali,Fafan,Shabeeley,2025,12,,,random_forest,0.5485734462786539,0,high
ETH:bc2bdbb8bf20,2025-12-01,2026-01-01,Afar,Afar 1,Mile,2025,12,,,random_forest,0.5485576193796009,0,high
ETH:8ecb2192dd94,2025-12-01,2026-01-01,Amhara,S Wello,Dese Zuriya,2025,12,,,random_forest,0.5485281858975951,0,high
ETH:03a9b3e05c71,2025-12-01,2026-01-01,Central Ethiopia,Yem,Yem,2025,12,,,random_forest,0.5484854961045542,0,high
ETH:ET040312,2025-12-01,2026-01-01,Oromia,Ilu Aba Bora,Bure (OR),2025,12,,,random_forest,0.5484773389407872,0,high
ETH:315a1124b0c8,2025-12-01,2026-01-01,Oromia,West Shoa,Meta Robi,2025,12,,,random_forest,0.5482416612763643,0,high
ETH:57efd78b2fa7,2025-12-01,2026-01-01,Amhara,W Gojjam,Bure Town,2025,12,,,random_forest,0.5482390038602911,0,high
ETH:4a8a3fbfdeaf,2025-12-01,2026-01-01,Oromia,West Shoa,Dano,2025,12,,,random_forest,0.5481077081972838,0,high
ETH:83d05295b3ce,2025-12-01,2026-01-01,Amhara,S Gonder,Dera,2025,12,,,random_forest,0.5480377347384578,0,high
ETH:ET071402,2025-12-01,2026-01-01,Central Ethiopia,Halaba,Wera,2025,12,,,random_forest,0.5480068102782039,0,high
ETH:badfd250624c,2025-12-01,2026-01-01,Somali,Afder,Elkari,2025,12,,,random_forest,0.5480063757451703,0,high
ETH:ET041311,2025-12-01,2026-01-01,Oromia,South West Shewa,Woliso town,2025,12,,,random_forest,0.5480004054322966,0,high
ETH:060723462bdc,2025-12-01,2026-01-01,Oromia,West Shoa,Ejersa Lafo,2025,12,,,random_forest,0.5479325326924357,0,high
ETH:ff63179d47e3,2025-12-01,2026-01-01,Oromia,Finfine Zuria,Holeta town,2025,12,,,random_forest,0.5478535631077066,0,high
ETH:ET040111,2025-12-01,2026-01-01,Oromia,West Wellega,Babo,2025,12,,,random_forest,0.5478180807838501,0,high
ETH:ET040320,2025-12-01,2026-01-01,Oromia,Ilu Aba Bora,Metu town,2025,12,,,random_forest,0.5476480312997829,0,high
ETH:0efebe6e55dc,2025-12-01,2026-01-01,Benishangul Gumuz,Asosa,Kurmuk,2025,12,,,random_forest,0.5475747149685637,0,high
ETH:abf802f4ae4f,2025-12-01,2026-01-01,Oromia,North Shoa,Sululta,2025,12,,,random_forest,0.5475577068921783,0,high
ETH:7a911df4ae0f,2025-12-01,2026-01-01,Benishangul Gumuz,Mao-Komo,Mao-Komo,2025,12,,,random_forest,0.5475361632568646,0,high
ETH:bed8c9a310d9,2025-12-01,2026-01-01,Hareri,Aboker,Aboker,2025,12,,,random_forest,0.5475217734106559,0,high
ETH:ec3ff541201d,2025-12-01,2026-01-01,Oromia,W Shoa,Ambo,2025,12,,,random_forest,0.5475128131282953,0,high
ETH:ET110208,2025-12-01,2026-01-01,South West Ethiopia,Kefa,Decha,2025,12,,,random_forest,0.5474632054121598,0,high
ETH:221017c2ab48,2025-12-01,2026-01-01,Oromia,W Wellega,Mene Sibu,2025,12,,,random_forest,0.547332553000398,0,high
ETH:8229c7564979,2025-12-01,2026-01-01,Oromia,Arsi,Enkelo wabe,2025,12,,,random_forest,0.5472961691641836,0,high
ETH:ET070109,2025-12-01,2026-01-01,Central Ethiopia,Guraghe,Gumer,2025,12,,,random_forest,0.5471515099500444,0,high
ETH:a1fa2bb19be9,2025-12-01,2026-01-01,Somali,Dollo,Danot,2025,12,,,random_forest,0.5471426596120039,0,high
ETH:c5697f21dfa6,2025-12-01,2026-01-01,Oromia,Shashemenne Town,Shashemenne Town,2025,12,,,random_forest,0.5470206296681394,0,high
ETH:ET031110,2025-12-01,2026-01-01,Amhara,Central Gondar,Gonder Zuria,2025,12,,,random_forest,0.5469365565406474,0,high
ETH:5b71161e6ebc,2025-12-01,2026-01-01,Amhara,C Gonder,Tach Armacho,2025,12,,,random_forest,0.5468708677945783,0,high
ETH:d96649704c4a,2025-12-01,2026-01-01,Oromia,W Arsi,Tikur Wuha,2025,12,,,random_forest,0.5468256613674016,0,high
ETH:2adfa75d5849,2025-12-01,2026-01-01,Amhara,E Gojjam,Mota town,2025,12,,,random_forest,0.5468128748659782,0,high
ETH:3e2cb07635f2,2025-12-01,2026-01-01,Central Ethiopia,Hadiya,East Badawacho,2025,12,,,random_forest,0.546446600137779,0,high
ETH:a8387784380d,2025-12-01,2026-01-01,Oromia,W Wellega,Jarsoo,2025,12,,,random_forest,0.5464229468676334,0,high
ETH:ET040401,2025-12-01,2026-01-01,Oromia,Jimma,Limu Seka,2025,12,,,random_forest,0.5463653182001836,0,high
ETH:ET070103,2025-12-01,2026-01-01,Central Ethiopia,Guraghe,Ezha,2025,12,,,random_forest,0.5463255059480041,0,high
ETH:7a3261e701e2,2025-12-01,2026-01-01,Amhara,E Gojjam,Shebel Berenta,2025,12,,,random_forest,0.5463187344749352,0,high
ETH:b8fd7c42156a,2025-12-01,2026-01-01,Amhara,S Wello,Tehuledere,2025,12,,,random_forest,0.5462151413092151,0,high
ETH:5521d8b6220d,2025-12-01,2026-01-01,Amhara,North Shewa,Tarema Ber,2025,12,,,random_forest,0.5461910968822147,0,high
ETH:ET040804,2025-12-01,2026-01-01,Oromia,Arsi,Jeju,2025,12,,,random_forest,0.5461746439653167,0,high
ETH:da26d6ffaaa4,2025-12-01,2026-01-01,Sidama,Sidama,Hawella Tula Sub-city,2025,12,,,random_forest,0.5461208817242875,0,high
ETH:ca7cdeb7594a,2025-12-01,2026-01-01,Oromia,W Wellega,Babo Gembel,2025,12,,,random_forest,0.546079145575848,0,high
ETH:ET040409,2025-12-01,2026-01-01,Oromia,Jimma,Seka Chekorsa,2025,12,,,random_forest,0.5458469940186718,0,high
ETH:ET110504,2025-12-01,2026-01-01,South West Ethiopia,West Omo,Menit Shasha,2025,12,,,random_forest,0.5458315909927061,0,high
ETH:e63bc6cd02a3,2025-12-01,2026-01-01,Oromia,Horo Guduru,Jimma Rare,2025,12,,,random_forest,0.5457705663040172,0,high
ETH:ET041408,2025-12-01,2026-01-01,Oromia,GUJI,Dama,2025,12,0.0,0.0,random_forest,0.5455951593764075,0,high
ETH:626d76e02fd0,2025-12-01,2026-01-01,Amhara,N Gonder,Debark,2025,12,,,random_forest,0.5455668708610831,0,high
ETH:a69705e859e6,2025-12-01,2026-01-01,Oromia,East Harerghe,Jarso (East Hararghe),2025,12,,,random_forest,0.5454668972136225,0,high
ETH:59fe7bcc36c8,2025-12-01,2026-01-01,Sidama,Sidama,Teticha,2025,12,,,random_forest,0.5454429165091158,0,high
ETH:b19067e4f01d,2025-12-01,2026-01-01,Amhara,S Gonder,Woreta,2025,12,,,random_forest,0.5453908914829712,0,high
ETH:87586e3ac0f2,2025-12-01,2026-01-01,Afar,Afar 5,Semurobi,2025,12,,,random_forest,0.5452770977096381,0,high
ETH:e754864afa6e,2025-12-01,2026-01-01,Amhara,W Gojjam,Dega Damot,2025,12,,,random_forest,0.545215767029172,0,high
ETH:4f853df4e695,2025-12-01,2026-01-01,Addis Ababa,Arada,ARA_05,2025,12,,,random_forest,0.5451877766231706,0,high
ETH:00f21290ea8f,2025-12-01,2026-01-01,Amhara,Oromiya,Artuma Fursi,2025,12,,,random_forest,0.5451292410029484,0,high
ETH:ffbb840d2058,2025-12-01,2026-01-01,Amhara,West Gonder,Quara,2025,12,,,random_forest,0.5451144706389872,0,high
ETH:48dd4f29ffc4,2025-12-01,2026-01-01,South Ethiopia,Kore,Gorika,2025,12,,,random_forest,0.545058801030556,0,high
ETH:32cb9f4df492,2025-12-01,2026-01-01,Amhara,West Gojjam,Dega Damot,2025,12,,,random_forest,0.5449917481529097,0,high
ETH:fb78f95623db,2025-12-01,2026-01-01,Oromia,North Shoa,Wara Jarso,2025,12,,,random_forest,0.5449894072632961,0,high
ETH:ed37360ecadd,2025-12-01,2026-01-01,Afar,Afar 4,Yalo,2025,12,,,random_forest,0.544912930462601,0,high
ETH:ET071403,2025-12-01,2026-01-01,Central Ethiopia,Halaba,Atote Ulo,2025,12,,,random_forest,0.544839123629391,0,high
ETH:d0190950e18d,2025-12-01,2026-01-01,Oromia,Horo Guduru,Guduru,2025,12,,,random_forest,0.5448347389476088,0,high
ETH:94f316f8a388,2025-12-01,2026-01-01,Amhara,N Wello,Wadila,2025,12,,,random_forest,0.5448106554288111,0,high
ETH:572419e4f131,2025-12-01,2026-01-01,Sidama,Sidama,Darara,2025,12,,,random_forest,0.5447674717283365,0,high
ETH:ET040803,2025-12-01,2026-01-01,Oromia,Arsi,Golocha,2025,12,,,random_forest,0.5447577285371529,0,high
ETH:a431216bfd4b,2025-12-01,2026-01-01,South West Ethiopia,Kefa,Bonga,2025,12,,,random_forest,0.5447085671512045,0,high
ETH:66d9fb9101e7,2025-12-01,2026-01-01,Somali,Siti,Hadigale,2025,12,,,random_forest,0.5445877553647529,0,high
ETH:2a9fb75c0d2e,2025-12-01,2026-01-01,Oromia,East Shoa,Boset,2025,12,,,random_forest,0.5445502724767095,0,high
ETH:df2b02cbfc99,2025-12-01,2026-01-01,South West Ethiopia,Kefa,Bitta,2025,12,,,random_forest,0.5445248141108247,0,high
ETH:b1a0b286d701,2025-12-01,2026-01-01,Amhara,West Gojjam,Awabel,2025,12,,,random_forest,0.5444987345536879,0,high
ETH:9365deb60070,2025-12-01,2026-01-01,Somali,Fafan,Togwajale,2025,12,,,random_forest,0.544493434315581,0,high
ETH:ET041005,2025-12-01,2026-01-01,Oromia,East Hararge,Fedis,2025,12,,,random_forest,0.5443216576971662,0,high
ETH:1163602ddc00,2025-12-01,2026-01-01,Amhara,N Shewa,Antskia Gemza,2025,12,,,random_forest,0.5443069199001515,0,high
ETH:e9f754b96760,2025-12-01,2026-01-01,Oromia,Arsi,Bekoji town,2025,12,,,random_forest,0.5442441375619729,0,high
ETH:ET030418,2025-12-01,2026-01-01,Amhara,South Wello,Dessie town,2025,12,,,random_forest,0.5442142563511532,0,high
ETH:7d36e809b5f6,2025-12-01,2026-01-01,Amhara,North Shewa,Eferatana Gidem,2025,12,,,random_forest,0.5441955743020943,0,high
ETH:c0d07b19d538,2025-12-01,2026-01-01,Oromia,W Wellega,Homa,2025,12,,,random_forest,0.5441514836140378,0,high
ETH:ET041310,2025-12-01,2026-01-01,Oromia,South West Shewa,Seden Sodo,2025,12,,,random_forest,0.544031217554573,0,high
ETH:1aa08dfbb839,2025-12-01,2026-01-01,Oromia,East Harerghe,Deder,2025,12,,,random_forest,0.5439508980588944,0,high
ETH:ET040417,2025-12-01,2026-01-01,Oromia,Jimma,Agaro town,2025,12,,,random_forest,0.5438585546872052,0,high
ETH:1d7c767c90fc,2025-12-01,2026-01-01,Oromia,E Wellega,Diga,2025,12,,,random_forest,0.5438303859369834,0,high
ETH:06e25e8753ae,2025-12-01,2026-01-01,Sidama,Sidama,Hawela,2025,12,,,random_forest,0.5438120523344816,0,high
ETH:1019bffcc104,2025-12-01,2026-01-01,Gambella,Agnua,Dimma,2025,12,,,random_forest,0.5437774635224732,0,high
ETH:b9e54586287d,2025-12-01,2026-01-01,Amhara,N Shewa,Ankober,2025,12,,,random_forest,0.5437663456622305,0,high
ETH:ET110306,2025-12-01,2026-01-01,South West Ethiopia,Bench Sheko,Gidi Bench,2025,12,,,random_forest,0.543703253794391,0,high
ETH:ET040810,2025-12-01,2026-01-01,Oromia,Arsi,Amigna,2025,12,,,random_forest,0.5436890005912898,0,high
ETH:ae61a03ddaff,2025-12-01,2026-01-01,Oromia,E Harerghe,Haromaya,2025,12,,,random_forest,0.5435504689112217,0,high
ETH:ET040206,2025-12-01,2026-01-01,Oromia,East Wellega,Wayu Tuka,2025,12,,,random_forest,0.5435251616555279,0,high
ETH:ET070104,2025-12-01,2026-01-01,Central Ethiopia,Guraghe,Gedebano Gutazer Welene,2025,12,,,random_forest,0.5434745748537421,0,high
ETH:e16a2f4dad01,2025-12-01,2026-01-01,Afar,Afar 5,Samurobi,2025,12,,,random_forest,0.5434409164200744,0,high
ETH:3ff91e76b5b6,2025-12-01,2026-01-01,Sidama,Sidama,dara,2025,12,,,random_forest,0.5434200601737887,0,high
ETH:ET070204,2025-12-01,2026-01-01,Central Ethiopia,Hadiya,Shashogo,2025,12,,,random_forest,0.5432629941407564,0,high
ETH:66f296afa771,2025-12-01,2026-01-01,Amhara,Central Gonder,Tach Armacho,2025,12,,,random_forest,0.5428624240831984,0,high
ETH:dfee8e10816e,2025-12-01,2026-01-01,Oromia,W Shoa,Ada'a Berga,2025,12,,,random_forest,0.5426983495459345,0,high
ETH:b7efe17a9f6f,2025-12-01,2026-01-01,Oromia,West Shoa,Illu Galan,2025,12,,,random_forest,0.5426166495347137,0,high
ETH:f6d16772f352,2025-12-01,2026-01-01,Amhara,E Gojjam,Enargena Enawga,2025,12,,,random_forest,0.5426055105560122,0,high
ETH:488c062ef71d,2025-12-01,2026-01-01,Sidama,Sidama,Hawasa town,2025,12,,,random_forest,0.542579117950205,0,high
ETH:694a3cc27d55,2025-12-01,2026-01-01,Oromia,Shashemenne Town,Bishan Guracha Subcity,2025,12,,,random_forest,0.5425557879840032,0,high
ETH:ET041017,2025-12-01,2026-01-01,Oromia,East Hararge,Golo Oda,2025,12,,,random_forest,0.5424204451560692,0,high
ETH:ET070108,2025-12-01,2026-01-01,Central Ethiopia,Guraghe,Endiguagn,2025,12,,,random_forest,0.5422540587601806,0,high
ETH:f4d4c0090279,2025-12-01,2026-01-01,Amhara,West Gojjam,Debub Mecha,2025,12,,,random_forest,0.5421728788844049,0,high
ETH:ET050296,2025-12-01,2026-01-01,Somali,Fafan,Kebribayah town,2025,12,,,random_forest,0.5420877774797049,0,high
ETH:ET040802,2025-12-01,2026-01-01,Oromia,Arsi,Aseko,2025,12,,,random_forest,0.5420143011887546,0,high
ETH:278710f9bad1,2025-12-01,2026-01-01,Somali,Dawa,Kadadumo,2025,12,,,random_forest,0.541941953834431,0,high
ETH:fef254d872bb,2025-12-01,2026-01-01,Amhara,North Shewa,Moretna Jiru,2025,12,,,random_forest,0.5419400558500639,0,high
ETH:d595effd4af5,2025-12-01,2026-01-01,Oromia,W Wellega,Seyo Nole,2025,12,,,random_forest,0.5418715876625972,0,high
ETH:29daac62748b,2025-12-01,2026-01-01,Sidama,Sidama,Boricha,2025,12,,,random_forest,0.5418299733307145,0,high
ETH:3457328694e5,2025-12-01,2026-01-01,Somali,Jarar,Dagah Madow,2025,12,,,random_forest,0.5417370937044409,0,high
ETH:16540c0691a1,2025-12-01,2026-01-01,Oromia,W Wellega,Haru,2025,12,,,random_forest,0.541664362031759,0,high
ETH:ET041618,2025-12-01,2026-01-01,Oromia,Buno Bedele,Meko,2025,12,,,random_forest,0.5416107988522673,0,high
ETH:fe08d35c01c7,2025-12-01,2026-01-01,South West Ethiopia,Dawro,Tercha Zuriya,2025,12,,,random_forest,0.5412845632679482,0,high
ETH:3b5e3656953f,2025-12-01,2026-01-01,Sidama,Sidama,Yirga Alem,2025,12,,,random_forest,0.541255703221734,0,high
ETH:581887d0b5b9,2025-12-01,2026-01-01,Oromia,East Shoa,Meki Town,2025,12,,,random_forest,0.5410170202763676,0,high
ETH:0fe434f86486,2025-12-01,2026-01-01,Afar,Afar 3,Argoba Special,2025,12,,,random_forest,0.5409988503151006,0,high
ETH:ET041499,2025-12-01,2026-01-01,Oromia,Guji,Shakiso Town,2025,12,,,random_forest,0.5409679122533232,0,high
ETH:be9dc02e6c28,2025-12-01,2026-01-01,Somali,Dollo,Danod,2025,12,,,random_forest,0.540929412177173,0,high
ETH:d78a681abbc3,2025-12-01,2026-01-01,Amhara,West Gojjam,Gonje,2025,12,,,random_forest,0.5407451653551364,0,high
ETH:ET050203,2025-12-01,2026-01-01,Somali,Fafan,Babile (SM),2025,12,,,random_forest,0.540704637035662,0,high
ETH:ET040105,2025-12-01,2026-01-01,Oromia,West Wellega,Kiltu Kara,2025,12,,,random_forest,0.5405023886618614,0,high
ETH:8577255090d1,2025-12-01,2026-01-01,South Ethiopia,Gamo,Gerese,2025,12,,,random_forest,0.5404757731656996,0,high
ETH:35a3aa914f1c,2025-12-01,2026-01-01,Amhara,W Gojjam,Sekela,2025,12,,,random_forest,0.5402821280603883,0,high
ETH:8d74532cdeaf,2025-12-01,2026-01-01,Sidama,Sidama,Leku Town Admin,2025,12,,,random_forest,0.5399698293348479,0,high
ETH:89a01ede26be,2025-12-01,2026-01-01,Dire Dawa,Legehare,Legehare,2025,12,,,random_forest,0.5399497192608111,0,high
ETH:722f7ce82a4d,2025-12-01,2026-01-01,Afar,Afar 3,Awash town,2025,12,,,random_forest,0.5399207346926741,0,high
ETH:9bca859bf48b,2025-12-01,2026-01-01,Addis Ababa,Nifas Silk Lafto,NSL_01,2025,12,,,random_forest,0.5398139091412056,0,high
ETH:564022d53495,2025-12-01,2026-01-01,Dire Dawa,Gende Kore,Gende Kore,2025,12,,,random_forest,0.5397730913477218,0,high
ETH:c8d9d4c96386,2025-12-01,2026-01-01,Sidama,Sidama,Shebe Dino,2025,12,,,random_forest,0.5396766336338896,0,high
ETH:095250ad0283,2025-12-01,2026-01-01,Oromia,Jimma,Nadi Gibe/Tiro Afeta,2025,12,,,random_forest,0.5396300717305292,0,high
ETH:14a3c33f5e12,2025-12-01,2026-01-01,South Ethiopia,Goffa,Gezei Gofa,2025,12,,,random_forest,0.5396246808733368,0,high
ETH:1b13968e0c8e,2025-12-01,2026-01-01,Amhara,North Shewa,Shoa Robit,2025,12,,,random_forest,0.5395126013952728,0,high
ETH:ET110217,2025-12-01,2026-01-01,South West Ethiopia,Kefa,Shishinda town,2025,12,,,random_forest,0.5394867300041095,0,high
ETH:e6cbd2381c4a,2025-12-01,2026-01-01,Oromia,W Wellega,Gimbi Town,2025,12,,,random_forest,0.5394466089715506,0,high
ETH:0b4530da066b,2025-12-01,2026-01-01,Afar,Afar 1,Samara Logiya CA,2025,12,,,random_forest,0.5394116949530485,0,high
ETH:ET041008,2025-12-01,2026-01-01,Oromia,East Hararge,Kersa (East Hararge),2025,12,,,random_forest,0.5392802974428785,0,high
ETH:de667d90fda2,2025-12-01,2026-01-01,Afar,Afar 1,Adaar,2025,12,,,random_forest,0.5391507076640931,0,high
ETH:ET030420,2025-12-01,2026-01-01,Amhara,South Wello,Legehida,2025,12,,,random_forest,0.5391305761382942,0,high
ETH:ET040499,2025-12-01,2026-01-01,Oromia,Jimma,Nono Benja,2025,12,,,random_forest,0.5391105978439658,0,high
ETH:ET030907,2025-12-01,2026-01-01,Amhara,Awi,Guagusa Shikudad,2025,12,,,random_forest,0.5390086883303923,0,high
ETH:960add0be633,2025-12-01,2026-01-01,Oromia,W Shoa,Chobi,2025,12,,,random_forest,0.5388834314535378,0,high
ETH:68224ba177d8,2025-12-01,2026-01-01,Amhara,Waghimra,Sekota,2025,12,,,random_forest,0.5388379730230788,0,high
ETH:d97b8df66ad6,2025-12-01,2026-01-01,Sidama,Sidama,Chabe Gambeltu,2025,12,,,random_forest,0.5385967159627627,0,high
ETH:d19bfca17cad,2025-12-01,2026-01-01,Oromia,Guji,Anna Sora,2025,12,,,random_forest,0.538545395972285,0,high
ETH:ET040894,2025-12-01,2026-01-01,Oromia,Arsi,Bokoji-town,2025,12,,,random_forest,0.5385279100406347,0,high
ETH:e80895c63090,2025-12-01,2026-01-01,Oromia,W Shoa,Ilu Gelan,2025,12,,,random_forest,0.5384789650910891,0,high
ETH:ET050283,2025-12-01,2026-01-01,Somali,Fafan,Tuliguled,2025,12,,,random_forest,0.5384715876927432,0,high
ETH:b336c1dc38b1,2025-12-01,2026-01-01,Oromia,E Wellega,Wama,2025,12,,,random_forest,0.5384041523871186,0,high
ETH:f47ba16be39e,2025-12-01,2026-01-01,Benishangul Gumuz,Asossa,Bambasi,2025,12,,,random_forest,0.5383807826767989,0,high
ETH:e020c6b562da,2025-12-01,2026-01-01,Afar,Afar 5,Hadelela,2025,12,,,random_forest,0.5383332683653537,0,high
ETH:2c7e1fc220ba,2025-12-01,2026-01-01,Amhara,N Gonder,Adi Arkay,2025,12,,,random_forest,0.5382917432950695,0,high
ETH:99a2d34ff2c6,2025-12-01,2026-01-01,Afar,Afar 3,Arguba,2025,12,,,random_forest,0.5381965302352768,0,high
ETH:516a921bc298,2025-12-01,2026-01-01,Amhara,West Gojjam,Finote Selam town,2025,12,,,random_forest,0.5381871172411562,0,high
ETH:1b096c8d3bb2,2025-12-01,2026-01-01,Oromia,W Wellega,Nejo Town,2025,12,,,random_forest,0.5381226891507845,0,high
ETH:a4dd214c64d0,2025-12-01,2026-01-01,Oromia,East Shoa,Fentale,2025,12,,,random_forest,0.5380664564043162,0,high
ETH:393561686b33,2025-12-01,2026-01-01,Dire Dawa,Dire Dawa,Dire Dawa,2025,12,,,random_forest,0.5380345587349549,0,high
ETH:1ec391eee8c3,2025-12-01,2026-01-01,Oromia,East Harerghe,Meyu Muleke,2025,12,,,random_forest,0.5380324459522698,0,high
ETH:bd3a264b8079,2025-12-01,2026-01-01,Hareri,Hareri,Shenkor,2025,12,,,random_forest,0.5379435373670042,0,high
ETH:bf8e72a4549e,2025-12-01,2026-01-01,Amhara,N Shewa,Minjar,2025,12,,,random_forest,0.5377796235197905,0,high
ETH:ET081101,2025-12-01,2026-01-01,South Ethiopia,Gedeo,Wenago,2025,12,,,random_forest,0.5376712527381085,0,high
ETH:ET041010,2025-12-01,2026-01-01,Oromia,East Hararge,Goro Gutu,2025,12,,,random_forest,0.5375708299663782,0,high
ETH:a3a6c0aef20c,2025-12-01,2026-01-01,Oromia,W Shoa,Meta Welkite,2025,12,,,random_forest,0.5374049001471841,0,high
ETH:3fdbd384ac8f,2025-12-01,2026-01-01,Oromia,W Wellega,Begi,2025,12,,,random_forest,0.5373120743827935,0,high
ETH:fd0db576bd33,2025-12-01,2026-01-01,Hareri,Dire Teyara,Dire Teyara,2025,12,,,random_forest,0.5372672876752979,0,high
ETH:8ea842f25f44,2025-12-01,2026-01-01,Amhara,N Shewa,Berht,2025,12,,,random_forest,0.5372369947915445,0,high
ETH:b383592f4774,2025-12-01,2026-01-01,Amhara,North Gonder,Dabat,2025,12,,,random_forest,0.53704649138343,0,high
ETH:d04bda405f69,2025-12-01,2026-01-01,Amhara,E Gojjam,Enebse Sar Midir,2025,12,,,random_forest,0.5369690968761952,0,high
ETH:43a6c5c35ca5,2025-12-01,2026-01-01,Oromia,Finfine Zuria,Sululta town,2025,12,,,random_forest,0.5369603093750629,0,high
ETH:3d82961f51f3,2025-12-01,2026-01-01,Oromia,W Wellega,Nole Kaba,2025,12,,,random_forest,0.5367994117903894,0,high
ETH:d095d0466d84,2025-12-01,2026-01-01,Amhara,North Gonder,Beyeda,2025,12,,,random_forest,0.5365526069181121,0,high
ETH:cc6a90191937,2025-12-01,2026-01-01,Oromia,North Shoa,Berek,2025,12,,,random_forest,0.5362451102888082,0,high
ETH:3f1b565159c7,2025-12-01,2026-01-01,Oromia,E Shoa,Methara Town,2025,12,,,random_forest,0.5361390937345188,0,high
ETH:5ce6137ca581,2025-12-01,2026-01-01,Oromia,West Shoa,Jibat,2025,12,,,random_forest,0.5361010616102639,0,high
ETH:4e38f142adcc,2025-12-01,2026-01-01,South West Ethiopia,Bench Sheko,North Bench,2025,12,,,random_forest,0.5359426726429937,0,high
ETH:bb17ae114ad2,2025-12-01,2026-01-01,Sidama,Southern Sidama,Chirone,2025,12,,,random_forest,0.5359069844921647,0,high
ETH:226d1f6c1998,2025-12-01,2026-01-01,Amhara,W Gojjam,Jabi Tehinan,2025,12,,,random_forest,0.5358920091546436,0,high
ETH:ET041001,2025-12-01,2026-01-01,Oromia,East Hararge,Kombolcha,2025,12,,,random_forest,0.5358672193712687,0,high
ETH:87acf83f0f9b,2025-12-01,2026-01-01,Amhara,North Gojjam,North Mecha,2025,12,,,random_forest,0.5358305262586366,0,high
ETH:e7003fc476d4,2025-12-01,2026-01-01,Amhara,East Gojjam,Enebse Sarmder,2025,12,,,random_forest,0.5356683124665577,0,high
ETH:06fe51b896e7,2025-12-01,2026-01-01,Addis Ababa,Lideta,LID_07,2025,12,,,random_forest,0.5356578735298977,0,high
ETH:ET040808,2025-12-01,2026-01-01,Oromia,Arsi,Sude,2025,12,,,random_forest,0.5355904037851286,0,high
ETH:723fa75a0959,2025-12-01,2026-01-01,Afar,Afar 2,Megale,2025,12,,,random_forest,0.5355709116294786,0,high
ETH:e7aa5b927dcd,2025-12-01,2026-01-01,Sidama,Sidama,Bursa,2025,12,,,random_forest,0.535554831933111,0,high
ETH:ET081204,2025-12-01,2026-01-01,South Ethiopia,South Omo,Malie,2025,12,,,random_forest,0.5355303339412745,0,high
ETH:ET041106,2025-12-01,2026-01-01,Oromia,Bale,Gasera,2025,12,,,random_forest,0.5354936391237973,0,high
ETH:ET030510,2025-12-01,2026-01-01,Amhara,North Shewa (AM),Tarema Ber,2025,12,,,random_forest,0.535212700465728,0,high
ETH:16fbbefe01cf,2025-12-01,2026-01-01,Oromia,Finfine Zuria,Sebeta town,2025,12,,,random_forest,0.5352101391688645,0,high
ETH:ET041007,2025-12-01,2026-01-01,Oromia,East Hararge,Kurfa Chele,2025,12,,,random_forest,0.5351655463938947,0,high
ETH:82250ccdd1e7,2025-12-01,2026-01-01,Dire Dawa,Jeldessa,Jeldessa,2025,12,,,random_forest,0.5351493576537698,0,high
ETH:ET050293,2025-12-01,2026-01-01,Somali,Fafan,Jigjiga town,2025,12,,,random_forest,0.5347247547099081,0,high
ETH:9db5dc1cc985,2025-12-01,2026-01-01,Amhara,N Shewa,Menz Keya,2025,12,,,random_forest,0.5346581802120012,0,high
ETH:dc60d00df5d0,2025-12-01,2026-01-01,Sidama,Sidama,Bensa,2025,12,,,random_forest,0.5345745189637111,0,high
ETH:725f4665bd1b,2025-12-01,2026-01-01,Oromia,East Shoa,ADAMA,2025,12,,,random_forest,0.5345476670296279,0,high
ETH:a7b451ab7b2d,2025-12-01,2026-01-01,Addis Ababa,Bole,BOL_06,2025,12,,,random_forest,0.5344914978780085,0,high
ETH:19a80f84574a,2025-12-01,2026-01-01,Oromia,East Shoa,Bishoftu town,2025,12,,,random_forest,0.5343972037498628,0,high
ETH:8c12a4b3d49c,2025-12-01,2026-01-01,Oromia,W Wellega,Mendi Town,2025,12,,,random_forest,0.5343096870483844,0,high
ETH:ET040809,2025-12-01,2026-01-01,Oromia,Arsi,Chole,2025,12,,,random_forest,0.534278147805543,0,high
ETH:a61e756c18ca,2025-12-01,2026-01-01,South West Ethiopia,Kefa,Tello,2025,12,,,random_forest,0.5342484939702472,0,high
ETH:41c1b16ac722,2025-12-01,2026-01-01,Oromia,W Wellega,Guliso,2025,12,,,random_forest,0.534222735735411,0,high
ETH:567e548f21fd,2025-12-01,2026-01-01,Amhara,West Gojjam,Bure (AM),2025,12,,,random_forest,0.5342203763808218,0,high
ETH:8bb41c9cd872,2025-12-01,2026-01-01,Somali,Shabele,Ferfer,2025,12,,,random_forest,0.5340486235749429,0,high
ETH:529342e4e8c1,2025-12-01,2026-01-01,South West Ethiopia,Kefa,Telo,2025,12,,,random_forest,0.5340107531828302,0,high
ETH:ET041501,2025-12-01,2026-01-01,Oromia,West Guji,Bule hora,2025,12,,,random_forest,0.5339752646003392,0,high
ETH:3dff319f317f,2025-12-01,2026-01-01,Oromia,East Shoa,Adama Tulu Jido Kombolcha,2025,12,,,random_forest,0.5339446932664625,0,high
ETH:ET041404,2025-12-01,2026-01-01,Oromia,Guji,Wadera,2025,12,,,random_forest,0.5338944958099058,0,high
ETH:770c3ee82d7a,2025-12-01,2026-01-01,Oromia,West Shoa,Meta Walkite,2025,12,,,random_forest,0.5338189423150614,0,high
ETH:ET040814,2025-12-01,2026-01-01,Oromia,Arsi,Shirka,2025,12,,,random_forest,0.5338132679986255,0,high
ETH:d84c5d2e4211,2025-12-01,2026-01-01,Sidama,Sidama,Chirie,2025,12,,,random_forest,0.5336464917414051,0,high
ETH:4d22b2cc0af8,2025-12-01,2026-01-01,Amhara,Bahir Dar town,Bahir Dar town,2025,12,,,random_forest,0.5335327570388712,0,high
ETH:5688c3e9260a,2025-12-01,2026-01-01,Amhara,East Gojjam,Mota town,2025,12,,,random_forest,0.5335157174515156,0,high
ETH:a69999373004,2025-12-01,2026-01-01,Oromia,West Harerghe,Habro,2025,12,,,random_forest,0.5334786138352197,0,high
ETH:ET040824,2025-12-01,2026-01-01,Oromia,Arsi,Inkolo Wabe,2025,12,,,random_forest,0.5334656383594294,0,high
ETH:b621b2ff75ef,2025-12-01,2026-01-01,Amhara,W Gojjam,South Achefer,2025,12,,,random_forest,0.5332829257370179,0,high
ETH:ET040314,2025-12-01,2026-01-01,Oromia,Ilu Aba Bora,Becho (Ilu Aba Bora),2025,12,,,random_forest,0.5329652867265924,0,high
ETH:878375456b15,2025-12-01,2026-01-01,Amhara,South Gonder,Libokemekem,2025,12,,,random_forest,0.5327520909737369,0,high
ETH:ET041308,2025-12-01,2026-01-01,Oromia,South West Shewa,Tole,2025,12,,,random_forest,0.5325976488569755,0,high
ETH:00e7b7f75cd6,2025-12-01,2026-01-01,Addis Ababa,Arada,ARA_09,2025,12,,,random_forest,0.5323967446500604,0,high
ETH:5a320d6ab51f,2025-12-01,2026-01-01,Oromia,W Arsi,Kore,2025,12,,,random_forest,0.5321697449213209,0,high
ETH:0453373b9c4e,2025-12-01,2026-01-01,Somali,Dawa,Hudet,2025,12,,,random_forest,0.5319631872748161,0,high
ETH:138ac1af8a34,2025-12-01,2026-01-01,Oromia,W Arsi,Nensebo,2025,12,,,random_forest,0.5318736966796902,0,high
ETH:ET040107,2025-12-01,2026-01-01,Oromia,West Wellega,Ayira,2025,12,,,random_forest,0.5318453828348819,0,high
ETH:0a752a31870d,2025-12-01,2026-01-01,Amhara,North Shewa,Antsokiya,2025,12,,,random_forest,0.5318326446833045,0,high
ETH:90652f074d0b,2025-12-01,2026-01-01,Oromia,W Shoa,Bako Tibe,2025,12,,,random_forest,0.531748423887038,0,high
ETH:dc12ae0dfd92,2025-12-01,2026-01-01,Oromia,Modjo town,Modjo town,2025,12,,,random_forest,0.5316085585015262,0,high
ETH:1f64e2134b66,2025-12-01,2026-01-01,Afar,Afar 3,Awash Fentale,2025,12,,,random_forest,0.5315744676706179,0,high
ETH:badc3b077704,2025-12-01,2026-01-01,Oromia,Shaggar City,Koye Fache sub city,2025,12,,,random_forest,0.5314005937728719,0,high
ETH:60d4f792508a,2025-12-01,2026-01-01,Dire Dawa,Biyoawale,Biyoawale,2025,12,,,random_forest,0.5313603281447848,0,high
ETH:99278f67ee28,2025-12-01,2026-01-01,Amhara,N Shewa,Basona Wrena,2025,12,,,random_forest,0.5311504220145583,0,high
ETH:9fbee1ad952c,2025-12-01,2026-01-01,Oromia,Asela Town,Asela Town,2025,12,,,random_forest,0.5310929991647322,0,high
ETH:ET040825,2025-12-01,2026-01-01,Oromia,Arsi,Asela town,2025,12,,,random_forest,0.5309690565172225,0,high
ETH:623adb25aa61,2025-12-01,2026-01-01,Oromia,Arsi,Robe Town,2025,12,,,random_forest,0.5309435716144257,0,high
ETH:257eccc7b352,2025-12-01,2026-01-01,Amhara,West Gojjam,Debub Achefer,2025,12,,,random_forest,0.5308031320879562,0,high
ETH:766f7b6ea723,2025-12-01,2026-01-01,Addis Ababa,Nifas Silk Lafto,NSL_08,2025,12,,,random_forest,0.5307618706963938,0,high
ETH:0e95aa067a47,2025-12-01,2026-01-01,Amhara,South Gonder,Estie,2025,12,,,random_forest,0.5306774915729097,0,high
ETH:957ec3f9a27e,2025-12-01,2026-01-01,Oromia,Shaggar City,Burayu sub city,2025,12,,,random_forest,0.5306221787917663,0,high
ETH:3e119ed3643e,2025-12-01,2026-01-01,Amhara,North Shewa,Ensaro,2025,12,,,random_forest,0.5305511420320712,0,high
ETH:ET040106,2025-12-01,2026-01-01,Oromia,West Wellega,Boji Dirmeji,2025,12,,,random_forest,0.5303542754551718,0,high
ETH:808f54637417,2025-12-01,2026-01-01,Benishangul Gumuz,Asossa,Assosa,2025,12,,,random_forest,0.5300634173282467,0,high
ETH:78faa85cee4d,2025-12-01,2026-01-01,Oromia,W Harerghe,Habro,2025,12,,,random_forest,0.5299840442825752,0,high
ETH:5baf8c0a3454,2025-12-01,2026-01-01,Amhara,Wag Himra,Sekota,2025,12,,,random_forest,0.5296089781772825,0,high
ETH:6132d302f0ee,2025-12-01,2026-01-01,Sidama,Sidama,Loka,2025,12,,,random_forest,0.5291744790805257,0,high
ETH:4c0146047225,2025-12-01,2026-01-01,Amhara,Kombolcha town,Kombolcha town,2025,12,,,random_forest,0.5291081619939118,0,high
ETH:87a2f6213237,2025-12-01,2026-01-01,Addis Ababa,Bole,BOL_13,2025,12,,,random_forest,0.5286187536502681,0,high
ETH:966d515b079a,2025-12-01,2026-01-01,Oromia,E Wellega,Sasiga,2025,12,,,random_forest,0.5286040693835524,0,high
ETH:78ffde3d1268,2025-12-01,2026-01-01,Amhara,AWI,Chagini Town,2025,12,,,random_forest,0.5285895155851957,0,high
ETH:2ea14a1555d2,2025-12-01,2026-01-01,Oromia,East Harerghe,Chinaksen,2025,12,,,random_forest,0.5281719281176465,0,high
ETH:ca6cf0d4da34,2025-12-01,2026-01-01,Addis Ababa,Nifas Silk Lafto,NSL_04,2025,12,,,random_forest,0.52816613718565,0,high
ETH:5e8f625cd9de,2025-12-01,2026-01-01,Afar,Afar 3,Amibara,2025,12,,,random_forest,0.5281620789370801,0,high
ETH:b912f831c8d4,2025-12-01,2026-01-01,Sidama,Sidama,Hawella,2025,12,,,random_forest,0.5281583592879081,0,high
ETH:ET042106,2025-12-01,2026-01-01,Oromia,East Bale,Dawe Ketchen,2025,12,,,random_forest,0.5280556622149839,0,high
ETH:22f3c52f07d1,2025-12-01,2026-01-01,Amhara,South Gonder,Fogera,2025,12,,,random_forest,0.5279447282645572,0,high
ETH:ca9dba61dd6f,2025-12-01,2026-01-01,Benishangul Gumuz,Kemashi,KAMASHI,2025,12,,,random_forest,0.5278787232761568,0,high
ETH:b4f13044d222,2025-12-01,2026-01-01,Addis Ababa,Bole,BOL_03,2025,12,,,random_forest,0.5277191626655315,0,high
ETH:7987791be49c,2025-12-01,2026-01-01,Amhara,East Gojjam,Debay Telatgen,2025,12,,,random_forest,0.5275212439265122,0,high
ETH:6760ce8e8afe,2025-12-01,2026-01-01,Oromia,West Harerghe,Hirna town,2025,12,,,random_forest,0.527445845695468,0,high
ETH:99915a35f5ab,2025-12-01,2026-01-01,Oromia,East Borena,Negele Borana town,2025,12,,,random_forest,0.5273332225463764,0,high
ETH:01079f5639b0,2025-12-01,2026-01-01,Addis Ababa,Yeka,YEK_09,2025,12,,,random_forest,0.5271822349388607,0,high
ETH:accf1399743d,2025-12-01,2026-01-01,Addis Ababa,Akaki Kality,AKK_07,2025,12,,,random_forest,0.5271468675039919,0,high
ETH:106cd76a7ed6,2025-12-01,2026-01-01,Oromia,W Arsi,Shashemene Zuria,2025,12,,,random_forest,0.5271217245394536,0,high
ETH:ET070302,2025-12-01,2026-01-01,Central Ethiopia,Kembata,ANGACHA,2025,12,0.0,0.0,random_forest,0.527079827918813,0,high
ETH:8d1b8ce00339,2025-12-01,2026-01-01,Addis Ababa,Gulelle,GUL_03,2025,12,,,random_forest,0.5268157652462326,0,high
ETH:ET070217,2025-12-01,2026-01-01,Central Ethiopia,Hadiya,Mirab Soro,2025,12,,,random_forest,0.5267665517922449,0,high
ETH:aaf1a0bb1921,2025-12-01,2026-01-01,Amhara,North Shewa,Mida Woremo,2025,12,,,random_forest,0.5267252115968607,0,high
ETH:686e3077d7e5,2025-12-01,2026-01-01,Oromia,Jimma,Mana,2025,12,,,random_forest,0.5265302886218904,0,high
ETH:46372bfbdb98,2025-12-01,2026-01-01,Addis Ababa,Kirkos,CHK_05,2025,12,,,random_forest,0.5264674724672654,0,high
ETH:37150619c558,2025-12-01,2026-01-01,Afar,Afar 1,Chifra,2025,12,,,random_forest,0.5262658196623078,0,high
ETH:c8088bbc4c5e,2025-12-01,2026-01-01,South West Ethiopia,West Omo,Menit Goldia,2025,12,,,random_forest,0.5260782730995769,0,high
ETH:4c615cc66275,2025-12-01,2026-01-01,Addis Ababa,YEKA,YEK_08,2025,12,,,random_forest,0.5259403391961381,0,high
ETH:2b7e0fea68e9,2025-12-01,2026-01-01,Addis Ababa,Kirkos,CHK_01,2025,12,,,random_forest,0.5258930629913657,0,high
ETH:a859af729f24,2025-12-01,2026-01-01,Addis Ababa,Lemi Kura,LEK_05,2025,12,,,random_forest,0.5258155936117141,0,high
ETH:8d699e99c67c,2025-12-01,2026-01-01,Oromia,E Shoa,Ada'a,2025,12,,,random_forest,0.525781720761426,0,high
ETH:6ae8a0076000,2025-12-01,2026-01-01,Amhara,S Gonder,Debre tabor,2025,12,,,random_forest,0.5256369724248616,0,high
ETH:ET041109,2025-12-01,2026-01-01,Oromia,Bale,Sinana,2025,12,,,random_forest,0.5256248748671382,0,high
ETH:acb8b08a6ff5,2025-12-01,2026-01-01,Oromia,Shaggar City,Kura Jida,2025,12,,,random_forest,0.5255233734839154,0,high
ETH:58a9b0526d28,2025-12-01,2026-01-01,Sidama,Sidama,Gorchie,2025,12,,,random_forest,0.5254352037795047,0,high
ETH:fd279ad16c62,2025-12-01,2026-01-01,Afar,Afar 3,Awash,2025,12,,,random_forest,0.5253546097859879,0,high
ETH:7d75516a68dd,2025-12-01,2026-01-01,Sidama,Northern Sidama,Leku Town,2025,12,,,random_forest,0.5251529068325631,0,high
ETH:ET040417,2025-12-01,2026-01-01,Oromia,Jimma,Agaro Town,2025,12,0.0,0.0,random_forest,0.5246575650552123,0,high
ETH:ET040117,2025-12-01,2026-01-01,Oromia,West Wellega,Homa,2025,12,,,random_forest,0.5244245556752821,0,high
ETH:d582b33d08f5,2025-12-01,2026-01-01,South Ethiopia,Wolayta,Damot Woide,2025,12,,,random_forest,0.5243230284061517,0,high
ETH:781d48b54b50,2025-12-01,2026-01-01,Somali,Liben,Fiiltu,2025,12,,,random_forest,0.5243211606311956,0,high
ETH:c5d1d3aa373b,2025-12-01,2026-01-01,Addis Ababa,Gulelle,GUL_10,2025,12,,,random_forest,0.5241048034770063,0,high
ETH:79d6d0933db9,2025-12-01,2026-01-01,Oromia,W Arsi,Bishan Guracha Town,2025,12,,,random_forest,0.5239594087692491,0,high
ETH:ET030595,2025-12-01,2026-01-01,Amhara,North Shewa (AM),Shoa Robit,2025,12,,,random_forest,0.5238872635682094,0,high
ETH:6bb13f45a62b,2025-12-01,2026-01-01,Amhara,East Gojjam,Aneded,2025,12,,,random_forest,0.5235114356610014,0,high
ETH:36a8266b6f24,2025-12-01,2026-01-01,Addis Ababa,Yeka,YEK_11,2025,12,,,random_forest,0.5233505514639724,0,high
ETH:6504f4162699,2025-12-01,2026-01-01,Oromia,Horo Guduru,Hababo Guduru,2025,12,,,random_forest,0.5232928056896831,0,high
ETH:cec5ddad7292,2025-12-01,2026-01-01,Sidama,Sidama,Dale,2025,12,,,random_forest,0.5228606858457012,0,high
ETH:9681846d98d9,2025-12-01,2026-01-01,Addis Ababa,Lemi Kura,LEK_09,2025,12,,,random_forest,0.522809114878228,0,high
ETH:a186ab22026e,2025-12-01,2026-01-01,Benishangul Gumuz,Asosa,Menge,2025,12,,,random_forest,0.522798231593579,0,high
ETH:141586943444,2025-12-01,2026-01-01,Addis Ababa,Lemi Kura,LEK_03,2025,12,,,random_forest,0.5226638067201216,0,high
ETH:ET030403,2025-12-01,2026-01-01,Amhara,South Wello,Kutaber,2025,12,,,random_forest,0.5226278372739511,0,high
ETH:61d98be4b3c6,2025-12-01,2026-01-01,Oromia,E Harerghe,Deder,2025,12,,,random_forest,0.5223003315783566,0,high
ETH:6bc94c442e9f,2025-12-01,2026-01-01,Amhara,S Wello,Delanta,2025,12,,,random_forest,0.5222169667989451,0,high
ETH:e24a4fc394ee,2025-12-01,2026-01-01,Oromia,East Hararge,Jarso (East Hararghe),2025,12,,,random_forest,0.5221367201774675,0,high
ETH:ET081112,2025-12-01,2026-01-01,South Ethiopia,Gedeo,Chelelektu town,2025,12,,,random_forest,0.521829374770791,0,high
ETH:9fd229fd0b4f,2025-12-01,2026-01-01,Sidama,Sidama,Bura,2025,12,,,random_forest,0.5213323611221332,0,high
ETH:184d256a6821,2025-12-01,2026-01-01,Addis Ababa,Nifas Silk Lafto,NSL_07,2025,12,,,random_forest,0.5209578261802964,0,high
ETH:f94451c8bb8c,2025-12-01,2026-01-01,Addis Ababa,Arada,ARA_08,2025,12,,,random_forest,0.5205400417742372,0,high
ETH:8cbb9f2e231b,2025-12-01,2026-01-01,Addis Ababa,Nifas Silk Lafto,NSL_03,2025,12,,,random_forest,0.5205053797514736,0,high
ETH:937a8417afc9,2025-12-01,2026-01-01,Oromia,Borena,Dhas,2025,12,,,random_forest,0.5204297723524774,0,high
ETH:57651e633070,2025-12-01,2026-01-01,Addis Ababa,Yeka,YEK_05,2025,12,,,random_forest,0.5202891510488373,0,high
ETH:73fd594e4ad4,2025-12-01,2026-01-01,Addis Ababa,Addis Ketema,ADK_12,2025,12,,,random_forest,0.5202608642258097,0,high
ETH:25cf5f514733,2025-12-01,2026-01-01,Amhara,South Gonder,Dera (AM),2025,12,,,random_forest,0.52008514135984,0,high
ETH:5991581a7a43,2025-12-01,2026-01-01,Amhara,S Wello,Mekdela,2025,12,,,random_forest,0.5199857397227536,0,high
ETH:4ea0745d955c,2025-12-01,2026-01-01,Sidama,Sidama,Melga,2025,12,,,random_forest,0.5198371802488383,0,high
ETH:ET041290,2025-12-01,2026-01-01,Oromia,Borena,Guchi,2025,12,,,random_forest,0.5196813142514546,0,high
ETH:ET041301,2025-12-01,2026-01-01,Oromia,South West Shewa,Ameya,2025,12,,,random_forest,0.5193220136325101,0,high
ETH:772077ec6788,2025-12-01,2026-01-01,Afar,Afar 1,Adar,2025,12,,,random_forest,0.5192632587624791,0,high
ETH:9e152597d5b9,2025-12-01,2026-01-01,Amhara,W Gojjam,Wemberma,2025,12,,,random_forest,0.5192155822517037,0,high
ETH:feea0d346d03,2025-12-01,2026-01-01,Addis Ababa,Akaki Kality,AKK_05,2025,12,,,random_forest,0.5191921188643326,0,high
ETH:5e500e5c053e,2025-12-01,2026-01-01,Oromia,East Shoa,Mojo Town,2025,12,,,random_forest,0.5191811379007165,0,high
ETH:4c8dc4132314,2025-12-01,2026-01-01,Amhara,S Gonder,Sedie Muja,2025,12,,,random_forest,0.5189972217568796,0,high
ETH:b5433e58d743,2025-12-01,2026-01-01,Oromia,Woliso town,Woliso town,2025,12,,,random_forest,0.5189143559078415,0,high
ETH:cb294b052fd1,2025-12-01,2026-01-01,Addis Ababa,Kolfe Keraniyo,KOK_08,2025,12,,,random_forest,0.5188521827191648,0,high
ETH:45278d2bd76e,2025-12-01,2026-01-01,Addis Ababa,Lemi Kura,LEK_14,2025,12,,,random_forest,0.5186748639466098,0,high
ETH:75f8d106cb65,2025-12-01,2026-01-01,Addis Ababa,Gulelle,GUL_01,2025,12,,,random_forest,0.5183568158498838,0,high
ETH:ET050306,2025-12-01,2026-01-01,Somali,Jarar,Bilcil-Bur,2025,12,,,random_forest,0.51835094335212,0,high
ETH:ea017a31b784,2025-12-01,2026-01-01,Addis Ababa,Kolfe Keraniyo,KOK_02,2025,12,,,random_forest,0.5182292095622058,0,high
ETH:39a20e53b536,2025-12-01,2026-01-01,Amhara,Central Gonder,Chilga 1,2025,12,,,random_forest,0.518165980731925,0,high
ETH:a06a9795a67a,2025-12-01,2026-01-01,Addis Ababa,Gulelle,GUL_09,2025,12,,,random_forest,0.5180560709085399,0,high
ETH:7f30ecda1eee,2025-12-01,2026-01-01,Addis Ababa,Yeka,YEK_08,2025,12,,,random_forest,0.5178755347456429,0,high
ETH:118ed84f0831,2025-12-01,2026-01-01,Addis Ababa,Bole,BOL_07,2025,12,,,random_forest,0.5170800124976194,0,high
ETH:ET041606,2025-12-01,2026-01-01,Oromia,Buno Bedele,Gechi,2025,12,,,random_forest,0.5166083205582838,0,high
ETH:709a67543449,2025-12-01,2026-01-01,Addis Ababa,Kirkos,CHK_08,2025,12,,,random_forest,0.516355571908723,0,high
ETH:d71ddcc9dabb,2025-12-01,2026-01-01,Amhara,Central Gonder,Gondar town,2025,12,,,random_forest,0.5163341354097747,0,high
ETH:4a879a38aac7,2025-12-01,2026-01-01,Amhara,S Wello,Legambo,2025,12,,,random_forest,0.5163124016072229,0,high
ETH:97e558e07359,2025-12-01,2026-01-01,Sidama,Sidama,Wonsho,2025,12,,,random_forest,0.5162576569150737,0,high
ETH:e44ded01a71c,2025-12-01,2026-01-01,Oromia,N Shoa,Fiche Town,2025,12,,,random_forest,0.5160983620642591,0,high
ETH:3612c55b8365,2025-12-01,2026-01-01,Oromia,Shaggar City,Sebeta sub city,2025,12,,,random_forest,0.5160907992839365,0,high
ETH:1fe6528228f7,2025-12-01,2026-01-01,Afar,Afar 4,Awra,2025,12,,,random_forest,0.515977676190519,0,high
ETH:8b99ab4cb5c1,2025-12-01,2026-01-01,Addis Ababa,Addis Ketema,ADK_06,2025,12,,,random_forest,0.5159710645841762,0,high
ETH:faa83a6dcf97,2025-12-01,2026-01-01,Addis Ababa,Gulelle,GUL_07,2025,12,,,random_forest,0.515843002227981,0,high
ETH:aadb8648f95b,2025-12-01,2026-01-01,Addis Ababa,Kirkos,CHK_02,2025,12,,,random_forest,0.5154714826795843,0,high
ETH:3a86696d576d,2025-12-01,2026-01-01,Addis Ababa,Nifas Silk Lafto,NSL_12,2025,12,,,random_forest,0.5153822336923293,0,high
ETH:130e0aaaf6c5,2025-12-01,2026-01-01,Addis Ababa,Arada,GUL_08,2025,12,,,random_forest,0.5153813332312169,0,high
ETH:1b7574b4831a,2025-12-01,2026-01-01,Addis Ababa,Lideta,LID_10,2025,12,,,random_forest,0.5153695855266524,0,high
ETH:aa3c11c17101,2025-12-01,2026-01-01,Amhara,Waghimra,Dehana,2025,12,,,random_forest,0.5152517968656191,0,high
ETH:147f60dc3fd0,2025-12-01,2026-01-01,Oromia,Guji,Adola town/Adola Wayu,2025,12,,,random_forest,0.5149514312774605,0,high
ETH:6a0b8ed67da8,2025-12-01,2026-01-01,Oromia,E Shoa,Adami Tulu Jido Kombolcha,2025,12,,,random_forest,0.5149276086087213,0,high
ETH:39c9a148c729,2025-12-01,2026-01-01,Addis Ababa,Addis Ketema,ADK_04,2025,12,,,random_forest,0.5148790647147534,0,high
ETH:61281a3ff925,2025-12-01,2026-01-01,Addis Ababa,Akaki Kality,AKK_09,2025,12,,,random_forest,0.5143026053652027,0,high
ETH:e7fd9368abd5,2025-12-01,2026-01-01,Oromia,E Wellega,Gida Ayana,2025,12,,,random_forest,0.5141744174770176,0,high
ETH:63bd0a2d4726,2025-12-01,2026-01-01,Addis Ababa,Lideta,LID_03,2025,12,,,random_forest,0.5139752643337192,0,high
ETH:d89c1e792bd8,2025-12-01,2026-01-01,Amhara,Waghimra,Abergele (AM),2025,12,,,random_forest,0.5139572136512707,0,high
ETH:5f47e6d2c3bc,2025-12-01,2026-01-01,Addis Ababa,Lideta,LID_08,2025,12,,,random_forest,0.5139080171530149,0,high
ETH:77546e50211d,2025-12-01,2026-01-01,Addis Ababa,Akaki Kality,AKK_13,2025,12,,,random_forest,0.5130769213815527,0,high
ETH:8c12df31b914,2025-12-01,2026-01-01,Addis Ababa,Yeka,YEK_10,2025,12,,,random_forest,0.5126806722948452,0,high
ETH:3c22401a2962,2025-12-01,2026-01-01,Addis Ababa,Kolfe Keraniyo,KOK_07,2025,12,,,random_forest,0.512503176373386,0,high
ETH:81c7ecc44d7f,2025-12-01,2026-01-01,Addis Ababa,Kolfe Keraniyo,KOK_05,2025,12,,,random_forest,0.5122863950175874,0,high
ETH:a91b62c093e9,2025-12-01,2026-01-01,Addis Ababa,Arada,ARA_01,2025,12,,,random_forest,0.5122832858141317,0,high
ETH:7bf3292c4879,2025-12-01,2026-01-01,Addis Ababa,Addis Ketema,ADK_10,2025,12,,,random_forest,0.5122115188258966,0,high
ETH:84af2826f553,2025-12-01,2026-01-01,Benishangul Gumuz,Asossa,ASsOSA,2025,12,,,random_forest,0.5120679945987452,0,high
ETH:ET041009,2025-12-01,2026-01-01,Oromia,East Hararge,Meta,2025,12,,,random_forest,0.5120430724244882,0,high
ETH:300610666188,2025-12-01,2026-01-01,Addis Ababa,Kirkos,CHK_04,2025,12,,,random_forest,0.5119272559632955,0,high
ETH:ET041219,2025-12-01,2026-01-01,Oromia,Borena,Dilo,2025,12,,,random_forest,0.5118044160953782,0,high
ETH:412edde31189,2025-12-01,2026-01-01,Oromia,East Hararge,Haromaya town,2025,12,,,random_forest,0.511770645024217,0,high
ETH:3fd3106aab0e,2025-12-01,2026-01-01,Addis Ababa,Kolfe Keraniyo,KOK_03,2025,12,,,random_forest,0.5112638424080177,0,high
ETH:8bc147f9211f,2025-12-01,2026-01-01,Addis Ababa,Lemi Kura,LEK_06,2025,12,,,random_forest,0.5112163997197938,0,high
ETH:439f2513b26b,2025-12-01,2026-01-01,Addis Ababa,Yeka,YEK_01,2025,12,,,random_forest,0.5111751189130286,0,high
ETH:cde5d450f019,2025-12-01,2026-01-01,Oromia,West Harerghe,Goba Koricha,2025,12,,,random_forest,0.5109348927586778,0,high
ETH:919e898e7833,2025-12-01,2026-01-01,Amhara,N Shewa,Shewarobit,2025,12,,,random_forest,0.5108586173327804,0,high
ETH:ET030519,2025-12-01,2026-01-01,Amhara,North Shewa (AM),Basona Worena,2025,12,,,random_forest,0.5106386034049585,0,high
ETH:d4b92d0b4a6e,2025-12-01,2026-01-01,Afar,Afar 1,Samera Logiya town,2025,12,,,random_forest,0.510569928276192,0,high
ETH:f3a807ff0bb5,2025-12-01,2026-01-01,Addis Ababa,Bole,BOL_12,2025,12,,,random_forest,0.5103218438158486,0,high
ETH:99dcf7940627,2025-12-01,2026-01-01,Amhara,S Wello,Werebabo,2025,12,,,random_forest,0.5100991668023676,0,high
ETH:ee42f2691d68,2025-12-01,2026-01-01,Addis Ababa,Gulelle,GUL_06,2025,12,,,random_forest,0.5100751033364329,0,high
ETH:ca5152e928f3,2025-12-01,2026-01-01,Amhara,North Shewa,Berehet,2025,12,,,random_forest,0.5100491369534152,0,high
ETH:ET030906,2025-12-01,2026-01-01,Amhara,Awi,Jawi,2025,12,,,random_forest,0.5098190617330063,0,high
ETH:d49bf2e5588e,2025-12-01,2026-01-01,Addis Ababa,Yeka,YEK_04,2025,12,,,random_forest,0.5097454886780698,0,high
ETH:a0c8f4a7d001,2025-12-01,2026-01-01,SNNPR,South Omo,Jinka Town,2025,12,,,random_forest,0.5096205109651658,0,high
ETH:40113e7b8719,2025-12-01,2026-01-01,Amhara,N Gonder,Janamora,2025,12,,,random_forest,0.5094094236152399,0,high
ETH:f1824daeca03,2025-12-01,2026-01-01,Addis Ababa,Bole,BOL_05,2025,12,,,random_forest,0.5093544181768165,0,high
ETH:f3c2370e7e4e,2025-12-01,2026-01-01,Oromia,N Shoa,Kuyu,2025,12,,,random_forest,0.5084209235785664,0,high
ETH:9d4f9b6da9ce,2025-12-01,2026-01-01,Addis Ababa,Lemi Kura,LEK_13,2025,12,,,random_forest,0.5082626945476222,0,high
ETH:0367c898b54b,2025-12-01,2026-01-01,Amhara,East Gojjam,Debre Markos town,2025,12,,,random_forest,0.5081830257998425,0,high
ETH:701d636acce7,2025-12-01,2026-01-01,Somali,Shabele,GODE,2025,12,,,random_forest,0.5080542151915884,0,high
ETH:3a0c281af501,2025-12-01,2026-01-01,Addis Ababa,Lideta,LID_04,2025,12,,,random_forest,0.5079563315196854,0,high
ETH:b7d4b39d9d19,2025-12-01,2026-01-01,Addis Ababa,Kolfe Keraniyo,KOK_01,2025,12,,,random_forest,0.5077130194917875,0,high
ETH:07b135b2decc,2025-12-01,2026-01-01,Addis Ababa,Nifas Silk Lafto,NSL_10,2025,12,,,random_forest,0.5073842345047028,0,high
ETH:b93dd38f3558,2025-12-01,2026-01-01,Addis Ababa,Lemi Kura,LEK_01,2025,12,,,random_forest,0.5070730350179085,0,high
ETH:bc973fab7872,2025-12-01,2026-01-01,Addis Ababa,Arada,ARA_07,2025,12,,,random_forest,0.5066958773726242,0,high
ETH:887da897f299,2025-12-01,2026-01-01,Addis Ababa,Lideta,LID_06,2025,12,,,random_forest,0.5066585572548896,0,high
ETH:f49d9fcbbd58,2025-12-01,2026-01-01,Addis Ababa,Addis Ketema,ADK_11,2025,12,,,random_forest,0.506590254120937,0,high
ETH:ET040212,2025-12-01,2026-01-01,Oromia,East Wellega,Leka Dulecha,2025,12,,,random_forest,0.5064006995699494,0,high
ETH:c65de9718397,2025-12-01,2026-01-01,Oromia,Ambo town,Ambo town,2025,12,,,random_forest,0.5063938423129932,0,high
ETH:cf6b93e3ce48,2025-12-01,2026-01-01,Addis Ababa,Lideta,LID_01,2025,12,,,random_forest,0.5063820274402518,0,high
ETH:ET040215,2025-12-01,2026-01-01,Oromia,East Wellega,NUNU KUMBA,2025,12,0.0,0.0,random_forest,0.5062641177526215,0,high
ETH:ET030302,2025-12-01,2026-01-01,Amhara,North Wello,Raya Kobo,2025,12,,,random_forest,0.5062533634584635,0,high
ETH:c0d08e464ae8,2025-12-01,2026-01-01,Central Ethiopia,Silite,Alicho Woriro,2025,12,,,random_forest,0.5062106474829396,0,high
ETH:e690fedd9dfd,2025-12-01,2026-01-01,Addis Ababa,Nifas Silk Lafto,NSL_06,2025,12,,,random_forest,0.5059572807782555,0,high
ETH:ET041492,2025-12-01,2026-01-01,Oromia,Guji,Adola Town,2025,12,,,random_forest,0.5057627220039749,0,high
ETH:c9e1b7253507,2025-12-01,2026-01-01,Addis Ababa,Bole,BOL_02,2025,12,,,random_forest,0.5057298819211654,0,high
ETH:e72b563b9f2c,2025-12-01,2026-01-01,Addis Ababa,Arada,ARA_06,2025,12,,,random_forest,0.5057295522335109,0,high
ETH:e7391b8db28d,2025-12-01,2026-01-01,Addis Ababa,Nifas Silk Lafto,NSL_11,2025,12,,,random_forest,0.5055495203244076,0,high
ETH:b752df7e41a3,2025-12-01,2026-01-01,Addis Ababa,Arada,ARA_03,2025,12,,,random_forest,0.505482521396203,0,high
ETH:70136669f1e7,2025-12-01,2026-01-01,Oromia,Jimma town,Jimma town,2025,12,,,random_forest,0.505394717798845,0,high
ETH:5ebd2d58da37,2025-12-01,2026-01-01,Oromia,Ambo Town,Ambo Town,2025,12,,,random_forest,0.5053692260891886,0,high
ETH:71e9864fcc96,2025-12-01,2026-01-01,Addis Ababa,Akaki Kality,AKK_06,2025,12,,,random_forest,0.5053210730295761,0,high
ETH:c85c05a28097,2025-12-01,2026-01-01,Addis Ababa,Addis Ketema,ADK_08,2025,12,,,random_forest,0.5049438021957922,0,high
ETH:d2cf5e5a3a0a,2025-12-01,2026-01-01,Somali,Liben,Hudet,2025,12,,,random_forest,0.5049437080131659,0,high
ETH:e9f1bdc0178d,2025-12-01,2026-01-01,Sidama,Central Sidama,Yirgalem Town,2025,12,,,random_forest,0.504873334202019,0,high
ETH:ET030996,2025-12-01,2026-01-01,Amhara,Awi,Injibara town,2025,12,,,random_forest,0.5048611468761383,0,high
ETH:7ebbc1dc74ba,2025-12-01,2026-01-01,SNNPR,Silite,Lanfero,2025,12,,,random_forest,0.5047193141999736,0,high
ETH:adc17eeca322,2025-12-01,2026-01-01,Addis Ababa,Addis Ketema,ADK_14,2025,12,,,random_forest,0.5045454611370072,0,high
ETH:7d9311aea13d,2025-12-01,2026-01-01,Addis Ababa,Bole,BOL_01,2025,12,,,random_forest,0.5035002691195002,0,high
ETH:54ad2c8add05,2025-12-01,2026-01-01,Addis Ababa,Kolfe Keraniyo,CHK_03,2025,12,,,random_forest,0.5034039255963594,0,high
ETH:ET030307,2025-12-01,2026-01-01,Amhara,North Wello,Guba Lafto,2025,12,,,random_forest,0.5031945993897948,0,high
ETH:bf94f394cd1b,2025-12-01,2026-01-01,Addis Ababa,Lideta,NSL_03,2025,12,,,random_forest,0.5031785229348278,0,high
ETH:ET110103,2025-12-01,2026-01-01,South West Ethiopia,Sheka,Yeki,2025,12,,,random_forest,0.5031271031659634,0,high
ETH:4ec944ebe568,2025-12-01,2026-01-01,Amhara,East Gojjam,Shebel Bernta,2025,12,,,random_forest,0.5030724143480902,0,high
ETH:e98aada9da79,2025-12-01,2026-01-01,Oromia,Shaggar City,Mana Abichu sub city,2025,12,,,random_forest,0.5025581568132514,0,high
ETH:6a0ba2d78336,2025-12-01,2026-01-01,Addis Ababa,Yeka,YEK_02,2025,12,,,random_forest,0.5022813328262433,0,high
ETH:2edb7e6d80ca,2025-12-01,2026-01-01,Addis Ababa,Bole,BOL_14,2025,12,,,random_forest,0.5021797043415737,0,high
ETH:0a1ebbae8e7a,2025-12-01,2026-01-01,Addis Ababa,Akaki Kality,AKK_11,2025,12,,,random_forest,0.5020809194076118,0,high
ETH:629134d42092,2025-12-01,2026-01-01,Somali,Korahe,Kebridahar,2025,12,,,random_forest,0.5019060073389845,0,high
ETH:cb6b1de61b10,2025-12-01,2026-01-01,Amhara,W Gojjam,Bure zuria,2025,12,,,random_forest,0.5018249086440665,0,high
ETH:1b82d9cd0e86,2025-12-01,2026-01-01,Addis Ababa,Akaki Kality,AKK_02,2025,12,,,random_forest,0.5016767600170082,0,high
ETH:1c1d7cd1fdcf,2025-12-01,2026-01-01,Addis Ababa,Kolfe Keraniyo,KOK_04,2025,12,,,random_forest,0.5016453574423035,0,high
ETH:81fd334424da,2025-12-01,2026-01-01,Addis Ababa,Addis Ketema,ADK_05,2025,12,,,random_forest,0.501453816398752,0,high
ETH:bcdd633593a3,2025-12-01,2026-01-01,Addis Ababa,Akaki Kality,AKK_01,2025,12,,,random_forest,0.501441161810098,0,high
ETH:49815e727087,2025-12-01,2026-01-01,Somali,Siti,Meiso,2025,12,,,random_forest,0.5011607273685884,0,high
ETH:901846457b51,2025-12-01,2026-01-01,Amhara,S Gonder,Mena Meketewa,2025,12,,,random_forest,0.5008489423868363,0,high
ETH:a6dfe9b51775,2025-12-01,2026-01-01,Amhara,S Wello,Kalu,2025,12,,,random_forest,0.5007566741624507,0,high
ETH:800c833f6863,2025-12-01,2026-01-01,Amhara,South Gonder,Guna Begemider,2025,12,,,random_forest,0.5006516599166876,0,high
ETH:3772b9cf8659,2025-12-01,2026-01-01,Addis Ababa,Arada,ARA_04,2025,12,,,random_forest,0.5004512315884848,0,high
ETH:2490cd5cd3bd,2025-12-01,2026-01-01,Addis Ababa,Yeka,YEK_12,2025,12,,,random_forest,0.5003713144592827,0,high
ETH:1ae99226ad23,2025-12-01,2026-01-01,Addis Ababa,Akaki Kality,AKK_10,2025,12,,,random_forest,0.5002277696763542,0,high
ETH:099abeaeac57,2025-12-01,2026-01-01,Oromia,W Harerghe,Bedesa Town,2025,12,,,random_forest,0.500118912149892,0,high
ETH:d7dc46228236,2025-12-01,2026-01-01,Addis Ababa,Akaki Kality,AKK_03,2025,12,,,random_forest,0.49991315383833695,0,moderate
ETH:7678281dc3fa,2025-12-01,2026-01-01,Oromia,East Harerghe,Babile (OR),2025,12,,,random_forest,0.4998389152132631,0,moderate
ETH:e514046aa20f,2025-12-01,2026-01-01,SNNPR,Hadiya,Hosaena town,2025,12,,,random_forest,0.49981449871155587,0,moderate
ETH:deaae34879ae,2025-12-01,2026-01-01,Addis Ababa,Yeka,YEK_07,2025,12,,,random_forest,0.4996466698361806,0,moderate
ETH:80c0a465a42c,2025-12-01,2026-01-01,Oromia,W Harerghe,Gemechis,2025,12,,,random_forest,0.49960664312699615,0,moderate
ETH:3bc082a2b533,2025-12-01,2026-01-01,SNNPR,Kefa,Bonga,2025,12,,,random_forest,0.49943544329258976,0,moderate
ETH:d29faafd3058,2025-12-01,2026-01-01,Sidama,Sidama,Malga,2025,12,,,random_forest,0.49924290103728824,0,moderate
ETH:88195d46cce8,2025-12-01,2026-01-01,SNNPR,South Omo,Hamer,2025,12,,,random_forest,0.4989909723111367,0,moderate
ETH:e9fb2d9d91f7,2025-12-01,2026-01-01,Addis Ababa,Lemi Kura,LEK_04,2025,12,,,random_forest,0.49878099358974237,0,moderate
ETH:c19446a672ad,2025-12-01,2026-01-01,Addis Ababa,Lemi Kura,LEK_10,2025,12,,,random_forest,0.4987074407607521,0,moderate
ETH:e6f8a0e13fbc,2025-12-01,2026-01-01,Addis Ababa,Addis Ketema,ADK_09,2025,12,,,random_forest,0.49870452007806115,0,moderate
ETH:b46e81d05101,2025-12-01,2026-01-01,SNNPR,Gamo,Kemba,2025,12,,,random_forest,0.4986912942466573,0,moderate
ETH:b7ba28eedb10,2025-12-01,2026-01-01,SNNPR,Dawro,Loma,2025,12,,,random_forest,0.4985946199166001,0,moderate
ETH:ET041013,2025-12-01,2026-01-01,Oromia,East Hararge,Bedeno,2025,12,,,random_forest,0.49851145757920806,0,moderate
ETH:f3720348223d,2025-12-01,2026-01-01,SNNPR,Wolayta,Ofa,2025,12,,,random_forest,0.4981611907323292,0,moderate
ETH:ET050101,2025-12-01,2026-01-01,Somali,Siti,Ayisha,2025,12,,,random_forest,0.49798234960634385,0,moderate
ETH:96a94a9d8aaf,2025-12-01,2026-01-01,Amhara,E Gojjam,Bibugne,2025,12,,,random_forest,0.49727085076513455,0,moderate
ETH:00835d54e145,2025-12-01,2026-01-01,SNNPR,Wolayta,Damot Pulasa,2025,12,,,random_forest,0.4971533076866536,0,moderate
ETH:55ad17e4da99,2025-12-01,2026-01-01,Addis Ababa,Lideta,LID_05,2025,12,,,random_forest,0.49714293166235685,0,moderate
ETH:ET040805,2025-12-01,2026-01-01,Oromia,Arsi,Dodota,2025,12,,,random_forest,0.4968426675724954,0,moderate
ETH:5da1af2f810c,2025-12-01,2026-01-01,SNNPR,Burji Special Woreda,Burji Special Woreda,2025,12,,,random_forest,0.4966303987728107,0,moderate
ETH:4f3c15c7dacd,2025-12-01,2026-01-01,Tigray,Central Tigray,Adwa,2025,12,,,random_forest,0.49659781451670093,0,moderate
ETH:d8a0140fd63b,2025-12-01,2026-01-01,Amhara,West Gojjam,Bure town,2025,12,,,random_forest,0.49650584863171277,0,moderate
ETH:ET042101,2025-12-01,2026-01-01,Oromia,East Bale,Gololcha Bale,2025,12,,,random_forest,0.4962295141859524,0,moderate
ETH:20fcea893606,2025-12-01,2026-01-01,SNNPR,Kembata Tembaro,Doyogena,2025,12,,,random_forest,0.4962164835390098,0,moderate
ETH:efe6e7789aab,2025-12-01,2026-01-01,Oromia,Horo Guduru,Shambu Town,2025,12,,,random_forest,0.4958655896345412,0,moderate
ETH:d716a8725eb3,2025-12-01,2026-01-01,Amhara,Dessie City,Dessie,2025,12,,,random_forest,0.49566149213285277,0,moderate
ETH:8e0f1e251d7e,2025-12-01,2026-01-01,Oromia,North Shoa,Kuyu,2025,12,,,random_forest,0.4950107299753457,0,moderate
ETH:87eb427bf716,2025-12-01,2026-01-01,SNNPR,Silite,Sankura,2025,12,,,random_forest,0.4947670110699787,0,moderate
ETH:abe44d6f1d42,2025-12-01,2026-01-01,Amhara,East Gojjam,Hulet Ej Enese,2025,12,,,random_forest,0.4947526771588398,0,moderate
ETH:b4a3bd8594d6,2025-12-01,2026-01-01,SNNPR,Gamo,Kemba Town Admin,2025,12,,,random_forest,0.494610409639943,0,moderate
ETH:ed1506159ad4,2025-12-01,2026-01-01,Amhara,E Gojjam,Sedie,2025,12,,,random_forest,0.4942456738881461,0,moderate
ETH:74d85db9005a,2025-12-01,2026-01-01,SNNPR,Kembata Tembaro,Kacha Birra,2025,12,,,random_forest,0.4941751841728501,0,moderate
ETH:37c7c5e97e1b,2025-12-01,2026-01-01,SNNPR,Gamo,Bonke,2025,12,,,random_forest,0.493762545677216,0,moderate
ETH:fed92847c094,2025-12-01,2026-01-01,SNNPR,Hadiya,Lemmo,2025,12,,,random_forest,0.493254331837321,0,moderate
ETH:ET110102,2025-12-01,2026-01-01,South West Ethiopia,Sheka,Masha,2025,12,,,random_forest,0.4931559142934882,0,moderate
ETH:59039152678d,2025-12-01,2026-01-01,SNNPR,Bench Sheko,Sheko,2025,12,,,random_forest,0.4931408822080088,0,moderate
ETH:80440da88c1c,2025-12-01,2026-01-01,Oromia,Borena,Dubuluk,2025,12,,,random_forest,0.4930270619481389,0,moderate
ETH:ET050503,2025-12-01,2026-01-01,Somali,Korahe,Shilabo,2025,12,,,random_forest,0.49279168760258785,0,moderate
ETH:ET070308,2025-12-01,2026-01-01,Central Ethiopia,Kembata,Durame town,2025,12,,,random_forest,0.49277895317780956,0,moderate
ETH:ba6cbf61142a,2025-12-01,2026-01-01,Addis Ababa,Kirkos,CHK_09,2025,12,,,random_forest,0.4927075820352193,0,moderate
ETH:d9a45a3836d6,2025-12-01,2026-01-01,SNNPR,Hadiya,Anlemo,2025,12,,,random_forest,0.4925151724494368,0,moderate
ETH:aa3f72ef7e30,2025-12-01,2026-01-01,SNNPR,Gamo,Garda Martha,2025,12,,,random_forest,0.4922418928359405,0,moderate
ETH:6f7ed55c233c,2025-12-01,2026-01-01,SNNPR,S Omo,North Ari,2025,12,,,random_forest,0.4920588463314892,0,moderate
ETH:ab7d3f446920,2025-12-01,2026-01-01,SNNPR,Halaba,Weeraa Dijjoo,2025,12,,,random_forest,0.49205647847776696,0,moderate
ETH:6046842055ee,2025-12-01,2026-01-01,SNNPR,Silite,Siltie,2025,12,,,random_forest,0.49200702172758376,0,moderate
ETH:adad4c09b960,2025-12-01,2026-01-01,Addis Ababa,Lemi Kura,LEK_02,2025,12,,,random_forest,0.49177058583086924,0,moderate
ETH:98a78bb20fb8,2025-12-01,2026-01-01,Addis Ababa,Akaki Kality,AKK_04,2025,12,,,random_forest,0.4916273153560435,0,moderate
ETH:7efa239e226a,2025-12-01,2026-01-01,Amhara,S Wello,Legahida,2025,12,,,random_forest,0.4914645524238285,0,moderate
ETH:9d0154224cba,2025-12-01,2026-01-01,SNNPR,Hadiya,East Badewacho,2025,12,,,random_forest,0.49111519585567975,0,moderate
ETH:708ddc58bf77,2025-12-01,2026-01-01,Somali,Dawa,Moyalee,2025,12,,,random_forest,0.49106929210338746,0,moderate
ETH:18c244a1af88,2025-12-01,2026-01-01,SNNPR,South Omo,Salamago,2025,12,,,random_forest,0.4910344408370412,0,moderate
ETH:697ec0ca389d,2025-12-01,2026-01-01,SNNPR,Gedeo,Wonago,2025,12,,,random_forest,0.4908591373385564,0,moderate
ETH:3229266c58bc,2025-12-01,2026-01-01,Addis Ababa,Arada,ARA_10,2025,12,,,random_forest,0.4907460408152127,0,moderate
ETH:3da1305c76d1,2025-12-01,2026-01-01,Benishangul Gumuz,Mao-Komo,Mao-Komo/Tongo,2025,12,,,random_forest,0.4907265459984101,0,moderate
ETH:de3ac166c1b5,2025-12-01,2026-01-01,SNNPR,S Omo,Woba Ari,2025,12,,,random_forest,0.49068358115166966,0,moderate
ETH:ET070114,2025-12-01,2026-01-01,Central Ethiopia,Guraghe,Welkite town,2025,12,,,random_forest,0.4904251809335695,0,moderate
ETH:79e229cc3c72,2025-12-01,2026-01-01,Sidama,Eastern Sidama,Chabe Gambeltu,2025,12,,,random_forest,0.4903883588587659,0,moderate
ETH:beca0e0bef2e,2025-12-01,2026-01-01,SNNPR,Wolayta,Damot gale,2025,12,,,random_forest,0.4902051773232051,0,moderate
ETH:345885ae4db8,2025-12-01,2026-01-01,SNNPR,Kembata Tembaro,Kedida Gamela,2025,12,,,random_forest,0.4901832373242834,0,moderate
ETH:a8b21d70187a,2025-12-01,2026-01-01,SNNPR,Gedeo,Chelekleketu,2025,12,,,random_forest,0.4900497400603688,0,moderate
ETH:db72d61992dd,2025-12-01,2026-01-01,SNNPR,Wolayta,Damot Pullasa,2025,12,,,random_forest,0.4900364240997608,0,moderate
ETH:fe36c6ef7461,2025-12-01,2026-01-01,SNNPR,Goffa,Zala,2025,12,,,random_forest,0.4897186007545944,0,moderate
ETH:060537a639be,2025-12-01,2026-01-01,SNNPR,Wolayta,Bayera Koisha,2025,12,,,random_forest,0.4896792353496572,0,moderate
ETH:59df941eec16,2025-12-01,2026-01-01,SNNPR,Wolayta,Boditi Town,2025,12,,,random_forest,0.4896203887099792,0,moderate
ETH:108cfd2f2938,2025-12-01,2026-01-01,SNNPR,Kefa,Gimbo,2025,12,,,random_forest,0.489578822270909,0,moderate
ETH:a334e6e0277c,2025-12-01,2026-01-01,SNNPR,Gamo,Mirab Abaya,2025,12,,,random_forest,0.48923093985118393,0,moderate
ETH:cf2bba0a4ce3,2025-12-01,2026-01-01,SNNPR,Hadiya,Hossana,2025,12,,,random_forest,0.4891701772854689,0,moderate
ETH:a2240498ddcb,2025-12-01,2026-01-01,SNNPR,Kembata Tembaro,Durame town,2025,12,,,random_forest,0.4890881087145388,0,moderate
ETH:79180d66dc46,2025-12-01,2026-01-01,SNNPR,Halaba,Kulito,2025,12,,,random_forest,0.4888442573936068,0,moderate
ETH:5c2820c49829,2025-12-01,2026-01-01,Addis Ababa,Nifas Silk Lafto,NSL_05,2025,12,,,random_forest,0.48865989060938486,0,moderate
ETH:1ffd5c0e3cff,2025-12-01,2026-01-01,SNNPR,Gamo,Dita,2025,12,,,random_forest,0.4881309857925612,0,moderate
ETH:58f5e115eb7d,2025-12-01,2026-01-01,SNNPR,Silite,West Azernet Berebere,2025,12,,,random_forest,0.4880401845200632,0,moderate
ETH:979df8947007,2025-12-01,2026-01-01,Addis Ababa,Addis Ketema,ADK_02,2025,12,,,random_forest,0.48793858132171153,0,moderate
ETH:5dd7049cf78e,2025-12-01,2026-01-01,SNNPR,Hadiya,Gombora,2025,12,,,random_forest,0.48790312098280786,0,moderate
ETH:0637c7b6cba4,2025-12-01,2026-01-01,Somali,Fafan,Koran Mula,2025,12,,,random_forest,0.48758134071603865,0,moderate
ETH:0808ba9b80f1,2025-12-01,2026-01-01,SNNPR,Goffa,Melokoza,2025,12,,,random_forest,0.48706589973479064,0,moderate
ETH:be5cb1754149,2025-12-01,2026-01-01,SNNPR,Gamo,Arba Minch town,2025,12,,,random_forest,0.4870129697412192,0,moderate
ETH:6acd3e16c737,2025-12-01,2026-01-01,SNNPR,Hadiya,Lemo,2025,12,,,random_forest,0.4866942528443382,0,moderate
ETH:f63bb6fda093,2025-12-01,2026-01-01,SNNPR,Hadiya,West Badewacho,2025,12,,,random_forest,0.48647429463430425,0,moderate
ETH:257de62b3a3c,2025-12-01,2026-01-01,Oromia,E Shoa,Gimbichu,2025,12,,,random_forest,0.4864455737811583,0,moderate
ETH:bb621262eab7,2025-12-01,2026-01-01,SNNPR,Basketo,Basketo,2025,12,,,random_forest,0.48604624901055465,0,moderate
ETH:e44871a801d5,2025-12-01,2026-01-01,SNNPR,Gamo,Arba Minch Zuria,2025,12,,,random_forest,0.4855207840487483,0,moderate
ETH:312be52187ae,2025-12-01,2026-01-01,Addis Ababa,Kolfe Keraniyo,KOK_09,2025,12,,,random_forest,0.48544992776791684,0,moderate
ETH:cd8e898e5c58,2025-12-01,2026-01-01,Oromia,Kelem Wellega,Dale Sedi,2025,12,,,random_forest,0.48533422872447884,0,moderate
ETH:ET030515,2025-12-01,2026-01-01,Amhara,North Shewa (AM),Ankober,2025,12,,,random_forest,0.485317060823552,0,moderate
ETH:fa424903fed6,2025-12-01,2026-01-01,Addis Ababa,Addis Ketema,ADK_01,2025,12,,,random_forest,0.4850847731968142,0,moderate
ETH:8ee41f1a81a1,2025-12-01,2026-01-01,SNNPR,Goffa,Denba Gofa,2025,12,,,random_forest,0.48496291778124306,0,moderate
ETH:88872f92157a,2025-12-01,2026-01-01,Addis Ababa,Nifas Silk Lafto,NSL_09,2025,12,,,random_forest,0.4848631617448701,0,moderate
ETH:b716bfe80aa8,2025-12-01,2026-01-01,SNNPR,Wolayta,Damot Sore,2025,12,,,random_forest,0.4848436616421991,0,moderate
ETH:a6941729cebd,2025-12-01,2026-01-01,Tigray,Central Tigray,Adwa town,2025,12,,,random_forest,0.48472817396578505,0,moderate
ETH:0c9fe7fd3118,2025-12-01,2026-01-01,SNNPR,Gedeo,Gedeb,2025,12,,,random_forest,0.4847172798612482,0,moderate
ETH:567747b537c6,2025-12-01,2026-01-01,Addis Ababa,ARADA,ARA_02,2025,12,,,random_forest,0.484707038848775,0,moderate
ETH:c8b961ed4b1d,2025-12-01,2026-01-01,Amhara,Western Tigray,Dansha town,2025,12,,,random_forest,0.48452399639078875,0,moderate
ETH:38b8020e4c2a,2025-12-01,2026-01-01,Addis Ababa,Akaki Kality,AKK_08,2025,12,,,random_forest,0.4843458749982575,0,moderate
ETH:6e1451248197,2025-12-01,2026-01-01,Addis Ababa,Kirkos,CHK_03,2025,12,,,random_forest,0.4840845724570199,0,moderate
ETH:f6aea048b8ef,2025-12-01,2026-01-01,SNNPR,Silite,Silti,2025,12,,,random_forest,0.48406088792400465,0,moderate
ETH:1cb4160b35ad,2025-12-01,2026-01-01,Addis Ababa,Kirkos,CHK_10,2025,12,,,random_forest,0.4839263166064478,0,moderate
ETH:b3143b16dcc3,2025-12-01,2026-01-01,Addis Ababa,Gulelle,GUL_08,2025,12,,,random_forest,0.48370244810990387,0,moderate
ETH:f9622e6e8905,2025-12-01,2026-01-01,SNNPR,Amaro Special Woreda,Amaro Special Woreda,2025,12,,,random_forest,0.4836591973383807,0,moderate
ETH:95799fd6095a,2025-12-01,2026-01-01,SNNPR,S Omo,South Ari,2025,12,,,random_forest,0.48357876793925136,0,moderate
ETH:e47a20f17adb,2025-12-01,2026-01-01,Tigray,Mekelle,SEMEN,2025,12,,,random_forest,0.4835557016933079,0,moderate
ETH:ET040410,2025-12-01,2026-01-01,Oromia,Jimma,Dedo,2025,12,,,random_forest,0.48346468689898386,0,moderate
ETH:3ead72caf17c,2025-12-01,2026-01-01,SNNPR,Gedeo,Dilla Town,2025,12,,,random_forest,0.48327638172194376,0,moderate
ETH:ebe9d9ac71b4,2025-12-01,2026-01-01,SNNPR,Silite,Worabe,2025,12,,,random_forest,0.48327007919888443,0,moderate
ETH:a72d127e2e1e,2025-12-01,2026-01-01,SNNPR,Konso,Segen Zuria,2025,12,,,random_forest,0.4830951179409943,0,moderate
ETH:14798379437d,2025-12-01,2026-01-01,Oromia,East Harerghe,Kumbi,2025,12,,,random_forest,0.4830574478009685,0,moderate
ETH:7f72540e4f67,2025-12-01,2026-01-01,Addis Ababa,Kolfe Keraniyo,CHK_04,2025,12,,,random_forest,0.4830052979727939,0,moderate
ETH:f2677214110a,2025-12-01,2026-01-01,SNNPR,S Omo,Malie,2025,12,,,random_forest,0.48295601618377476,0,moderate
ETH:fccb0fff4d22,2025-12-01,2026-01-01,SNNPR,Hadiya,Shahsego,2025,12,,,random_forest,0.482729167702193,0,moderate
ETH:116ba77de2c2,2025-12-01,2026-01-01,SNNPR,Gamo,Boreda,2025,12,,,random_forest,0.48271662343600874,0,moderate
ETH:9c6c9fc7ada6,2025-12-01,2026-01-01,SNNPR,Gamo,Kemba town,2025,12,,,random_forest,0.4826198435285562,0,moderate
ETH:d4dc1de2afb0,2025-12-01,2026-01-01,SNNPR,Sheka,Masha Town,2025,12,,,random_forest,0.4824841025100852,0,moderate
ETH:94e6143362d5,2025-12-01,2026-01-01,Addis Ababa,Bole,BOL_11,2025,12,,,random_forest,0.4823338988183338,0,moderate
ETH:736627f92330,2025-12-01,2026-01-01,SNNPR,Wolayta,Humbo,2025,12,,,random_forest,0.48217795339200165,0,moderate
ETH:ea105236f854,2025-12-01,2026-01-01,SNNPR,Gamo,Gerese,2025,12,,,random_forest,0.48194808935697164,0,moderate
ETH:3891c60fd61c,2025-12-01,2026-01-01,SNNPR,Wolayta,Tebela town,2025,12,,,random_forest,0.48180070038584033,0,moderate
ETH:e7256912fafc,2025-12-01,2026-01-01,SNNPR,Guraghe,Meskan,2025,12,,,random_forest,0.48166722862474626,0,moderate
ETH:915f507c28b2,2025-12-01,2026-01-01,SNNPR,Hadiya,Duna,2025,12,,,random_forest,0.4815417785439213,0,moderate
ETH:f5d5a28b82a9,2025-12-01,2026-01-01,SNNPR,Gedeo,yerga cheff,2025,12,,,random_forest,0.4815120522131863,0,moderate
ETH:9d1501202aaf,2025-12-01,2026-01-01,Tigray,North West Tigray,May Tsebri town,2025,12,,,random_forest,0.4815038807860109,0,moderate
ETH:4b21ac6f938d,2025-12-01,2026-01-01,Oromia,E Harerghe,Jarso,2025,12,,,random_forest,0.48141731222934414,0,moderate
ETH:00298546f43a,2025-12-01,2026-01-01,Oromia,Shaggar City,Furi,2025,12,,,random_forest,0.4813899353817119,0,moderate
ETH:6950152adf98,2025-12-01,2026-01-01,Amhara,S Gonder,Lay gaint,2025,12,,,random_forest,0.48116433496155453,0,moderate
ETH:c758499b0813,2025-12-01,2026-01-01,SNNPR,Wolayta,Sodo Zuria,2025,12,,,random_forest,0.48108759506941223,0,moderate
ETH:a11a29da9ee8,2025-12-01,2026-01-01,SNNPR,Kembata Tembaro,Hadero Tunto Zuria,2025,12,,,random_forest,0.4808633267186437,0,moderate
ETH:5520cdf18230,2025-12-01,2026-01-01,Oromia,Borena,Moyale,2025,12,,,random_forest,0.4805815704377221,0,moderate
ETH:e465ddce1097,2025-12-01,2026-01-01,Oromia,North Shoa,Abichugna Gne'a,2025,12,,,random_forest,0.4804451767682144,0,moderate
ETH:f89dc2514dad,2025-12-01,2026-01-01,Tigray,Mekelle,Adihaki,2025,12,,,random_forest,0.48042821031634486,0,moderate
ETH:ET010105,2025-12-01,2026-01-01,Tigray,North Western,Asgede,2025,12,,,random_forest,0.48042296720475813,0,moderate
ETH:4bb3f6472c89,2025-12-01,2026-01-01,SNNPR,Gamo,Gacho Baba,2025,12,,,random_forest,0.48023075540624255,0,moderate
ETH:f94627bbbf84,2025-12-01,2026-01-01,SNNPR,Konso,Karat Town Admin,2025,12,,,random_forest,0.48021640722065334,0,moderate
ETH:5ab09e85ccd6,2025-12-01,2026-01-01,SNNPR,Gamo,Arbaminch Zuria,2025,12,,,random_forest,0.47986224747300554,0,moderate
ETH:33027edbee8f,2025-12-01,2026-01-01,SNNPR,South Omo,Bena Tsemay,2025,12,,,random_forest,0.47963418249477136,0,moderate
ETH:0d606aaf534b,2025-12-01,2026-01-01,SNNPR,Gamo,Kucha Alpha,2025,12,,,random_forest,0.479466742018086,0,moderate
ETH:1a8b49e25d89,2025-12-01,2026-01-01,SNNPR,Kembata Tembaro,Adilo Zuria,2025,12,,,random_forest,0.4792534812314876,0,moderate
ETH:2cd0ba4be20c,2025-12-01,2026-01-01,SNNPR,S Omo,Banatsemay,2025,12,,,random_forest,0.4791308020537229,0,moderate
ETH:d9235980932f,2025-12-01,2026-01-01,SNNPR,Guraghe,East Meskan,2025,12,,,random_forest,0.4790364881673857,0,moderate
ETH:ec2881c465b5,2025-12-01,2026-01-01,Addis Ababa,Yeka,YEK_06,2025,12,,,random_forest,0.4788755227068088,0,moderate
ETH:567603be58e9,2025-12-01,2026-01-01,SNNPR,Ale Special Woreda,Ale Special,2025,12,,,random_forest,0.4787123509772754,0,moderate
ETH:a5f40e1e076b,2025-12-01,2026-01-01,SNNPR,Burji Special Woreda,Burji Special,2025,12,,,random_forest,0.47870133450338953,0,moderate
ETH:0e52b4062242,2025-12-01,2026-01-01,Addis Ababa,Addis Ketema,ADK_07,2025,12,,,random_forest,0.47866835633398913,0,moderate
ETH:9e97599f89cd,2025-12-01,2026-01-01,Oromia,Horo Guduru,Choman Guduru,2025,12,,,random_forest,0.4784542382860001,0,moderate
ETH:27b367b922ca,2025-12-01,2026-01-01,Addis Ababa,Gulelle,GUL_05,2025,12,,,random_forest,0.4782845732592286,0,moderate
ETH:7f7e0a9be724,2025-12-01,2026-01-01,SNNPR,Kembata Tembaro,Kacha Bira,2025,12,,,random_forest,0.4782615950263204,0,moderate
ETH:58d96fa51988,2025-12-01,2026-01-01,Tigray,South Tigray,Ofla,2025,12,,,random_forest,0.47826069169536095,0,moderate
ETH:000ac3465b6a,2025-12-01,2026-01-01,Tigray,South Tigray,Maichew town,2025,12,,,random_forest,0.478213442216739,0,moderate
ETH:ET010608,2025-12-01,2026-01-01,Tigray,South Eastern,Wajirat,2025,12,,,random_forest,0.4780451526566805,0,moderate
ETH:d0501d184930,2025-12-01,2026-01-01,Tigray,Mekelle City,Adhaki,2025,12,,,random_forest,0.4777726474289786,0,moderate
ETH:acb5e9e63aee,2025-12-01,2026-01-01,SNNPR,S Omo,Jinka Town,2025,12,,,random_forest,0.4776616654846894,0,moderate
ETH:e7df62297848,2025-12-01,2026-01-01,Tigray,Central Tigray,Axum town,2025,12,,,random_forest,0.47764053951845253,0,moderate
ETH:eacf91ff4741,2025-12-01,2026-01-01,Tigray,SE Tigray,Enderta,2025,12,,,random_forest,0.47763756559260345,0,moderate
ETH:9b6736e258b8,2025-12-01,2026-01-01,SNNPR,Bench Sheko,Shebench,2025,12,,,random_forest,0.477465295807133,0,moderate
ETH:9a4dc8a4ce2d,2025-12-01,2026-01-01,SNNPR,Guraghe,Debub Sodo,2025,12,,,random_forest,0.47730667381990555,0,moderate
ETH:ac0540ba6330,2025-12-01,2026-01-01,Addis Ababa,Yeka,YEK_03,2025,12,,,random_forest,0.4771511403124481,0,moderate
ETH:7624eb847162,2025-12-01,2026-01-01,Tigray,Central Tigray,Gulo Mekeda,2025,12,,,random_forest,0.47704622447115164,0,moderate
ETH:4f5c0bd048a0,2025-12-01,2026-01-01,SNNPR,Wolayta,Duguna fango,2025,12,,,random_forest,0.4770010451650268,0,moderate
ETH:981c85510634,2025-12-01,2026-01-01,Addis Ababa,Kolfe Keraniyo,KOK_06,2025,12,,,random_forest,0.47693309199824085,0,moderate
ETH:2362fbd97212,2025-12-01,2026-01-01,SNNPR,Wolayta,Damot Woide,2025,12,,,random_forest,0.4767652954114119,0,moderate
ETH:c0e3e7343fd9,2025-12-01,2026-01-01,Tigray,South East Tigray,Adigudom,2025,12,,,random_forest,0.47670454737860707,0,moderate
ETH:ET040104,2025-12-01,2026-01-01,Oromia,West Wellega,Lalo Asabi,2025,12,,,random_forest,0.4766309905566515,0,moderate
ETH:786a2db826e1,2025-12-01,2026-01-01,SNNPR,Dawro,Tocha,2025,12,,,random_forest,0.4766220772186519,0,moderate
ETH:ccce54e2b4ba,2025-12-01,2026-01-01,Tigray,Western,Dansha town,2025,12,,,random_forest,0.4764516334891427,0,moderate
ETH:63f05d621eda,2025-12-01,2026-01-01,SNNPR,Wolayta,Areka town,2025,12,,,random_forest,0.476439533876409,0,moderate
ETH:780469bde054,2025-12-01,2026-01-01,Tigray,North West Tigray,Indasilassie town/Shire,2025,12,,,random_forest,0.47643524617668664,0,moderate
ETH:5ed3b8e2030e,2025-12-01,2026-01-01,Tigray,North West Tigray,Sheraro town,2025,12,,,random_forest,0.4764303397541639,0,moderate
ETH:13e7ad6f1e60,2025-12-01,2026-01-01,SNNPR,Silite,Worabe town,2025,12,,,random_forest,0.47622447127849143,0,moderate
ETH:3a9fc6e79611,2025-12-01,2026-01-01,Afar,Afar 4,Gulina,2025,12,,,random_forest,0.4760604921749417,0,moderate
ETH:2d1d3b9ffc8c,2025-12-01,2026-01-01,Afar,Afar 1,Dubti,2025,12,,,random_forest,0.4758746557926242,0,moderate
ETH:bf1c02b344ad,2025-12-01,2026-01-01,Addis Ababa,Gulelle,GUL_04,2025,12,,,random_forest,0.47582029571955436,0,moderate
ETH:78075471df51,2025-12-01,2026-01-01,Tigray,Western Tigray,Awra (TG),2025,12,,,random_forest,0.4756565331823406,0,moderate
ETH:939f3f162030,2025-12-01,2026-01-01,SNNPR,Gedeo,Dila Zuria,2025,12,,,random_forest,0.47558919787544957,0,moderate
ETH:3814ea064e12,2025-12-01,2026-01-01,SNNPR,Gedeo,Dila town,2025,12,,,random_forest,0.47552601996476823,0,moderate
ETH:dbe65937a1f0,2025-12-01,2026-01-01,Tigray,South Tigray,Korem town,2025,12,,,random_forest,0.47538230581789,0,moderate
ETH:8815b457502d,2025-12-01,2026-01-01,SNNPR,Halaba,Atote Ulo,2025,12,,,random_forest,0.47535846182472324,0,moderate
ETH:92bacbcc57f9,2025-12-01,2026-01-01,SNNPR,Derashe Special Woreda,Derashe Special Woreda,2025,12,,,random_forest,0.4752949833556756,0,moderate
ETH:f7f633e4304c,2025-12-01,2026-01-01,SNNPR,Gedeo,Dilla Zuria,2025,12,,,random_forest,0.4752159239407611,0,moderate
ETH:ET010305,2025-12-01,2026-01-01,Tigray,Eastern,Hawzen,2025,12,,,random_forest,0.4747474700730748,0,moderate
ETH:4d19e8dd4b25,2025-12-01,2026-01-01,Tigray,North West Tigray,Zana,2025,12,,,random_forest,0.47471914610188254,0,moderate
ETH:86f65cc5322e,2025-12-01,2026-01-01,SNNPR,Silite,East Azernet Berbere,2025,12,,,random_forest,0.47447599458136397,0,moderate
ETH:ET010308,2025-12-01,2026-01-01,Tigray,Eastern,Adigrat town,2025,12,,,random_forest,0.47439519236951855,0,moderate
ETH:45039a33243b,2025-12-01,2026-01-01,Amhara,North Shewa,Menze Mama Midir,2025,12,,,random_forest,0.47424229976464316,0,moderate
ETH:01899ac92bfd,2025-12-01,2026-01-01,SNNPR,Kembata Tembaro,Hadero Tunto,2025,12,,,random_forest,0.47402060261324286,0,moderate
ETH:a55b9c0a2526,2025-12-01,2026-01-01,SNNPR,Hadiya,Soro,2025,12,,,random_forest,0.47392232928315603,0,moderate
ETH:071a021d4f94,2025-12-01,2026-01-01,SNNPR,Guraghe,Kebena,2025,12,,,random_forest,0.47379673405392436,0,moderate
ETH:b11166c3987f,2025-12-01,2026-01-01,Oromia,Finfine Zuria,Bereh,2025,12,,,random_forest,0.4737188974604019,0,moderate
ETH:6484f791df84,2025-12-01,2026-01-01,SNNPR,Kefa,Cheta,2025,12,,,random_forest,0.4736921700810828,0,moderate
ETH:ef2c3a887548,2025-12-01,2026-01-01,SNNPR,Kembata Tembaro,Damboya,2025,12,,,random_forest,0.47354885797816443,0,moderate
ETH:5775afdaf321,2025-12-01,2026-01-01,Tigray,Eastern Tigray,Adigrat town,2025,12,,,random_forest,0.47337323372705803,0,moderate
ETH:7001f9a3fa72,2025-12-01,2026-01-01,SNNPR,Bench Sheko,Mizan,2025,12,,,random_forest,0.4732256985716514,0,moderate
ETH:9f229bcb63e0,2025-12-01,2026-01-01,SNNPR,Gamo,Chencha Town Admin,2025,12,,,random_forest,0.473182045860459,0,moderate
ETH:ET010602,2025-12-01,2026-01-01,Tigray,South Eastern,Enderta,2025,12,,,random_forest,0.47311855092551913,0,moderate
ETH:230bb315dc4d,2025-12-01,2026-01-01,SNNPR,Gedeo,Wenago,2025,12,,,random_forest,0.4730275016044997,0,moderate
ETH:d6e644db6464,2025-12-01,2026-01-01,Tigray,Eastern Tigray,Hawzen,2025,12,,,random_forest,0.47298113567019856,0,moderate
ETH:0c88477de8f2,2025-12-01,2026-01-01,Tigray,Eastern Tigray,Freweyni town,2025,12,,,random_forest,0.4727148771162275,0,moderate
ETH:4dc63421d12f,2025-12-01,2026-01-01,SNNPR,Guraghe,Sodo,2025,12,,,random_forest,0.47264287327537763,0,moderate
ETH:a74716af88b4,2025-12-01,2026-01-01,Tigray,Mekelle city,Mekelle,2025,12,,,random_forest,0.4726313495442125,0,moderate
ETH:1f1c1708f249,2025-12-01,2026-01-01,Tigray,Eastern Tigray,Tsaeda Emba,2025,12,,,random_forest,0.4725790797920062,0,moderate
ETH:a919422b68cd,2025-12-01,2026-01-01,SNNPR,Hadiya,Gibe,2025,12,,,random_forest,0.47238955314527364,0,moderate
ETH:6b616c6e5974,2025-12-01,2026-01-01,Addis Ababa,Bole,BOL_04,2025,12,,,random_forest,0.4723831718302757,0,moderate
ETH:ddb16fed0734,2025-12-01,2026-01-01,Tigray,Western,Kafta Humera,2025,12,,,random_forest,0.47231410102359084,0,moderate
ETH:5eb925b76b74,2025-12-01,2026-01-01,SNNPR,Wolayta,Kindo Koyesha,2025,12,,,random_forest,0.4718958567664788,0,moderate
ETH:f32d86595aa3,2025-12-01,2026-01-01,Tigray,South Tigray,Zata,2025,12,,,random_forest,0.47188267931294803,0,moderate
ETH:216ca7e2f0ad,2025-12-01,2026-01-01,SNNPR,Goffa,Sawla Town,2025,12,,,random_forest,0.4718007092305256,0,moderate
ETH:2664f474ccf1,2025-12-01,2026-01-01,Tigray,Southern,Alamata town,2025,12,,,random_forest,0.4717173100520811,0,moderate
ETH:58c08eb7eb5a,2025-12-01,2026-01-01,SNNPR,Guraghe,Mareko,2025,12,,,random_forest,0.47170841219102094,0,moderate
ETH:6aead906949b,2025-12-01,2026-01-01,Afar,Afar 5,Dalefage,2025,12,,,random_forest,0.471707272382768,0,moderate
ETH:dfed71c0b43c,2025-12-01,2026-01-01,SNNPR,S Omo,Hamer,2025,12,,,random_forest,0.4712721906786588,0,moderate
ETH:0b56d949c59d,2025-12-01,2026-01-01,SNNPR,Wolayta,Boloso Bonibe,2025,12,,,random_forest,0.4710054469689197,0,moderate
ETH:588b9679f211,2025-12-01,2026-01-01,Tigray,S Tigray,EMbalaje,2025,12,,,random_forest,0.47086739194660243,0,moderate
ETH:6c3398881a42,2025-12-01,2026-01-01,SNNPR,Kefa,Bitta,2025,12,,,random_forest,0.4704695336927555,0,moderate
ETH:04d623594000,2025-12-01,2026-01-01,SNNPR,Guraghe,Welkite town,2025,12,,,random_forest,0.4704566929490671,0,moderate
ETH:8c6b904e27f6,2025-12-01,2026-01-01,SNNPR,Guraghe,Abeshge,2025,12,,,random_forest,0.4704337421506427,0,moderate
ETH:524fd7f010aa,2025-12-01,2026-01-01,SNNPR,Wolayta,Sodo Town,2025,12,,,random_forest,0.4700355959483886,0,moderate
ETH:569dfdd96687,2025-12-01,2026-01-01,SNNPR,West Omo,Menit Goldia,2025,12,,,random_forest,0.46999266490103037,0,moderate
ETH:d8f0896e900a,2025-12-01,2026-01-01,SNNPR,Guraghe,Gummer,2025,12,,,random_forest,0.46986622599760597,0,moderate
ETH:39da1218644b,2025-12-01,2026-01-01,Tigray,S Tigray,Alamata town,2025,12,,,random_forest,0.4698405301822417,0,moderate
ETH:66ce920abcc4,2025-12-01,2026-01-01,SNNPR,Hadiya,Mirab Badowach,2025,12,,,random_forest,0.4698359624863612,0,moderate
ETH:74eb86a31f3d,2025-12-01,2026-01-01,SNNPR,Hadiya,Ameka,2025,12,,,random_forest,0.4694006564245171,0,moderate
ETH:8dfc3bd9bb66,2025-12-01,2026-01-01,SNNPR,Guraghe,Enor Ener,2025,12,,,random_forest,0.4692970358315271,0,moderate
ETH:322f8a9388e0,2025-12-01,2026-01-01,Tigray,South East Tigray,Wajirat,2025,12,,,random_forest,0.4692164249733061,0,moderate
ETH:ce50139a2517,2025-12-01,2026-01-01,SNNPR,Guraghe,Enemore Ener,2025,12,,,random_forest,0.46901005418670233,0,moderate
ETH:29edb3621f1b,2025-12-01,2026-01-01,SNNPR,Hadiya,Gimbichu town,2025,12,,,random_forest,0.46886785618494337,0,moderate
ETH:c35d4bbec6cf,2025-12-01,2026-01-01,Tigray,Eastern Tigray,ATSBI,2025,12,,,random_forest,0.4687821798969132,0,moderate
ETH:b7c21a37a347,2025-12-01,2026-01-01,Tigray,Central Tigray,Tanqua Melashe,2025,12,,,random_forest,0.4686901480904884,0,moderate
ETH:a305d1d57ff3,2025-12-01,2026-01-01,Addis Ababa,Kirkos,CHK_11,2025,12,,,random_forest,0.4686744686532505,0,moderate
ETH:65a4b72d4b08,2025-12-01,2026-01-01,Tigray,Eastern Tigray,Atsbi,2025,12,,,random_forest,0.46864226549570615,0,moderate
ETH:c60debfec481,2025-12-01,2026-01-01,SNNPR,Guraghe,Geta,2025,12,,,random_forest,0.46863294953763396,0,moderate
ETH:58692c10e032,2025-12-01,2026-01-01,SNNPR,Guraghe,Muhur Aklil,2025,12,,,random_forest,0.46852621828042135,0,moderate
ETH:21f5d3e9c406,2025-12-01,2026-01-01,SNNPR,Sheka,Masha,2025,12,,,random_forest,0.46840006630270636,0,moderate
ETH:bd494d8ab5b3,2025-12-01,2026-01-01,Tigray,North West Tigray,Laelay Koraro,2025,12,,,random_forest,0.4683022922166016,0,moderate
ETH:39bad9e78f1e,2025-12-01,2026-01-01,SNNPR,Halaba,Atotii Ulo,2025,12,,,random_forest,0.468188586907027,0,moderate
ETH:8665cb4208dc,2025-12-01,2026-01-01,SNNPR,Guraghe,South Sodo,2025,12,,,random_forest,0.4681445130634923,0,moderate
ETH:ET010409,2025-12-01,2026-01-01,Tigray,Southern,Maichew Town,2025,12,,,random_forest,0.4679285329029114,0,moderate
ETH:1e12550de8da,2025-12-01,2026-01-01,SNNPR,Gedeo,Kochore,2025,12,,,random_forest,0.4678936146530935,0,moderate
ETH:ET010307,2025-12-01,2026-01-01,Tigray,Eastern,Atsbi,2025,12,,,random_forest,0.4676831546758156,0,moderate
ETH:c8cc7a112042,2025-12-01,2026-01-01,Tigray,Eastern Tigray,Saesie,2025,12,,,random_forest,0.467361310246013,0,moderate
ETH:702981ce2824,2025-12-01,2026-01-01,SNNPR,Gamo,Kameba,2025,12,,,random_forest,0.46709565824886795,0,moderate
ETH:02fbf4fc6b07,2025-12-01,2026-01-01,SNNPR,Gedeo,Kochere,2025,12,,,random_forest,0.4670033759091652,0,moderate
ETH:82e653d04f9a,2025-12-01,2026-01-01,Tigray,North West Tigray,Asgede,2025,12,,,random_forest,0.466941529376153,0,moderate
ETH:4f4457d72a27,2025-12-01,2026-01-01,SNNPR,Gedeo,GEDEB,2025,12,,,random_forest,0.4666367375181874,0,moderate
ETH:e5e5a619c5d8,2025-12-01,2026-01-01,Addis Ababa,Kirkos,CHK_07,2025,12,,,random_forest,0.46632045000508926,0,moderate
ETH:f48aef8c00ff,2025-12-01,2026-01-01,Tigray,W Tigray,Setit Humera,2025,12,,,random_forest,0.4662752840042483,0,moderate
ETH:44c929ffc4ca,2025-12-01,2026-01-01,SNNPR,Halaba,Kulito town,2025,12,,,random_forest,0.46624692259349626,0,moderate
ETH:742badb8ca4a,2025-12-01,2026-01-01,Tigray,North West Tigray,Laelay Tselemti,2025,12,,,random_forest,0.4661769362808226,0,moderate
ETH:2cbeccfb3f09,2025-12-01,2026-01-01,SNNPR,Kembata Tembaro,Durame Town,2025,12,,,random_forest,0.46605333126893755,0,moderate
ETH:7bfb201f2e3c,2025-12-01,2026-01-01,Tigray,Eastern Tigray,Bizet,2025,12,,,random_forest,0.4659755804136705,0,moderate
ETH:311ae5bb476b,2025-12-01,2026-01-01,SNNPR,Silite,Alicho wuriro,2025,12,,,random_forest,0.4659161811074834,0,moderate
ETH:4b6e12fe82e3,2025-12-01,2026-01-01,SNNPR,Silite,Hulbarag,2025,12,,,random_forest,0.4658994295442676,0,moderate
ETH:3c4d31970a27,2025-12-01,2026-01-01,Tigray,Central Tigray,Chila,2025,12,,,random_forest,0.4658019762114318,0,moderate
ETH:e32358ce4248,2025-12-01,2026-01-01,SNNPR,South Omo,North Ari,2025,12,,,random_forest,0.4657698779603354,0,moderate
ETH:64855f32f9b8,2025-12-01,2026-01-01,SNNPR,Guraghe,Gumer,2025,12,,,random_forest,0.46542067974130563,0,moderate
ETH:15bad66d320e,2025-12-01,2026-01-01,Oromia,Jimma,Sokoru,2025,12,,,random_forest,0.4653960975772576,0,moderate
ETH:05319d655ebc,2025-12-01,2026-01-01,Amhara,N Wello,Meket,2025,12,,,random_forest,0.4650932803237368,0,moderate
ETH:07ead13d9cd7,2025-12-01,2026-01-01,Tigray,South Tigray,Raya Azebo,2025,12,,,random_forest,0.46469352894889737,0,moderate
ETH:1099bc8437d9,2025-12-01,2026-01-01,Tigray,Mekelle City,Hadnet,2025,12,,,random_forest,0.4646769576087968,0,moderate
ETH:65fffdeaf45f,2025-12-01,2026-01-01,Tigray,Central Tigray,Kola Temben,2025,12,,,random_forest,0.46458332225701376,0,moderate
ETH:69f4961c47b4,2025-12-01,2026-01-01,Tigray,Mekelle,Hawelti,2025,12,,,random_forest,0.4645056462048621,0,moderate
ETH:5dcad84e6503,2025-12-01,2026-01-01,SNNPR,Goffa,Uba Debretsa,2025,12,,,random_forest,0.46446763354107873,0,moderate
ETH:c0964aecfdcc,2025-12-01,2026-01-01,Tigray,W Tigray,Kafta humera,2025,12,,,random_forest,0.46445958540585364,0,moderate
ETH:e8c97843fc44,2025-12-01,2026-01-01,SNNPR,Silite,Dalocha,2025,12,,,random_forest,0.46444117988804046,0,moderate
ETH:ET040491,2025-12-01,2026-01-01,Oromia,Jimma,Omo Beyam,2025,12,,,random_forest,0.4643886049866703,0,moderate
ETH:14ea925a25e1,2025-12-01,2026-01-01,SNNPR,Guraghe,Enor Enner,2025,12,,,random_forest,0.46430000987787207,0,moderate
ETH:4b1b2dc71d06,2025-12-01,2026-01-01,SNNPR,Guraghe,Ezha,2025,12,,,random_forest,0.4642106085934687,0,moderate
ETH:f694c0fb7ce6,2025-12-01,2026-01-01,Tigray,Western,Tsegede (TG),2025,12,,,random_forest,0.46414624591210063,0,moderate
ETH:b868fee59424,2025-12-01,2026-01-01,Tigray,Eastern Tigray,GANTA AFESHUM,2025,12,,,random_forest,0.4640063859189352,0,moderate
ETH:97a0ada493b1,2025-12-01,2026-01-01,SNNPR,Guraghe,Wolkite,2025,12,,,random_forest,0.46379688868840835,0,moderate
ETH:c94410686912,2025-12-01,2026-01-01,SNNPR,Wolayta,Kindo Koysha,2025,12,,,random_forest,0.4637837963557651,0,moderate
ETH:274826b52154,2025-12-01,2026-01-01,Tigray,North West Tigray,Tahtay Koraro,2025,12,,,random_forest,0.46361622451221024,0,moderate
ETH:7d9d73a0bf39,2025-12-01,2026-01-01,SNNPR,Yem,Yem,2025,12,,,random_forest,0.46343075839384745,0,moderate
ETH:c5b4f920dd7e,2025-12-01,2026-01-01,Tigray,Western,Awra (TG),2025,12,,,random_forest,0.4633969949799615,0,moderate
ETH:ffd2755652bb,2025-12-01,2026-01-01,SNNPR,Gamo,Ezo /Kogota,2025,12,,,random_forest,0.463376791531296,0,moderate
ETH:8f5468600511,2025-12-01,2026-01-01,Tigray,Eastern Tigray,Edaga Hamus town,2025,12,,,random_forest,0.463215350891305,0,moderate
ETH:a93c097f5836,2025-12-01,2026-01-01,SNNPR,Gedeo,Yerga Cheff,2025,12,,,random_forest,0.46315118817842565,0,moderate
ETH:e470c5843afa,2025-12-01,2026-01-01,Addis Ababa,Kolfe Keraniyo,KOK_10,2025,12,,,random_forest,0.4629993061390312,0,moderate
ETH:135d8a1f8e50,2025-12-01,2026-01-01,SNNPR,Guraghe,Abeshege,2025,12,,,random_forest,0.4627118763611534,0,moderate
ETH:590a6ac36a6b,2025-12-01,2026-01-01,SNNPR,Wolayta,Boloso Bombe,2025,12,,,random_forest,0.4626410410674625,0,moderate
ETH:2494bf623e09,2025-12-01,2026-01-01,SNNPR,Goffa,Denibu Gofa,2025,12,,,random_forest,0.46233853353122195,0,moderate
ETH:ET010606,2025-12-01,2026-01-01,Tigray,South Eastern,Samre,2025,12,,,random_forest,0.4622798042405402,0,moderate
ETH:1f2fbebc316c,2025-12-01,2026-01-01,Tigray,Central Tigray,adwa,2025,12,,,random_forest,0.46217004120558725,0,moderate
ETH:801bd2ed1154,2025-12-01,2026-01-01,SNNPR,Bench Sheko,South Bench,2025,12,,,random_forest,0.4620783066549494,0,moderate
ETH:71c78f9aeb25,2025-12-01,2026-01-01,Tigray,Southern,Korem town,2025,12,,,random_forest,0.4618120066932578,0,moderate
ETH:8667821d3fce,2025-12-01,2026-01-01,Tigray,Central Tigray,Edaga arbi/Edabatsahma,2025,12,,,random_forest,0.46148557067825674,0,moderate
ETH:97d1e9cd8cf9,2025-12-01,2026-01-01,Tigray,Eastern Tigray,HAWZEN,2025,12,,,random_forest,0.46038411958754655,0,moderate
ETH:1f3bcb1d8b12,2025-12-01,2026-01-01,SNNPR,Gedeo,Yerga Cheff Town,2025,12,,,random_forest,0.46032478215803363,0,moderate
ETH:5395fffd218f,2025-12-01,2026-01-01,Tigray,South East Tigray,Samre,2025,12,,,random_forest,0.4601141012242217,0,moderate
ETH:adaef8edaefe,2025-12-01,2026-01-01,SNNPR,Guraghe,Cheha,2025,12,,,random_forest,0.4600730720561136,0,moderate
ETH:7f228152a195,2025-12-01,2026-01-01,Tigray,Central Tigray,Rama,2025,12,,,random_forest,0.4599396813797382,0,moderate
ETH:1a48f909a137,2025-12-01,2026-01-01,SNNPR,Kefa,Adiyo,2025,12,,,random_forest,0.45982508079505363,0,moderate
ETH:d160cca0afa2,2025-12-01,2026-01-01,SNNPR,Gamo,Kucha,2025,12,,,random_forest,0.45962385050720816,0,moderate
ETH:c987bf70c971,2025-12-01,2026-01-01,Tigray,Central Tigray,Endafelasi/Maiknetal,2025,12,,,random_forest,0.45907436943824004,0,moderate
ETH:3cdfcd6472ec,2025-12-01,2026-01-01,Tigray,Mekelle,Quiha,2025,12,,,random_forest,0.4587795415431094,0,moderate
ETH:e366b5bd2ee1,2025-12-01,2026-01-01,SNNPR,Kefa,Shishoende,2025,12,,,random_forest,0.45806777240360463,0,moderate
ETH:930cce553481,2025-12-01,2026-01-01,SNNPR,South Omo,Malie,2025,12,,,random_forest,0.4577420375061367,0,moderate
ETH:525b997d2334,2025-12-01,2026-01-01,Tigray,Western Tigray,Welkait,2025,12,,,random_forest,0.4576344202579923,0,moderate
ETH:b85c00acd0d6,2025-12-01,2026-01-01,Tigray,Central Tigray,ADWA,2025,12,,,random_forest,0.4570670145626393,0,moderate
ETH:f4ec750b718c,2025-12-01,2026-01-01,SNNPR,Wolayta,Abela Abaya,2025,12,,,random_forest,0.45704191373066777,0,moderate
ETH:a8eef2d72491,2025-12-01,2026-01-01,Tigray,Eastern Tigray,Wukro town,2025,12,,,random_forest,0.4570216082718144,0,moderate
ETH:9c61017f2b9b,2025-12-01,2026-01-01,Addis Ababa,Lemi Kura,LEK_07,2025,12,,,random_forest,0.4569577273512428,0,moderate
ETH:8397c51ae814,2025-12-01,2026-01-01,SNNPR,Guraghe,Butajira,2025,12,,,random_forest,0.45678863110004236,0,moderate
ETH:c9860e85aa3d,2025-12-01,2026-01-01,Tigray,Central Tigray,Abi Adi town,2025,12,,,random_forest,0.4566653237935691,0,moderate
ETH:9f7507ba1aaf,2025-12-01,2026-01-01,Tigray,Western Tigray,Kafta Humera,2025,12,,,random_forest,0.4561163997388167,0,moderate
ETH:8c735020f6c8,2025-12-01,2026-01-01,SNNPR,Silite,Misrak Azenet Berbere,2025,12,,,random_forest,0.45610247504443197,0,moderate
ETH:403ac10cb2e1,2025-12-01,2026-01-01,Tigray,Mekelle,Ayder,2025,12,,,random_forest,0.4560295661010935,0,moderate
ETH:6b152d38c28b,2025-12-01,2026-01-01,Tigray,Eastern Tigray,Erob,2025,12,,,random_forest,0.4559114281619882,0,moderate
ETH:ET010304,2025-12-01,2026-01-01,Tigray,Eastern,Ganta Afeshum,2025,12,,,random_forest,0.4558562146415399,0,moderate
ETH:fe9234366fe7,2025-12-01,2026-01-01,Addis Ababa,Kirkos,CHK_06,2025,12,,,random_forest,0.4558313230460315,0,moderate
ETH:e41d017a288a,2025-12-01,2026-01-01,Tigray,Eastern Tigray,Agulae/Tsiraewemberta,2025,12,,,random_forest,0.45465825054864195,0,moderate
ETH:151858240e65,2025-12-01,2026-01-01,Tigray,Southern,Ofla,2025,12,,,random_forest,0.45458392337677217,0,moderate
ETH:fc780e5c18ab,2025-12-01,2026-01-01,Tigray,Mekelle,Kedamay Weyane,2025,12,,,random_forest,0.454080250193289,0,moderate
ETH:18eef1594756,2025-12-01,2026-01-01,Tigray,South East Tigray,Enderta,2025,12,,,random_forest,0.4540739213418499,0,moderate
ETH:f821de4059ef,2025-12-01,2026-01-01,Tigray,Central Tigray,Laelay Maychew,2025,12,,,random_forest,0.4539095572379775,0,moderate
ETH:5a2570f5080c,2025-12-01,2026-01-01,SNNPR,Guraghe,GedebanoGutazerWelene,2025,12,,,random_forest,0.4538791719681444,0,moderate
ETH:63c4e26891cc,2025-12-01,2026-01-01,Tigray,Central,Abi Adi town,2025,12,,,random_forest,0.4529231774233746,0,moderate
ETH:56f74c3b7bb7,2025-12-01,2026-01-01,SNNPR,Hadiya,Shashogo,2025,12,,,random_forest,0.4526940554260598,0,moderate
ETH:ET010603,2025-12-01,2026-01-01,Tigray,South Eastern,Hintalo,2025,12,,,random_forest,0.45141025242748556,0,moderate
ETH:eabb7834307e,2025-12-01,2026-01-01,Addis Ababa,Arada,ARA_02,2025,12,,,random_forest,0.4510561580622047,0,moderate
ETH:71b0e245d3e3,2025-12-01,2026-01-01,Tigray,W Tigray,Welkayt,2025,12,,,random_forest,0.44977775906762046,0,moderate
ETH:21854fd19a77,2025-12-01,2026-01-01,Addis Ababa,Lideta,LID_02,2025,12,,,random_forest,0.44964221623004996,0,moderate
ETH:0e1ec08ef51a,2025-12-01,2026-01-01,SNNPR,Gamo,Arbaminch Town,2025,12,,,random_forest,0.44848221881566486,0,moderate
ETH:716533e0ac11,2025-12-01,2026-01-01,Tigray,Western,Welkait,2025,12,,,random_forest,0.44830910143477204,0,moderate
ETH:06738997f87e,2025-12-01,2026-01-01,Addis Ababa,Yeka,YEK_13,2025,12,,,random_forest,0.4472926567449602,0,moderate
ETH:7ae2b974bd73,2025-12-01,2026-01-01,Tigray,Mekelle,Semen,2025,12,,,random_forest,0.4469339762382909,0,moderate
ETH:ab693a8b56bf,2025-12-01,2026-01-01,SNNPR,Guraghe,Enemor Ener,2025,12,,,random_forest,0.44692436591509715,0,moderate
ETH:29a3f98b8f27,2025-12-01,2026-01-01,Addis Ababa,Lemi Kura,LEK_08,2025,12,,,random_forest,0.44669939678939585,0,moderate
ETH:53f2ba42065b,2025-12-01,2026-01-01,Tigray,Mekelle City,Hawelti,2025,12,,,random_forest,0.4454103596527741,0,moderate
ETH:ab2328423eb2,2025-12-01,2026-01-01,Addis Ababa,Gulelle,GUL_02,2025,12,,,random_forest,0.4451837311428827,0,moderate
ETH:67402b2a63c3,2025-12-01,2026-01-01,SNNPR,S Omo,Salamago,2025,12,,,random_forest,0.44466058938738307,0,moderate
ETH:a3114458aab0,2025-12-01,2026-01-01,Tigray,Mekelle,Hadnet,2025,12,,,random_forest,0.4444343847047445,0,moderate
ETH:b92fcb2cc818,2025-12-01,2026-01-01,Tigray,North West Tigray,Seyemti Adyabo/M/Adiabo,2025,12,,,random_forest,0.4439928437730647,0,moderate
ETH:b9d4e71d05c6,2025-12-01,2026-01-01,Tigray,North West Tigray,Endabaguna town,2025,12,,,random_forest,0.44120866055906666,0,moderate
ETH:21eef964792b,2025-12-01,2026-01-01,Tigray,North West Tigray,Tahtay Adiyabo,2025,12,,,random_forest,0.4407883279657483,0,moderate
ETH:80927ff8cac3,2025-12-01,2026-01-01,Addis Ababa,Nifas Silk Lafto,NSL_02,2025,12,,,random_forest,0.44055643471884526,0,moderate
ETH:97f889b62517,2025-12-01,2026-01-01,SNNPR,Gamo,Chencha,2025,12,,,random_forest,0.44033429751090875,0,moderate
ETH:6149116f18b2,2025-12-01,2026-01-01,SNNPR,Hadiya,Misrak Badawacho,2025,12,,,random_forest,0.4401569339026968,0,moderate
ETH:cb23108f5b67,2025-12-01,2026-01-01,Addis Ababa,Addis Ketema,ADK_13,2025,12,,,random_forest,0.43992783256778484,0,moderate
ETH:446611cc14e6,2025-12-01,2026-01-01,Tigray,South Tigray,Hintalo,2025,12,,,random_forest,0.43921332620987613,0,moderate
ETH:517cf493967b,2025-12-01,2026-01-01,Addis Ababa,Akaki Kality,AKK_12,2025,12,,,random_forest,0.4360003056407219,0,moderate
ETH:d4d3437c76c0,2025-12-01,2026-01-01,SNNPR,Konso,Karat Zuria,2025,12,,,random_forest,0.4354243200919423,0,moderate
ETH:16702860dbb2,2025-12-01,2026-01-01,Addis Ababa,Lideta,LID_09,2025,12,,,random_forest,0.43534596328367514,0,moderate
ETH:1986f34ba08f,2025-12-01,2026-01-01,Tigray,Western,Setit Humera,2025,12,,,random_forest,0.43483163616415044,0,moderate
ETH:b893a7015e35,2025-12-01,2026-01-01,SNNPR,Halaba,Weeraa,2025,12,,,random_forest,0.4347823505457772,0,moderate
ETH:77f7ec38878a,2025-12-01,2026-01-01,Tigray,Western Tigray,Dansha town,2025,12,,,random_forest,0.4340195289062552,0,moderate
ETH:d24adff2c501,2025-12-01,2026-01-01,Tigray,Eastern Tigray,Gulo Mekeda,2025,12,,,random_forest,0.4319453332175474,0,moderate
ETH:3626fe44ab1e,2025-12-01,2026-01-01,Tigray,South East Tigray,Hagere Selam town,2025,12,,,random_forest,0.4301880551428142,0,moderate
ETH:fd4eaa233fc8,2025-12-01,2026-01-01,Tigray,North West Tigray,Tsimbla,2025,12,,,random_forest,0.42965373180006367,0,moderate
ETH:f7cc68dde0af,2025-12-01,2026-01-01,SNNPR,Wolayta,Boloso Sore,2025,12,,,random_forest,0.42705244153138855,0,moderate
ETH:ed09b040d677,2025-12-01,2026-01-01,SNNPR,Kefa,Chena,2025,12,,,random_forest,0.4269109274684511,0,moderate
ETH:0f8a23f33b7b,2025-12-01,2026-01-01,SNNPR,Kembata Tembaro,Tembaro,2025,12,,,random_forest,0.4254474834368123,0,moderate
ETH:ET010302,2025-12-01,2026-01-01,Tigray,Eastern,Erob,2025,12,,,random_forest,0.4252551540853635,0,moderate
ETH:d55634dd2270,2025-12-01,2026-01-01,SNNPR,Gamo,Selamber town,2025,12,,,random_forest,0.42476655870348884,0,moderate
ETH:ET010213,2025-12-01,2026-01-01,Tigray,Central,Axum town,2025,12,,,random_forest,0.4244504040506742,0,moderate
ETH:a4e3b523ac6b,2025-12-01,2026-01-01,SNNPR,Guraghe,Endegagn,2025,12,,,random_forest,0.4206733486180063,0,moderate
ETH:dbe345b6fa9c,2025-12-01,2026-01-01,SNNPR,Gamo,Kamba Town Admin,2025,12,,,random_forest,0.4190692849485266,0,moderate
ETH:1f6f89b49e6e,2025-12-01,2026-01-01,SNNPR,Gamo,Selamber Town Admin,2025,12,,,random_forest,0.4187307443168947,0,moderate
ETH:001412dad118,2025-12-01,2026-01-01,SNNPR,Kembata Tembaro,Kediada Gambela,2025,12,,,random_forest,0.41498043195035433,0,moderate
ETH:5d48b10f36a5,2025-12-01,2026-01-01,Tigray,North West Tigray,Adi Daero,2025,12,,,random_forest,0.41439712976238186,0,moderate
ETH:4c8c49e8de0f,2025-12-01,2026-01-01,Addis Ababa,Addis Ketema,ADK_03,2025,12,,,random_forest,0.4116049821716205,0,moderate
ETH:9e82315cfbf5,2025-12-01,2026-01-01,SNNPR,Guraghe,Endiguagn,2025,12,,,random_forest,0.41039775924097044,0,moderate
ETH:17c99c2f90ae,2025-12-01,2026-01-01,Tigray,Central Tigray,Abergele (TG),2025,12,,,random_forest,0.4069287937741792,0,moderate
ETH:3b61001851a3,2025-12-01,2026-01-01,SNNPR,Kefa,Saylem,2025,12,,,random_forest,0.40380599635193193,0,moderate
ETH:5079bafabd93,2025-12-01,2026-01-01,SNNPR,Guraghe,Butajira town,2025,12,,,random_forest,0.39728649536366767,0,moderate
