location_id,prediction_period_start,admin1_region,admin2_zone,admin3_woreda,high_surveillance_risk_probability,poor_stool_adequacy_probability,delayed_reporting_probability,under_vaccinated_afp_probability,suspected_poliovirus_probability,alert_level,alert_role,source_zone_high_risk_count,source_zone_max_high_surveillance_risk_probability,source_zone_top_source_woreda,alert_reasons,recommended_action
ETH:ET040617,2026-01-01,Oromia,North Shewa (OR),Aleltu,0.07980209,0.15875658,0.5300464,0.28990963,0.14488839,critical,high_risk_source,3,0.07980209,Aleltu,suspected poliovirus surveillance signal; poor stool adequacy risk; delayed AFP notification or investigation risk; under-vaccinated AFP signal; high next-month surveillance-risk probability,escalate surveillance review without treating it as confirmed outbreak; verify stool collection and specimen handling; strengthen AFP notification and rapid investigation follow-up; prioritize immunization outreach
ETH:a174dd07a002,2026-01-01,Oromia,Arsi,DEKSIS,0.072929256,0.21834534,0.3493359,0.19413649,0.20127454,critical,high_risk_source,10,0.19695368,DEKSIS,suspected poliovirus surveillance signal; poor stool adequacy risk; delayed AFP notification or investigation risk; under-vaccinated AFP signal; high next-month surveillance-risk probability,escalate surveillance review without treating it as confirmed outbreak; verify stool collection and specimen handling; strengthen AFP notification and rapid investigation follow-up; prioritize immunization outreach
ETH:ET041701,2026-01-01,Oromia,West Arsi,Siraro,0.06952575,0.22076765,0.78721595,0.3918674,0.131911,critical,high_risk_source,2,0.06952575,Siraro,suspected poliovirus surveillance signal; poor stool adequacy risk; delayed AFP notification or investigation risk; under-vaccinated AFP signal; high next-month surveillance-risk probability,escalate surveillance review without treating it as confirmed outbreak; verify stool collection and specimen handling; strengthen AFP notification and rapid investigation follow-up; prioritize immunization outreach
ETH:c5f93dad7829,2026-01-01,Dire Dawa,Dire Dawa,Dire Dawa Operational Woreda,0.06860261,0.2367705,0.3476029,0.15455842,0.18499425,critical,high_risk_source,1,0.06860261,Dire Dawa Operational Woreda,suspected poliovirus surveillance signal; poor stool adequacy risk; delayed AFP notification or investigation risk; under-vaccinated AFP signal; high next-month surveillance-risk probability,escalate surveillance review without treating it as confirmed outbreak; verify stool collection and specimen handling; strengthen AFP notification and rapid investigation follow-up; prioritize immunization outreach
ETH:ET040502,2026-01-01,Oromia,West Shewa,Jeldu,0.06720228,0.14916404,0.52464056,0.20008525,0.164269,critical,high_risk_source,5,0.09434032,Jeldu,suspected poliovirus surveillance signal; poor stool adequacy risk; delayed AFP notification or investigation risk; under-vaccinated AFP signal; high next-month surveillance-risk probability,escalate surveillance review without treating it as confirmed outbreak; verify stool collection and specimen handling; strengthen AFP notification and rapid investigation follow-up; prioritize immunization outreach
ETH:2fc744ae5da1,2026-01-01,Oromia,Borena,Moyalee,0.06703287,0.1964312,0.38764092,0.25148615,0.17853267,critical,high_risk_source,3,0.06703287,Moyalee,suspected poliovirus surveillance signal; poor stool adequacy risk; delayed AFP notification or investigation risk; under-vaccinated AFP signal; high next-month surveillance-risk probability,escalate surveillance review without treating it as confirmed outbreak; verify stool collection and specimen handling; strengthen AFP notification and rapid investigation follow-up; prioritize immunization outreach
ETH:ET040590,2026-01-01,Oromia,West Shewa,Ejersa Lafo,0.06549671,0.13526395,0.47743547,0.11941963,0.11451475,critical,high_risk_source,5,0.09434032,Jeldu,suspected poliovirus surveillance signal; poor stool adequacy risk; delayed AFP notification or investigation risk; under-vaccinated AFP signal; high next-month surveillance-risk probability,escalate surveillance review without treating it as confirmed outbreak; verify stool collection and specimen handling; strengthen AFP notification and rapid investigation follow-up; prioritize immunization outreach
ETH:2434deed3a8d,2026-01-01,Oromia,East Shewa,Adami Tulu Jido Kombolcha,0.04479157,0.10816561,0.40158123,0.2243223,0.17894937,critical,high_risk_source,2,0.04479157,Adami Tulu Jido Kombolcha,suspected poliovirus surveillance signal; poor stool adequacy risk; delayed AFP notification or investigation risk; under-vaccinated AFP signal,escalate surveillance review without treating it as confirmed outbreak; verify stool collection and specimen handling; strengthen AFP notification and rapid investigation follow-up; prioritize immunization outreach
ETH:ET080108,2026-01-01,South Ethiopia,Wolayita,Boloso Bombe,0.036849186,0.18677403,0.822769,0.27042454,0.1608587,critical,high_risk_source,5,0.036849186,Boloso Bombe,suspected poliovirus surveillance signal; poor stool adequacy risk; delayed AFP notification or investigation risk; under-vaccinated AFP signal,escalate surveillance review without treating it as confirmed outbreak; verify stool collection and specimen handling; strengthen AFP notification and rapid investigation follow-up; prioritize immunization outreach
ETH:e8058ffc10ff,2026-01-01,South Ethiopia,Gedeo,Chorso,0.025382634,0.08484962,0.513398,0.16377608,0.10386126,critical,high_risk_source,2,0.025382634,Chorso,suspected poliovirus surveillance signal; poor stool adequacy risk; delayed AFP notification or investigation risk; under-vaccinated AFP signal,escalate surveillance review without treating it as confirmed outbreak; verify stool collection and specimen handling; strengthen AFP notification and rapid investigation follow-up; prioritize immunization outreach
ETH:0df65e65f5a1,2026-01-01,South West Ethiopia,West Omo,Menit goldia WorHO,0.02421668,0.16104357,0.70075446,0.42375773,0.093995236,critical,high_risk_source,1,0.02421668,Menit goldia WorHO,suspected poliovirus surveillance signal; poor stool adequacy risk; delayed AFP notification or investigation risk; under-vaccinated AFP signal,escalate surveillance review without treating it as confirmed outbreak; verify stool collection and specimen handling; strengthen AFP notification and rapid investigation follow-up; prioritize immunization outreach
ETH:532f4173cd1b,2026-01-01,Oromia,East Borena,Madawalabu,0.022674123,0.20045161,0.34071457,0.25361192,0.11060563,critical,high_risk_source,4,0.022674123,Madawalabu,suspected poliovirus surveillance signal; poor stool adequacy risk; delayed AFP notification or investigation risk; under-vaccinated AFP signal,escalate surveillance review without treating it as confirmed outbreak; verify stool collection and specimen handling; strengthen AFP notification and rapid investigation follow-up; prioritize immunization outreach
ETH:7420d2c9e571,2026-01-01,Amhara,Central Gondar,Lay Armachiho,0.019717451,0.22640292,0.34666032,0.1777185,0.20933898,critical,high_risk_source,2,0.019717451,Lay Armachiho,suspected poliovirus surveillance signal; poor stool adequacy risk; delayed AFP notification or investigation risk; under-vaccinated AFP signal,escalate surveillance review without treating it as confirmed outbreak; verify stool collection and specimen handling; strengthen AFP notification and rapid investigation follow-up; prioritize immunization outreach
ETH:86ad31c200fc,2026-01-01,Amhara,South Wolo,Kallu,0.016548814,0.32906625,0.56748736,0.33773422,0.058133163,critical,high_risk_source,4,0.016548814,Kallu,suspected poliovirus surveillance signal; poor stool adequacy risk; delayed AFP notification or investigation risk; under-vaccinated AFP signal,escalate surveillance review without treating it as confirmed outbreak; verify stool collection and specimen handling; strengthen AFP notification and rapid investigation follow-up; prioritize immunization outreach
ETH:7722fe2493d2,2026-01-01,Amhara,North Shewa (AM),Angolela,0.014617951,0.14357126,0.4981284,0.17873906,0.3414704,critical,high_risk_source,9,0.014617951,Angolela,suspected poliovirus surveillance signal; poor stool adequacy risk; delayed AFP notification or investigation risk; under-vaccinated AFP signal,escalate surveillance review without treating it as confirmed outbreak; verify stool collection and specimen handling; strengthen AFP notification and rapid investigation follow-up; prioritize immunization outreach
ETH:f9a36c3ca851,2026-01-01,Amhara,Wag Himra,Dehana,0.014237308,0.19416045,0.8730607,0.17493579,0.08109563,critical,high_risk_source,1,0.014237308,Dehana,suspected poliovirus surveillance signal; poor stool adequacy risk; delayed AFP notification or investigation risk; lab result delay risk; under-vaccinated AFP signal,escalate surveillance review without treating it as confirmed outbreak; verify stool collection and specimen handling; strengthen AFP notification and rapid investigation follow-up; follow up lab reporting pipeline; prioritize immunization outreach
ETH:e2959373a295,2026-01-01,Central Ethiopia,Guraghie,Emidibr town,0.013141292,0.3948217,0.49362314,0.2514708,0.52893585,critical,high_risk_source,2,0.013141292,Emidibr town,suspected poliovirus surveillance signal; poor stool adequacy risk; delayed AFP notification or investigation risk; under-vaccinated AFP signal,escalate surveillance review without treating it as confirmed outbreak; verify stool collection and specimen handling; strengthen AFP notification and rapid investigation follow-up; prioritize immunization outreach
ETH:8e95ac61ec07,2026-01-01,South Ethiopia,Gamo,Arbaminch Zuria,0.011783849,0.123114526,0.48755807,0.36543477,0.4093015,critical,high_risk_source,3,0.011783849,Arbaminch Zuria,suspected poliovirus surveillance signal; poor stool adequacy risk; delayed AFP notification or investigation risk; under-vaccinated AFP signal,escalate surveillance review without treating it as confirmed outbreak; verify stool collection and specimen handling; strengthen AFP notification and rapid investigation follow-up; prioritize immunization outreach
ETH:c9b183d534ce,2026-01-01,Oromia,West Hararge,Anchar WorHO,0.010975016,0.11026475,0.60552084,0.33502606,0.1632777,critical,high_risk_source,4,0.010975016,Anchar WorHO,suspected poliovirus surveillance signal; poor stool adequacy risk; delayed AFP notification or investigation risk; under-vaccinated AFP signal,escalate surveillance review without treating it as confirmed outbreak; verify stool collection and specimen handling; strengthen AFP notification and rapid investigation follow-up; prioritize immunization outreach
ETH:75b508cfcb66,2026-01-01,Oromia,Shagar City,Melka Nonno,0.009797125,0.38597447,0.47354802,0.2129153,0.5069516,critical,high_risk_source,8,0.013875342,Melka Nonno,suspected poliovirus surveillance signal; poor stool adequacy risk; delayed AFP notification or investigation risk; under-vaccinated AFP signal,escalate surveillance review without treating it as confirmed outbreak; verify stool collection and specimen handling; strengthen AFP notification and rapid investigation follow-up; prioritize immunization outreach
ETH:a51b04736859,2026-01-01,Oromia,Bale,Dellomennaa,0.009682106,0.3134264,0.4090769,0.117036276,0.38181296,critical,high_risk_source,2,0.009682106,Dellomennaa,suspected poliovirus surveillance signal; poor stool adequacy risk; delayed AFP notification or investigation risk; under-vaccinated AFP signal,escalate surveillance review without treating it as confirmed outbreak; verify stool collection and specimen handling; strengthen AFP notification and rapid investigation follow-up; prioritize immunization outreach
ETH:20df926bd5f2,2026-01-01,Oromia,East Shewa,Boora,0.009219897,0.47933808,0.6959513,0.2169158,0.27218828,critical,high_risk_source,2,0.04479157,Adami Tulu Jido Kombolcha,suspected poliovirus surveillance signal; poor stool adequacy risk; delayed AFP notification or investigation risk; under-vaccinated AFP signal,escalate surveillance review without treating it as confirmed outbreak; verify stool collection and specimen handling; strengthen AFP notification and rapid investigation follow-up; prioritize immunization outreach
ETH:ET070308,2026-01-01,Central Ethiopia,Kembata,Durame Town,0.00889822,0.30520576,0.837978,0.21689932,0.115780465,critical,high_risk_source,1,0.00889822,Durame Town,suspected poliovirus surveillance signal; poor stool adequacy risk; delayed AFP notification or investigation risk; lab result delay risk; under-vaccinated AFP signal,escalate surveillance review without treating it as confirmed outbreak; verify stool collection and specimen handling; strengthen AFP notification and rapid investigation follow-up; follow up lab reporting pipeline; prioritize immunization outreach
ETH:fb4ceb0edfab,2026-01-01,Amhara,East Gojjam,Mesikan,0.008097793,0.29045102,0.42716238,0.2076162,0.057073772,critical,high_risk_source,7,0.008097793,Mesikan,suspected poliovirus surveillance signal; poor stool adequacy risk; delayed AFP notification or investigation risk; under-vaccinated AFP signal,escalate surveillance review without treating it as confirmed outbreak; verify stool collection and specimen handling; strengthen AFP notification and rapid investigation follow-up; prioritize immunization outreach
ETH:828c2bb1e812,2026-01-01,Oromia,Shagar City,Mana Abuchu,0.008048595,0.28806394,0.862401,0.3165319,0.054900043,critical,high_risk_source,8,0.013875342,Melka Nonno,suspected poliovirus surveillance signal; poor stool adequacy risk; delayed AFP notification or investigation risk; under-vaccinated AFP signal,escalate surveillance review without treating it as confirmed outbreak; verify stool collection and specimen handling; strengthen AFP notification and rapid investigation follow-up; prioritize immunization outreach
ETH:9bc8d150cb75,2026-01-01,Amhara,North Shewa (AM),Tarmaber,0.006370307,0.054273635,0.29551336,0.23249981,0.30181527,critical,high_risk_source,9,0.014617951,Angolela,suspected poliovirus surveillance signal; poor stool adequacy risk; delayed AFP notification or investigation risk; under-vaccinated AFP signal,escalate surveillance review without treating it as confirmed outbreak; verify stool collection and specimen handling; strengthen AFP notification and rapid investigation follow-up; prioritize immunization outreach
ETH:eea7d35c3c10,2026-01-01,Amhara,South Wolo,Dessiezuria,0.005544761,0.39026916,0.38187206,0.19598106,0.07028042,critical,high_risk_source,4,0.016548814,Kallu,suspected poliovirus surveillance signal; poor stool adequacy risk; delayed AFP notification or investigation risk; under-vaccinated AFP signal,escalate surveillance review without treating it as confirmed outbreak; verify stool collection and specimen handling; strengthen AFP notification and rapid investigation follow-up; prioritize immunization outreach
ETH:ET041216,2026-01-01,Oromia,Borena,Miyo,0.004298133,0.2473905,0.56390554,0.2091254,0.14776011,critical,high_risk_source,3,0.06703287,Moyalee,suspected poliovirus surveillance signal; poor stool adequacy risk; delayed AFP notification or investigation risk; under-vaccinated AFP signal,escalate surveillance review without treating it as confirmed outbreak; verify stool collection and specimen handling; strengthen AFP notification and rapid investigation follow-up; prioritize immunization outreach
ETH:06e297f92446,2026-01-01,Oromia,East Bale,Dawa Kechan,0.004042047,0.10232249,0.33743042,0.25542924,0.050713982,critical,high_risk_source,1,0.004042047,Dawa Kechan,suspected poliovirus surveillance signal; poor stool adequacy risk; delayed AFP notification or investigation risk; under-vaccinated AFP signal,escalate surveillance review without treating it as confirmed outbreak; verify stool collection and specimen handling; strengthen AFP notification and rapid investigation follow-up; prioritize immunization outreach
ETH:7f228152a195,2026-01-01,Tigray,Central Tigray,Rama,0.0037629856,0.6104733,0.6683214,0.30062112,0.07934652,critical,high_risk_source,3,0.0037629856,Rama,suspected poliovirus surveillance signal; poor stool adequacy risk; delayed AFP notification or investigation risk; under-vaccinated AFP signal,escalate surveillance review without treating it as confirmed outbreak; verify stool collection and specimen handling; strengthen AFP notification and rapid investigation follow-up; prioritize immunization outreach
ETH:703a9213f112,2026-01-01,Amhara,South Gonder,Libo kemkem,0.003749955,0.3838518,0.44166005,0.24567136,0.54685134,critical,high_risk_source,6,0.003749955,Libo kemkem,suspected poliovirus surveillance signal; poor stool adequacy risk; delayed AFP notification or investigation risk; under-vaccinated AFP signal,escalate surveillance review without treating it as confirmed outbreak; verify stool collection and specimen handling; strengthen AFP notification and rapid investigation follow-up; prioritize immunization outreach
ETH:c760ee4d3e50,2026-01-01,South Ethiopia,Wolayita,Sodo Zuriya,0.003749955,0.18914919,0.44449636,0.3938205,0.29172537,critical,high_risk_source,5,0.036849186,Boloso Bombe,suspected poliovirus surveillance signal; poor stool adequacy risk; delayed AFP notification or investigation risk; under-vaccinated AFP signal,escalate surveillance review without treating it as confirmed outbreak; verify stool collection and specimen handling; strengthen AFP notification and rapid investigation follow-up; prioritize immunization outreach
ETH:e85802f33065,2026-01-01,Oromia,East Hararge,Fadis,0.003675171,0.07001306,0.3211014,0.38790447,0.09468388,critical,high_risk_source,12,0.03184408,Fadis,suspected poliovirus surveillance signal; poor stool adequacy risk; delayed AFP notification or investigation risk; under-vaccinated AFP signal,escalate surveillance review without treating it as confirmed outbreak; verify stool collection and specimen handling; strengthen AFP notification and rapid investigation follow-up; prioritize immunization outreach
ETH:5c0348a5d25b,2026-01-01,Oromia,South West Shewa,Bacho,0.003606647,0.22554809,0.47486618,0.30968082,0.08496115,critical,high_risk_source,2,0.003606647,Bacho,suspected poliovirus surveillance signal; poor stool adequacy risk; delayed AFP notification or investigation risk; lab result delay risk; under-vaccinated AFP signal,escalate surveillance review without treating it as confirmed outbreak; verify stool collection and specimen handling; strengthen AFP notification and rapid investigation follow-up; follow up lab reporting pipeline; prioritize immunization outreach
ETH:07b548cf3fac,2026-01-01,Amhara,North Wollo,Meket,0.003540008,0.13648295,0.69832325,0.25415787,0.10011159,critical,high_risk_source,7,0.003540008,Meket,suspected poliovirus surveillance signal; poor stool adequacy risk; delayed AFP notification or investigation risk; under-vaccinated AFP signal,escalate surveillance review without treating it as confirmed outbreak; verify stool collection and specimen handling; strengthen AFP notification and rapid investigation follow-up; prioritize immunization outreach
ETH:05fde8684fe4,2026-01-01,Amhara,North Wollo,Kobo Town,0.0034130255,0.42996383,0.73494166,0.23462868,0.19390324,critical,high_risk_source,7,0.003540008,Meket,suspected poliovirus surveillance signal; poor stool adequacy risk; delayed AFP notification or investigation risk; lab result delay risk; under-vaccinated AFP signal,escalate surveillance review without treating it as confirmed outbreak; verify stool collection and specimen handling; strengthen AFP notification and rapid investigation follow-up; follow up lab reporting pipeline; prioritize immunization outreach
ETH:63a1e4679107,2026-01-01,Oromia,Shagar City,Burayu Town,0.0033902247,0.21964753,0.37991735,0.16857286,0.05477721,critical,high_risk_source,8,0.013875342,Melka Nonno,suspected poliovirus surveillance signal; poor stool adequacy risk; delayed AFP notification or investigation risk; under-vaccinated AFP signal,escalate surveillance review without treating it as confirmed outbreak; verify stool collection and specimen handling; strengthen AFP notification and rapid investigation follow-up; prioritize immunization outreach
ETH:3d6ff697aeb7,2026-01-01,Addis Ababa,Arada,Arada,0.003365747,0.05213097,0.512627,0.19068606,0.11820319,critical,high_risk_source,1,0.003365747,Arada,suspected poliovirus surveillance signal; poor stool adequacy risk; delayed AFP notification or investigation risk; under-vaccinated AFP signal,escalate surveillance review without treating it as confirmed outbreak; verify stool collection and specimen handling; strengthen AFP notification and rapid investigation follow-up; prioritize immunization outreach
ETH:d85588c4cba4,2026-01-01,Oromia,Ilu Aba Bora,Allee,0.0032337157,0.11934445,0.34999686,0.14293651,0.20528825,critical,high_risk_source,2,0.0032337157,Allee,suspected poliovirus surveillance signal; poor stool adequacy risk; delayed AFP notification or investigation risk; under-vaccinated AFP signal,escalate surveillance review without treating it as confirmed outbreak; verify stool collection and specimen handling; strengthen AFP notification and rapid investigation follow-up; prioritize immunization outreach
ETH:a79e744a07ec,2026-01-01,Tigray,Southern,E/Alaje,0.002859219,0.029525768,0.34228867,0.21695167,0.096553005,critical,high_risk_source,1,0.002859219,E/Alaje,suspected poliovirus surveillance signal; delayed AFP notification or investigation risk; under-vaccinated AFP signal,escalate surveillance review without treating it as confirmed outbreak; strengthen AFP notification and rapid investigation follow-up; prioritize immunization outreach
ETH:d0aebf15f908,2026-01-01,Oromia,Shagar City,Gelan,0.0027728307,0.2575511,0.59903556,0.12682797,0.30212057,critical,high_risk_source,8,0.013875342,Melka Nonno,suspected poliovirus surveillance signal; poor stool adequacy risk; delayed AFP notification or investigation risk; lab result delay risk; under-vaccinated AFP signal,escalate surveillance review without treating it as confirmed outbreak; verify stool collection and specimen handling; strengthen AFP notification and rapid investigation follow-up; follow up lab reporting pipeline; prioritize immunization outreach
ETH:2083f1bc1156,2026-01-01,Somali,Liben,Dolo-Ado,0.002697265,0.040743224,0.28639248,0.15273225,0.07931702,critical,high_risk_source,1,0.002697265,Dolo-Ado,suspected poliovirus surveillance signal; delayed AFP notification or investigation risk; under-vaccinated AFP signal,escalate surveillance review without treating it as confirmed outbreak; strengthen AFP notification and rapid investigation follow-up; prioritize immunization outreach
ETH:2eb9798cdeb5,2026-01-01,Benishangul Gumuz,Kamashi,Mizhiga,0.0026944422,0.22087938,0.80537564,0.16227561,0.4119303,critical,high_risk_source,1,0.0026944422,Mizhiga,suspected poliovirus surveillance signal; poor stool adequacy risk; delayed AFP notification or investigation risk; lab result delay risk; under-vaccinated AFP signal,escalate surveillance review without treating it as confirmed outbreak; verify stool collection and specimen handling; strengthen AFP notification and rapid investigation follow-up; follow up lab reporting pipeline; prioritize immunization outreach
ETH:4278fdea0a08,2026-01-01,Oromia,Borena,Elwaye,0.0026944422,0.47447738,0.61625487,0.098440684,0.079511754,critical,high_risk_source,3,0.06703287,Moyalee,suspected poliovirus surveillance signal; poor stool adequacy risk; delayed AFP notification or investigation risk; lab result delay risk; under-vaccinated AFP signal,escalate surveillance review without treating it as confirmed outbreak; verify stool collection and specimen handling; strengthen AFP notification and rapid investigation follow-up; follow up lab reporting pipeline; prioritize immunization outreach
ETH:ET050503,2026-01-01,Somali,Korahe,Shilabo,0.0023949938,0.152037,0.3344462,0.108960114,0.22264448,critical,high_risk_source,2,0.0023949938,Shilabo,suspected poliovirus surveillance signal; poor stool adequacy risk; delayed AFP notification or investigation risk; under-vaccinated AFP signal,escalate surveillance review without treating it as confirmed outbreak; verify stool collection and specimen handling; strengthen AFP notification and rapid investigation follow-up; prioritize immunization outreach
ETH:01955d264b98,2026-01-01,South West Ethiopia,Kefa,Sayilem,0.002351863,0.5422497,0.88799995,0.072409414,0.28453016,critical,high_risk_source,1,0.002351863,Sayilem,suspected poliovirus surveillance signal; poor stool adequacy risk; delayed AFP notification or investigation risk; lab result delay risk; under-vaccinated AFP signal,escalate surveillance review without treating it as confirmed outbreak; verify stool collection and specimen handling; strengthen AFP notification and rapid investigation follow-up; follow up lab reporting pipeline; prioritize immunization outreach
ETH:ET040197,2026-01-01,Oromia,West Wellega,Leta Sibu,0.002351863,0.39417595,0.756724,0.088450894,0.26049918,critical,high_risk_source,4,0.025295088,Leta Sibu,suspected poliovirus surveillance signal; poor stool adequacy risk; delayed AFP notification or investigation risk; lab result delay risk; under-vaccinated AFP signal,escalate surveillance review without treating it as confirmed outbreak; verify stool collection and specimen handling; strengthen AFP notification and rapid investigation follow-up; follow up lab reporting pipeline; prioritize immunization outreach
ETH:92c1accfb5a1,2026-01-01,Oromia,Maya City,Maya City,0.002337102,0.46803582,0.76891845,0.13967554,0.13761553,critical,high_risk_source,1,0.002337102,Maya City,suspected poliovirus surveillance signal; poor stool adequacy risk; delayed AFP notification or investigation risk; under-vaccinated AFP signal,escalate surveillance review without treating it as confirmed outbreak; verify stool collection and specimen handling; strengthen AFP notification and rapid investigation follow-up; prioritize immunization outreach
ETH:cf71b7b1aee7,2026-01-01,Oromia,KELEM,Anfilo,0.0023325512,0.055300687,0.56059515,0.24570547,0.08831161,critical,high_risk_source,3,0.0041727084,Anfilo,suspected poliovirus surveillance signal; poor stool adequacy risk; delayed AFP notification or investigation risk; under-vaccinated AFP signal,escalate surveillance review without treating it as confirmed outbreak; verify stool collection and specimen handling; strengthen AFP notification and rapid investigation follow-up; prioritize immunization outreach
ETH:d0af0a285af6,2026-01-01,Oromia,East Borena,Liban,0.0023242338,0.41517848,0.46458447,0.051107403,0.092461556,critical,high_risk_source,4,0.022674123,Madawalabu,suspected poliovirus surveillance signal; poor stool adequacy risk; delayed AFP notification or investigation risk; lab result delay risk; under-vaccinated AFP signal,escalate surveillance review without treating it as confirmed outbreak; verify stool collection and specimen handling; strengthen AFP notification and rapid investigation follow-up; follow up lab reporting pipeline; prioritize immunization outreach
ETH:c69942659ffd,2026-01-01,Sidama,North Sidama,Borricha,0.0021347327,0.2150086,0.47089657,0.29772675,0.12763318,critical,high_risk_source,4,0.016407011,Borricha,suspected poliovirus surveillance signal; poor stool adequacy risk; delayed AFP notification or investigation risk; under-vaccinated AFP signal,escalate surveillance review without treating it as confirmed outbreak; verify stool collection and specimen handling; strengthen AFP notification and rapid investigation follow-up; prioritize immunization outreach
ETH:30d65da00e5e,2026-01-01,Sidama,East Sidama,Hoko,0.0021162068,0.5404383,0.49473593,0.07909294,0.06669065,critical,high_risk_source,5,0.0021162068,Hoko,suspected poliovirus surveillance signal; poor stool adequacy risk; delayed AFP notification or investigation risk; lab result delay risk; under-vaccinated AFP signal,escalate surveillance review without treating it as confirmed outbreak; verify stool collection and specimen handling; strengthen AFP notification and rapid investigation follow-up; follow up lab reporting pipeline; prioritize immunization outreach
ETH:ET041608,2026-01-01,Oromia,Buno Bedele,Dedesa,0.0021162068,0.68284416,0.48329553,0.060863227,0.051229883,critical,high_risk_source,1,0.0021162068,Dedesa,suspected poliovirus surveillance signal; poor stool adequacy risk; delayed AFP notification or investigation risk; lab result delay risk; under-vaccinated AFP signal,escalate surveillance review without treating it as confirmed outbreak; verify stool collection and specimen handling; strengthen AFP notification and rapid investigation follow-up; follow up lab reporting pipeline; prioritize immunization outreach
ETH:1302cb556ee4,2026-01-01,Amhara,OROMIYA,Jile Timuga,0.0021090605,0.19772494,0.5741888,0.23894191,0.1470717,critical,high_risk_source,1,0.0021090605,Jile Timuga,suspected poliovirus surveillance signal; poor stool adequacy risk; delayed AFP notification or investigation risk; lab result delay risk; under-vaccinated AFP signal,escalate surveillance review without treating it as confirmed outbreak; verify stool collection and specimen handling; strengthen AFP notification and rapid investigation follow-up; follow up lab reporting pipeline; prioritize immunization outreach
ETH:e2fc45ec5763,2026-01-01,Amhara,North Shewa (AM),Minjar,0.00205936,0.03768382,0.34131032,0.35561168,0.08519311,critical,high_risk_source,9,0.014617951,Angolela,suspected poliovirus surveillance signal; delayed AFP notification or investigation risk; under-vaccinated AFP signal,escalate surveillance review without treating it as confirmed outbreak; strengthen AFP notification and rapid investigation follow-up; prioritize immunization outreach
ETH:798bba5f6493,2026-01-01,Sidama,Central Sidama,Arbegona,0.002008942,0.21836576,0.4289068,0.2438301,0.1261798,critical,high_risk_source,1,0.002008942,Arbegona,suspected poliovirus surveillance signal; poor stool adequacy risk; delayed AFP notification or investigation risk; under-vaccinated AFP signal,escalate surveillance review without treating it as confirmed outbreak; verify stool collection and specimen handling; strengthen AFP notification and rapid investigation follow-up; prioritize immunization outreach
ETH:a8e3c8245fda,2026-01-01,Addis Ababa,Lideta,Lideta,0.0020080435,0.27614295,0.62165165,0.50018215,0.101235524,critical,high_risk_source,1,0.0020080435,Lideta,suspected poliovirus surveillance signal; poor stool adequacy risk; delayed AFP notification or investigation risk; under-vaccinated AFP signal,escalate surveillance review without treating it as confirmed outbreak; verify stool collection and specimen handling; strengthen AFP notification and rapid investigation follow-up; prioritize immunization outreach
ETH:9706446bf9ce,2026-01-01,Oromia,West Shewa,Chelia,0.0019879437,0.20718946,0.3265041,0.30356178,0.1673075,critical,high_risk_source,5,0.09434032,Jeldu,suspected poliovirus surveillance signal; poor stool adequacy risk; delayed AFP notification or investigation risk; under-vaccinated AFP signal,escalate surveillance review without treating it as confirmed outbreak; verify stool collection and specimen handling; strengthen AFP notification and rapid investigation follow-up; prioritize immunization outreach
ETH:ET040812,2026-01-01,Oromia,Arsi,ROBE,0.0019879437,0.28685424,0.645138,0.39514846,0.12138201,critical,high_risk_source,10,0.19695368,DEKSIS,suspected poliovirus surveillance signal; poor stool adequacy risk; delayed AFP notification or investigation risk; under-vaccinated AFP signal,escalate surveillance review without treating it as confirmed outbreak; verify stool collection and specimen handling; strengthen AFP notification and rapid investigation follow-up; prioritize immunization outreach
ETH:5780745a4af6,2026-01-01,Amhara,North Shewa (AM),Eferata,0.0019845737,0.23788168,0.704134,0.18037933,0.12595329,critical,high_risk_source,9,0.014617951,Angolela,suspected poliovirus surveillance signal; poor stool adequacy risk; delayed AFP notification or investigation risk; lab result delay risk; under-vaccinated AFP signal,escalate surveillance review without treating it as confirmed outbreak; verify stool collection and specimen handling; strengthen AFP notification and rapid investigation follow-up; follow up lab reporting pipeline; prioritize immunization outreach
ETH:ET041114,2026-01-01,Oromia,Bale,Berbere,0.0019845737,0.49032742,0.6620884,0.089923255,0.3229252,critical,high_risk_source,2,0.009682106,Dellomennaa,suspected poliovirus surveillance signal; poor stool adequacy risk; delayed AFP notification or investigation risk; lab result delay risk; under-vaccinated AFP signal,escalate surveillance review without treating it as confirmed outbreak; verify stool collection and specimen handling; strengthen AFP notification and rapid investigation follow-up; follow up lab reporting pipeline; prioritize immunization outreach
ETH:3ac54b092d71,2026-01-01,Oromia,JIMMA,Gomma,0.001983892,0.16215277,0.40086123,0.279385,0.4521566,critical,high_risk_source,2,0.001983892,Gomma,suspected poliovirus surveillance signal; poor stool adequacy risk; delayed AFP notification or investigation risk; lab result delay risk; under-vaccinated AFP signal,escalate surveillance review without treating it as confirmed outbreak; verify stool collection and specimen handling; strengthen AFP notification and rapid investigation follow-up; follow up lab reporting pipeline; prioritize immunization outreach
ETH:ET080109,2026-01-01,South Ethiopia,Wolayita,Damot Sore,0.001983892,0.07461072,0.31270826,0.3007748,0.12824161,critical,high_risk_source,5,0.036849186,Boloso Bombe,suspected poliovirus surveillance signal; poor stool adequacy risk; delayed AFP notification or investigation risk; lab result delay risk; under-vaccinated AFP signal,escalate surveillance review without treating it as confirmed outbreak; verify stool collection and specimen handling; strengthen AFP notification and rapid investigation follow-up; follow up lab reporting pipeline; prioritize immunization outreach
ETH:ET040217,2026-01-01,Oromia,East Wellega,Kiremu,0.0019616652,0.4105621,0.49838215,0.23407747,0.09366503,critical,high_risk_source,4,0.0019616652,Kiremu,suspected poliovirus surveillance signal; poor stool adequacy risk; delayed AFP notification or investigation risk; lab result delay risk; under-vaccinated AFP signal,escalate surveillance review without treating it as confirmed outbreak; verify stool collection and specimen handling; strengthen AFP notification and rapid investigation follow-up; follow up lab reporting pipeline; prioritize immunization outreach
ETH:1062041c28ed,2026-01-01,Oromia,West Wellega,Nedjo Rural,0.0019312449,0.29718578,0.64961046,0.2614815,0.09837194,critical,high_risk_source,4,0.025295088,Leta Sibu,suspected poliovirus surveillance signal; poor stool adequacy risk; delayed AFP notification or investigation risk; under-vaccinated AFP signal,escalate surveillance review without treating it as confirmed outbreak; verify stool collection and specimen handling; strengthen AFP notification and rapid investigation follow-up; prioritize immunization outreach
ETH:d8f775650b15,2026-01-01,Oromia,East Hararge,Dadar,0.0018919269,0.17736095,0.59475875,0.2487954,0.15780912,critical,high_risk_source,12,0.03184408,Fadis,suspected poliovirus surveillance signal; poor stool adequacy risk; delayed AFP notification or investigation risk; lab result delay risk; under-vaccinated AFP signal,escalate surveillance review without treating it as confirmed outbreak; verify stool collection and specimen handling; strengthen AFP notification and rapid investigation follow-up; follow up lab reporting pipeline; prioritize immunization outreach
ETH:ET080215,2026-01-01,South Ethiopia,Gamo,Kemba Zuria,0.0018452281,0.14215685,0.20755169,0.18731731,0.0546937,critical,high_risk_source,3,0.011783849,Arbaminch Zuria,suspected poliovirus surveillance signal; poor stool adequacy risk; delayed AFP notification or investigation risk; under-vaccinated AFP signal,escalate surveillance review without treating it as confirmed outbreak; verify stool collection and specimen handling; strengthen AFP notification and rapid investigation follow-up; prioritize immunization outreach
ETH:73eaa3b43c48,2026-01-01,Oromia,East Borena,Gumi Eldalo,0.0018282676,0.24567476,0.5659392,0.221821,0.13763101,critical,high_risk_source,4,0.022674123,Madawalabu,suspected poliovirus surveillance signal; poor stool adequacy risk; delayed AFP notification or investigation risk; lab result delay risk; under-vaccinated AFP signal,escalate surveillance review without treating it as confirmed outbreak; verify stool collection and specimen handling; strengthen AFP notification and rapid investigation follow-up; follow up lab reporting pipeline; prioritize immunization outreach
ETH:200e02d8876e,2026-01-01,Sidama,Southern Sidama,Teticha,0.0017485006,0.26555085,0.6026081,0.28261724,0.09475225,critical,high_risk_source,3,0.0034245749,Teticha,suspected poliovirus surveillance signal; poor stool adequacy risk; delayed AFP notification or investigation risk; lab result delay risk; under-vaccinated AFP signal,escalate surveillance review without treating it as confirmed outbreak; verify stool collection and specimen handling; strengthen AFP notification and rapid investigation follow-up; follow up lab reporting pipeline; prioritize immunization outreach
ETH:a24f696686ce,2026-01-01,South Ethiopia,Gedeo,Wenago Woreda,0.0017485006,0.4087178,0.8153654,0.072376564,0.2495347,critical,high_risk_source,2,0.025382634,Chorso,suspected poliovirus surveillance signal; poor stool adequacy risk; delayed AFP notification or investigation risk; lab result delay risk; under-vaccinated AFP signal,escalate surveillance review without treating it as confirmed outbreak; verify stool collection and specimen handling; strengthen AFP notification and rapid investigation follow-up; follow up lab reporting pipeline; prioritize immunization outreach
ETH:bbaca657e811,2026-01-01,Central Ethiopia,Siliti,West azernet,0.0017485006,0.42221478,0.5925109,0.2195345,0.43814498,critical,high_risk_source,4,0.08312561,West azernet,suspected poliovirus surveillance signal; poor stool adequacy risk; delayed AFP notification or investigation risk; lab result delay risk; under-vaccinated AFP signal,escalate surveillance review without treating it as confirmed outbreak; verify stool collection and specimen handling; strengthen AFP notification and rapid investigation follow-up; follow up lab reporting pipeline; prioritize immunization outreach
ETH:2a1e0da17b98,2026-01-01,Amhara,South Wolo,Kutaber,0.0016867548,0.23124738,0.6718296,0.18111844,0.093242586,critical,high_risk_source,4,0.016548814,Kallu,suspected poliovirus surveillance signal; poor stool adequacy risk; delayed AFP notification or investigation risk; lab result delay risk; under-vaccinated AFP signal,escalate surveillance review without treating it as confirmed outbreak; verify stool collection and specimen handling; strengthen AFP notification and rapid investigation follow-up; follow up lab reporting pipeline; prioritize immunization outreach
ETH:c51c5a63cfaa,2026-01-01,Benishangul Gumuz,Assosa,Abrahamo,0.0016867548,0.16407298,0.3991895,0.17247629,0.2481294,critical,high_risk_source,2,0.010120103,Abrahamo,suspected poliovirus surveillance signal; poor stool adequacy risk; delayed AFP notification or investigation risk; lab result delay risk; under-vaccinated AFP signal,escalate surveillance review without treating it as confirmed outbreak; verify stool collection and specimen handling; strengthen AFP notification and rapid investigation follow-up; follow up lab reporting pipeline; prioritize immunization outreach
ETH:e81816daa521,2026-01-01,Tigray,Eastern Tigray,Subhasaesie,0.0016867548,0.2555944,0.6733323,0.18879482,0.26982963,critical,high_risk_source,2,0.0016867548,Subhasaesie,suspected poliovirus surveillance signal; poor stool adequacy risk; delayed AFP notification or investigation risk; lab result delay risk; under-vaccinated AFP signal,escalate surveillance review without treating it as confirmed outbreak; verify stool collection and specimen handling; strengthen AFP notification and rapid investigation follow-up; follow up lab reporting pipeline; prioritize immunization outreach
ETH:03a9b3e05c71,2026-01-01,Central Ethiopia,Yem,Yem,0.0016799538,0.3722917,0.5577233,0.16985403,0.62136275,critical,high_risk_source,1,0.0016799538,Yem,suspected poliovirus surveillance signal; poor stool adequacy risk; delayed AFP notification or investigation risk; under-vaccinated AFP signal,escalate surveillance review without treating it as confirmed outbreak; verify stool collection and specimen handling; strengthen AFP notification and rapid investigation follow-up; prioritize immunization outreach
ETH:22f3c52f07d1,2026-01-01,Amhara,South Gonder,Fogera,0.0016799538,0.2197395,0.55197483,0.17006427,0.11809286,critical,high_risk_source,6,0.003749955,Libo kemkem,suspected poliovirus surveillance signal; poor stool adequacy risk; delayed AFP notification or investigation risk; under-vaccinated AFP signal,escalate surveillance review without treating it as confirmed outbreak; verify stool collection and specimen handling; strengthen AFP notification and rapid investigation follow-up; prioritize immunization outreach
ETH:9477f38bc6a0,2026-01-01,Afar,Zone 1,Kori,0.001666626,0.07361767,0.46882316,0.17837335,0.095383056,critical,high_risk_source,2,0.001666626,Kori,suspected poliovirus surveillance signal; poor stool adequacy risk; delayed AFP notification or investigation risk; under-vaccinated AFP signal,escalate surveillance review without treating it as confirmed outbreak; verify stool collection and specimen handling; strengthen AFP notification and rapid investigation follow-up; prioritize immunization outreach
ETH:ET060201,2026-01-01,Benishangul Gumuz,Metekel,Dangur,0.0016586004,0.19558792,0.538386,0.20471431,0.4714884,critical,high_risk_source,2,0.0016586004,Dangur,suspected poliovirus surveillance signal; poor stool adequacy risk; delayed AFP notification or investigation risk; under-vaccinated AFP signal,escalate surveillance review without treating it as confirmed outbreak; verify stool collection and specimen handling; strengthen AFP notification and rapid investigation follow-up; prioritize immunization outreach
ETH:ET040608,2026-01-01,Oromia,North Shewa (OR),Wuchale,0.0015684293,0.2723129,0.828146,0.08900135,0.29050872,critical,high_risk_source,3,0.07980209,Aleltu,suspected poliovirus surveillance signal; poor stool adequacy risk; delayed AFP notification or investigation risk; lab result delay risk; under-vaccinated AFP signal,escalate surveillance review without treating it as confirmed outbreak; verify stool collection and specimen handling; strengthen AFP notification and rapid investigation follow-up; follow up lab reporting pipeline; prioritize immunization outreach
ETH:baf746252a25,2026-01-01,Sidama,East Sidama,Daye TA,0.0015684293,0.2723129,0.828146,0.08900135,0.29050872,critical,high_risk_source,5,0.0021162068,Hoko,suspected poliovirus surveillance signal; poor stool adequacy risk; delayed AFP notification or investigation risk; lab result delay risk; under-vaccinated AFP signal,escalate surveillance review without treating it as confirmed outbreak; verify stool collection and specimen handling; strengthen AFP notification and rapid investigation follow-up; follow up lab reporting pipeline; prioritize immunization outreach
ETH:6e8cca7e8cbd,2026-01-01,Amhara,Awi,Fagita Lekoma,0.0015262659,0.34976974,0.48554322,0.09713532,0.49676675,critical,high_risk_source,2,0.0015262659,Fagita Lekoma,suspected poliovirus surveillance signal; poor stool adequacy risk; delayed AFP notification or investigation risk; under-vaccinated AFP signal,escalate surveillance review without treating it as confirmed outbreak; verify stool collection and specimen handling; strengthen AFP notification and rapid investigation follow-up; prioritize immunization outreach
ETH:28cd09c76798,2026-01-01,Oromia,West Shewa,Elu Gelan,0.0014938477,0.07718276,0.26466307,0.23572248,0.07606571,critical,high_risk_source,5,0.09434032,Jeldu,suspected poliovirus surveillance signal; poor stool adequacy risk; delayed AFP notification or investigation risk; under-vaccinated AFP signal,escalate surveillance review without treating it as confirmed outbreak; verify stool collection and specimen handling; strengthen AFP notification and rapid investigation follow-up; prioritize immunization outreach
ETH:9670681bafdc,2026-01-01,Oromia,East Hararge,Gurawa,0.0014834286,0.1622866,0.35251004,0.0851935,0.3063592,critical,high_risk_source,12,0.03184408,Fadis,suspected poliovirus surveillance signal; poor stool adequacy risk; delayed AFP notification or investigation risk; lab result delay risk; under-vaccinated AFP signal,escalate surveillance review without treating it as confirmed outbreak; verify stool collection and specimen handling; strengthen AFP notification and rapid investigation follow-up; follow up lab reporting pipeline; prioritize immunization outreach
ETH:717a41aeef77,2026-01-01,Amhara,North Wollo,Lasta,0.0014752988,0.15649065,0.63259995,0.21278393,0.24933878,critical,high_risk_source,7,0.003540008,Meket,suspected poliovirus surveillance signal; poor stool adequacy risk; delayed AFP notification or investigation risk; lab result delay risk; under-vaccinated AFP signal,escalate surveillance review without treating it as confirmed outbreak; verify stool collection and specimen handling; strengthen AFP notification and rapid investigation follow-up; follow up lab reporting pipeline; prioritize immunization outreach
ETH:58474baf1627,2026-01-01,Oromia,Arsi,ZEWAY DUGDA,0.0014522666,0.14957322,0.5762245,0.32176548,0.07231886,critical,high_risk_source,10,0.19695368,DEKSIS,suspected poliovirus surveillance signal; poor stool adequacy risk; delayed AFP notification or investigation risk; under-vaccinated AFP signal,escalate surveillance review without treating it as confirmed outbreak; verify stool collection and specimen handling; strengthen AFP notification and rapid investigation follow-up; prioritize immunization outreach
ETH:25d36f55accd,2026-01-01,Amhara,West Gondar,West arimachiho,0.0014415632,0.14646293,0.4170773,0.07307793,0.29946426,critical,high_risk_source,2,0.0014415632,West arimachiho,suspected poliovirus surveillance signal; poor stool adequacy risk; delayed AFP notification or investigation risk; lab result delay risk; under-vaccinated AFP signal,escalate surveillance review without treating it as confirmed outbreak; verify stool collection and specimen handling; strengthen AFP notification and rapid investigation follow-up; follow up lab reporting pipeline; prioritize immunization outreach
ETH:022044a2f0f3,2026-01-01,Amhara,North Gojjam,Semen Mecha,0.0014356353,0.33526057,0.6010459,0.3234415,0.20178188,critical,high_risk_source,3,0.0014356353,Semen Mecha,suspected poliovirus surveillance signal; poor stool adequacy risk; delayed AFP notification or investigation risk; under-vaccinated AFP signal,escalate surveillance review without treating it as confirmed outbreak; verify stool collection and specimen handling; strengthen AFP notification and rapid investigation follow-up; prioritize immunization outreach
ETH:c37e9708e47b,2026-01-01,Tigray,North Western,Laelay Adiabo,0.0014307969,0.36005953,0.4771882,0.18936168,0.24843222,critical,high_risk_source,3,0.0028325673,Laelay Adiabo,suspected poliovirus surveillance signal; poor stool adequacy risk; delayed AFP notification or investigation risk; lab result delay risk; under-vaccinated AFP signal,escalate surveillance review without treating it as confirmed outbreak; verify stool collection and specimen handling; strengthen AFP notification and rapid investigation follow-up; follow up lab reporting pipeline; prioritize immunization outreach
ETH:edd9b9fea2f1,2026-01-01,Oromia,East Hararge,Kurfa chale,0.0014138119,0.08357911,0.594309,0.4557646,0.44776964,critical,high_risk_source,12,0.03184408,Fadis,suspected poliovirus surveillance signal; poor stool adequacy risk; delayed AFP notification or investigation risk; lab result delay risk; under-vaccinated AFP signal,escalate surveillance review without treating it as confirmed outbreak; verify stool collection and specimen handling; strengthen AFP notification and rapid investigation follow-up; follow up lab reporting pipeline; prioritize immunization outreach
ETH:a77c22727bb9,2026-01-01,Amhara,West Gojjam,Bure Zuria,0.0013642072,0.3665829,0.67152417,0.17201331,0.47371984,critical,high_risk_source,4,0.0023242338,Bure Zuria,suspected poliovirus surveillance signal; poor stool adequacy risk; delayed AFP notification or investigation risk; lab result delay risk; under-vaccinated AFP signal,escalate surveillance review without treating it as confirmed outbreak; verify stool collection and specimen handling; strengthen AFP notification and rapid investigation follow-up; follow up lab reporting pipeline; prioritize immunization outreach
ETH:883d6c4c4280,2026-01-01,Amhara,South Wolo,Tehuledere,0.0013362232,0.08658597,0.37882602,0.112580635,0.2481765,critical,high_risk_source,4,0.016548814,Kallu,suspected poliovirus surveillance signal; poor stool adequacy risk; delayed AFP notification or investigation risk; lab result delay risk; under-vaccinated AFP signal,escalate surveillance review without treating it as confirmed outbreak; verify stool collection and specimen handling; strengthen AFP notification and rapid investigation follow-up; follow up lab reporting pipeline; prioritize immunization outreach
ETH:42038cbb00e6,2026-01-01,Amhara,North Shewa (AM),Gishe,0.0013343596,0.11322893,0.48863727,0.18409401,0.30542937,critical,high_risk_source,9,0.014617951,Angolela,suspected poliovirus surveillance signal; poor stool adequacy risk; delayed AFP notification or investigation risk; lab result delay risk; under-vaccinated AFP signal,escalate surveillance review without treating it as confirmed outbreak; verify stool collection and specimen handling; strengthen AFP notification and rapid investigation follow-up; follow up lab reporting pipeline; prioritize immunization outreach
ETH:444dd210a191,2026-01-01,Amhara,South Gonder,Woreta,0.0013270014,0.18282366,0.24624191,0.30506748,0.091884024,critical,high_risk_source,6,0.003749955,Libo kemkem,suspected poliovirus surveillance signal; poor stool adequacy risk; delayed AFP notification or investigation risk; under-vaccinated AFP signal,escalate surveillance review without treating it as confirmed outbreak; verify stool collection and specimen handling; strengthen AFP notification and rapid investigation follow-up; prioritize immunization outreach
ETH:3f6cb62bb4bc,2026-01-01,Amhara,East Gojjam,Motta,0.0012807596,0.3471878,0.36715806,0.07596,0.13480411,critical,high_risk_source,7,0.008097793,Mesikan,suspected poliovirus surveillance signal; poor stool adequacy risk; delayed AFP notification or investigation risk; lab result delay risk; under-vaccinated AFP signal,escalate surveillance review without treating it as confirmed outbreak; verify stool collection and specimen handling; strengthen AFP notification and rapid investigation follow-up; follow up lab reporting pipeline; prioritize immunization outreach
ETH:7a132d316598,2026-01-01,Amhara,East Gojjam,Awabel,0.001253809,0.43746033,0.6443262,0.22029454,0.41733888,critical,high_risk_source,7,0.008097793,Mesikan,suspected poliovirus surveillance signal; poor stool adequacy risk; delayed AFP notification or investigation risk; lab result delay risk; under-vaccinated AFP signal,escalate surveillance review without treating it as confirmed outbreak; verify stool collection and specimen handling; strengthen AFP notification and rapid investigation follow-up; follow up lab reporting pipeline; prioritize immunization outreach
ETH:445ff51cfd7f,2026-01-01,Tigray,Central Tigray,Naeder,0.0012365215,0.13755739,0.31627336,0.098778814,0.22842544,critical,high_risk_source,3,0.0037629856,Rama,suspected poliovirus surveillance signal; poor stool adequacy risk; delayed AFP notification or investigation risk; under-vaccinated AFP signal,escalate surveillance review without treating it as confirmed outbreak; verify stool collection and specimen handling; strengthen AFP notification and rapid investigation follow-up; prioritize immunization outreach
ETH:ET040816,2026-01-01,Oromia,Arsi,TIYO,0.0012100235,0.18649438,0.5254966,0.09252468,0.24154696,critical,high_risk_source,10,0.19695368,DEKSIS,suspected poliovirus surveillance signal; poor stool adequacy risk; delayed AFP notification or investigation risk; lab result delay risk; under-vaccinated AFP signal,escalate surveillance review without treating it as confirmed outbreak; verify stool collection and specimen handling; strengthen AFP notification and rapid investigation follow-up; follow up lab reporting pipeline; prioritize immunization outreach
ETH:6aa12596ab01,2026-01-01,Central Ethiopia,East Guraghie,Mesikan,0.0012046896,0.08456327,0.50446,0.14347781,0.076150484,critical,high_risk_source,2,0.0012046896,Mesikan,suspected poliovirus surveillance signal; poor stool adequacy risk; delayed AFP notification or investigation risk; lab result delay risk; under-vaccinated AFP signal,escalate surveillance review without treating it as confirmed outbreak; verify stool collection and specimen handling; strengthen AFP notification and rapid investigation follow-up; follow up lab reporting pipeline; prioritize immunization outreach
ETH:8991d7b6a157,2026-01-01,Amhara,East Gojjam,Bibugn,0.0011653345,0.08592891,0.5824693,0.18578433,0.10738378,critical,high_risk_source,7,0.008097793,Mesikan,suspected poliovirus surveillance signal; poor stool adequacy risk; delayed AFP notification or investigation risk; lab result delay risk; under-vaccinated AFP signal,escalate surveillance review without treating it as confirmed outbreak; verify stool collection and specimen handling; strengthen AFP notification and rapid investigation follow-up; follow up lab reporting pipeline; prioritize immunization outreach
ETH:8b30ebc86653,2026-01-01,Oromia,West Hararge,Doba WorHO,0.0010771382,0.09914266,0.5027118,0.17300166,0.25806192,critical,high_risk_source,4,0.010975016,Anchar WorHO,suspected poliovirus surveillance signal; poor stool adequacy risk; delayed AFP notification or investigation risk; lab result delay risk; under-vaccinated AFP signal,escalate surveillance review without treating it as confirmed outbreak; verify stool collection and specimen handling; strengthen AFP notification and rapid investigation follow-up; follow up lab reporting pipeline; prioritize immunization outreach
ETH:9931f0631808,2026-01-01,Somali,ERAR,Hamaro,0.0010771382,0.069150455,0.42950213,0.31424978,0.053288355,critical,high_risk_source,2,0.0063074664,Hamaro,suspected poliovirus surveillance signal; poor stool adequacy risk; delayed AFP notification or investigation risk; lab result delay risk; under-vaccinated AFP signal,escalate surveillance review without treating it as confirmed outbreak; verify stool collection and specimen handling; strengthen AFP notification and rapid investigation follow-up; follow up lab reporting pipeline; prioritize immunization outreach
ETH:1e786b76cf9f,2026-01-01,Sidama,East Sidama,Chire,0.0010735231,0.13360952,0.6481894,0.3231074,0.067934595,critical,high_risk_source,5,0.0021162068,Hoko,suspected poliovirus surveillance signal; poor stool adequacy risk; delayed AFP notification or investigation risk; lab result delay risk; under-vaccinated AFP signal,escalate surveillance review without treating it as confirmed outbreak; verify stool collection and specimen handling; strengthen AFP notification and rapid investigation follow-up; follow up lab reporting pipeline; prioritize immunization outreach
ETH:8e44be9c543f,2026-01-01,Amhara,West Gojjam,Bure Town,0.001009876,0.2695072,0.46056026,0.15732886,0.43061844,critical,high_risk_source,4,0.0023242338,Bure Zuria,suspected poliovirus surveillance signal; poor stool adequacy risk; delayed AFP notification or investigation risk; under-vaccinated AFP signal,escalate surveillance review without treating it as confirmed outbreak; verify stool collection and specimen handling; strengthen AFP notification and rapid investigation follow-up; prioritize immunization outreach
ETH:b66de35b86ab,2026-01-01,Oromia,East Hararge,Bedano,0.0010078959,0.027396182,0.340936,0.22447804,0.060945295,critical,high_risk_source,12,0.03184408,Fadis,suspected poliovirus surveillance signal; delayed AFP notification or investigation risk; under-vaccinated AFP signal,escalate surveillance review without treating it as confirmed outbreak; strengthen AFP notification and rapid investigation follow-up; prioritize immunization outreach
ETH:968c65df3c85,2026-01-01,Addis Ababa,Kolfe - Keraniyo,Kolfe Keraniyo,0.0010061623,0.09465923,0.26216385,0.18906325,0.26483932,critical,high_risk_source,1,0.0010061623,Kolfe Keraniyo,suspected poliovirus surveillance signal; poor stool adequacy risk; delayed AFP notification or investigation risk; under-vaccinated AFP signal,escalate surveillance review without treating it as confirmed outbreak; verify stool collection and specimen handling; strengthen AFP notification and rapid investigation follow-up; prioritize immunization outreach
ETH:1aeebd0114d1,2026-01-01,Oromia,Horo Gudru,Shambu Town,0.0009857734,0.07445403,0.8031836,0.128259,0.08129187,critical,high_risk_source,2,0.005099509,Shambu Town,suspected poliovirus surveillance signal; poor stool adequacy risk; delayed AFP notification or investigation risk; lab result delay risk; under-vaccinated AFP signal,escalate surveillance review without treating it as confirmed outbreak; verify stool collection and specimen handling; strengthen AFP notification and rapid investigation follow-up; follow up lab reporting pipeline; prioritize immunization outreach
ETH:d5631e94ccb1,2026-01-01,Oromia,Arsi,LODE HETOSA,0.0008823982,0.13594921,0.57625955,0.21186645,0.06965329,critical,high_risk_source,10,0.19695368,DEKSIS,suspected poliovirus surveillance signal; poor stool adequacy risk; delayed AFP notification or investigation risk; lab result delay risk; under-vaccinated AFP signal,escalate surveillance review without treating it as confirmed outbreak; verify stool collection and specimen handling; strengthen AFP notification and rapid investigation follow-up; follow up lab reporting pipeline; prioritize immunization outreach
ETH:29abd0bead86,2026-01-01,Amhara,East Gojjam,Enarj Enawuga,0.00086930563,0.01563426,0.33541337,0.39534092,0.16172977,critical,high_risk_source,7,0.008097793,Mesikan,suspected poliovirus surveillance signal; delayed AFP notification or investigation risk; under-vaccinated AFP signal,escalate surveillance review without treating it as confirmed outbreak; strengthen AFP notification and rapid investigation follow-up; prioritize immunization outreach
ETH:068e9f7dcbeb,2026-01-01,Amhara,Bahir Dar,Bahirdar,0.0008622577,0.02963119,0.46710944,0.24576896,0.12135363,critical,high_risk_source,1,0.0008622577,Bahirdar,suspected poliovirus surveillance signal; delayed AFP notification or investigation risk; under-vaccinated AFP signal,escalate surveillance review without treating it as confirmed outbreak; strengthen AFP notification and rapid investigation follow-up; prioritize immunization outreach
ETH:cf520f793a69,2026-01-01,South West Ethiopia,Konta,Ameya City Adiministration,0.0006833812,0.113189615,0.3434142,0.08390525,0.18201588,critical,high_risk_source,1,0.0006833812,Ameya City Adiministration,suspected poliovirus surveillance signal; poor stool adequacy risk; delayed AFP notification or investigation risk; lab result delay risk; under-vaccinated AFP signal,escalate surveillance review without treating it as confirmed outbreak; verify stool collection and specimen handling; strengthen AFP notification and rapid investigation follow-up; follow up lab reporting pipeline; prioritize immunization outreach
ETH:505706c9acae,2026-01-01,Oromia,KELEM,Lalo Kile,0.00050883775,0.25485253,0.29660034,0.21648487,0.27143264,critical,high_risk_source,3,0.0041727084,Anfilo,suspected poliovirus surveillance signal; poor stool adequacy risk; delayed AFP notification or investigation risk; under-vaccinated AFP signal,escalate surveillance review without treating it as confirmed outbreak; verify stool collection and specimen handling; strengthen AFP notification and rapid investigation follow-up; prioritize immunization outreach
ETH:103a2f5ca671,2026-01-01,Oromia,West Wellega,Bodji Dirmaji,0.0005041884,0.11533822,0.3258855,0.18425515,0.05192226,critical,high_risk_source,4,0.025295088,Leta Sibu,suspected poliovirus surveillance signal; poor stool adequacy risk; delayed AFP notification or investigation risk; under-vaccinated AFP signal,escalate surveillance review without treating it as confirmed outbreak; verify stool collection and specimen handling; strengthen AFP notification and rapid investigation follow-up; prioritize immunization outreach
ETH:d032c6f6f367,2026-01-01,Sidama,East Sidama,Bensa,0.00048759443,0.24849637,0.33444372,0.12189748,0.20525508,critical,high_risk_source,5,0.0021162068,Hoko,suspected poliovirus surveillance signal; poor stool adequacy risk; delayed AFP notification or investigation risk; lab result delay risk; under-vaccinated AFP signal,escalate surveillance review without treating it as confirmed outbreak; verify stool collection and specimen handling; strengthen AFP notification and rapid investigation follow-up; follow up lab reporting pipeline; prioritize immunization outreach
ETH:5c6c941f7516,2026-01-01,Central Ethiopia,Siliti,Hulbareg,0.0004824122,0.14767584,0.45781937,0.13899496,0.2837573,critical,high_risk_source,4,0.08312561,West azernet,suspected poliovirus surveillance signal; poor stool adequacy risk; delayed AFP notification or investigation risk; lab result delay risk; under-vaccinated AFP signal,escalate surveillance review without treating it as confirmed outbreak; verify stool collection and specimen handling; strengthen AFP notification and rapid investigation follow-up; follow up lab reporting pipeline; prioritize immunization outreach
ETH:ET040316,2026-01-01,Oromia,Ilu Aba Bora,Hurumu,0.00035719207,0.09241995,0.6276692,0.16921471,0.2314034,critical,high_risk_source,2,0.0032337157,Allee,suspected poliovirus surveillance signal; poor stool adequacy risk; delayed AFP notification or investigation risk; lab result delay risk; under-vaccinated AFP signal,escalate surveillance review without treating it as confirmed outbreak; verify stool collection and specimen handling; strengthen AFP notification and rapid investigation follow-up; follow up lab reporting pipeline; prioritize immunization outreach
ETH:ET070215,2026-01-01,Central Ethiopia,Hadiya,Ameka,0.00032733486,0.048359677,0.6551146,0.13067316,0.3413316,critical,high_risk_source,3,0.013723275,Ameka,suspected poliovirus surveillance signal; delayed AFP notification or investigation risk; lab result delay risk; under-vaccinated AFP signal,escalate surveillance review without treating it as confirmed outbreak; strengthen AFP notification and rapid investigation follow-up; follow up lab reporting pipeline; prioritize immunization outreach
ETH:b0453cbefa27,2026-01-01,Oromia,East Hararge,Jarsoo,0.000324178,0.12430037,0.33392453,0.087178774,0.0874919,critical,high_risk_source,12,0.03184408,Fadis,suspected poliovirus surveillance signal; poor stool adequacy risk; delayed AFP notification or investigation risk; lab result delay risk; under-vaccinated AFP signal,escalate surveillance review without treating it as confirmed outbreak; verify stool collection and specimen handling; strengthen AFP notification and rapid investigation follow-up; follow up lab reporting pipeline; prioritize immunization outreach
ETH:ET040819,2026-01-01,Oromia,Arsi,GUNA,0.00032229422,0.08043841,0.35483453,0.12771678,0.06400756,critical,high_risk_source,10,0.19695368,DEKSIS,suspected poliovirus surveillance signal; poor stool adequacy risk; delayed AFP notification or investigation risk; lab result delay risk; under-vaccinated AFP signal,escalate surveillance review without treating it as confirmed outbreak; verify stool collection and specimen handling; strengthen AFP notification and rapid investigation follow-up; follow up lab reporting pipeline; prioritize immunization outreach
ETH:98abb53ca0fa,2026-01-01,Sidama,Southern Sidama,Aleta Wondo,0.00030931763,0.049689565,0.4235161,0.25320452,0.2767073,critical,high_risk_source,3,0.0034245749,Teticha,suspected poliovirus surveillance signal; delayed AFP notification or investigation risk; lab result delay risk; under-vaccinated AFP signal,escalate surveillance review without treating it as confirmed outbreak; strengthen AFP notification and rapid investigation follow-up; follow up lab reporting pipeline; prioritize immunization outreach
ETH:9ca3056e3833,2026-01-01,Oromia,East Hararge,Kombolchaa,0.00030559793,0.059502453,0.36335585,0.114487246,0.09232451,critical,high_risk_source,12,0.03184408,Fadis,suspected poliovirus surveillance signal; poor stool adequacy risk; delayed AFP notification or investigation risk; lab result delay risk; under-vaccinated AFP signal,escalate surveillance review without treating it as confirmed outbreak; verify stool collection and specimen handling; strengthen AFP notification and rapid investigation follow-up; follow up lab reporting pipeline; prioritize immunization outreach
ETH:5bf41d5dcc58,2026-01-01,Tigray,Eastern Tigray,Ganta Afeshum,0.00030399766,0.024580222,0.36793682,0.4238975,0.12651947,critical,high_risk_source,2,0.0016867548,Subhasaesie,suspected poliovirus surveillance signal; delayed AFP notification or investigation risk; lab result delay risk; under-vaccinated AFP signal,escalate surveillance review without treating it as confirmed outbreak; strengthen AFP notification and rapid investigation follow-up; follow up lab reporting pipeline; prioritize immunization outreach
ETH:68a19845c1c4,2026-01-01,Amhara,North Shewa (AM),H/Mariam,0.00022832832,0.040861495,0.43597174,0.12059443,0.11941695,critical,high_risk_source,9,0.014617951,Angolela,suspected poliovirus surveillance signal; delayed AFP notification or investigation risk; lab result delay risk; under-vaccinated AFP signal,escalate surveillance review without treating it as confirmed outbreak; strengthen AFP notification and rapid investigation follow-up; follow up lab reporting pipeline; prioritize immunization outreach
ETH:b13b57715e2f,2026-01-01,Addis Ababa,Addis Ketema,Addis Ketema,0.00022552448,0.09878087,0.53491324,0.11930767,0.06506469,critical,high_risk_source,1,0.00022552448,Addis Ketema,suspected poliovirus surveillance signal; poor stool adequacy risk; delayed AFP notification or investigation risk; lab result delay risk; under-vaccinated AFP signal,escalate surveillance review without treating it as confirmed outbreak; verify stool collection and specimen handling; strengthen AFP notification and rapid investigation follow-up; follow up lab reporting pipeline; prioritize immunization outreach
ETH:5c3ac49afbf6,2026-01-01,Amhara,Central Gondar,West Dembia,0.00021708568,0.049608592,0.5680473,0.13550164,0.0579155,critical,high_risk_source,2,0.019717451,Lay Armachiho,suspected poliovirus surveillance signal; delayed AFP notification or investigation risk; lab result delay risk; under-vaccinated AFP signal,escalate surveillance review without treating it as confirmed outbreak; strengthen AFP notification and rapid investigation follow-up; follow up lab reporting pipeline; prioritize immunization outreach
ETH:ET031213,2026-01-01,Amhara,West Gondar,Metema,0.00020578597,0.11356952,0.20682943,0.1817581,0.25320524,critical,high_risk_source,2,0.0014415632,West arimachiho,suspected poliovirus surveillance signal; poor stool adequacy risk; delayed AFP notification or investigation risk; lab result delay risk; under-vaccinated AFP signal,escalate surveillance review without treating it as confirmed outbreak; verify stool collection and specimen handling; strengthen AFP notification and rapid investigation follow-up; follow up lab reporting pipeline; prioritize immunization outreach
ETH:4ea71e18c898,2026-01-01,Amhara,East Gojjam,Hulteeju enesie,0.00020027453,0.058423176,0.33253184,0.13421088,0.07340966,critical,high_risk_source,7,0.008097793,Mesikan,suspected poliovirus surveillance signal; poor stool adequacy risk; delayed AFP notification or investigation risk; lab result delay risk; under-vaccinated AFP signal,escalate surveillance review without treating it as confirmed outbreak; verify stool collection and specimen handling; strengthen AFP notification and rapid investigation follow-up; follow up lab reporting pipeline; prioritize immunization outreach
ETH:00988b9566db,2026-01-01,Amhara,North Wollo,Dawunt,0.00019951843,0.012880404,0.2790606,0.16139969,0.22749071,critical,high_risk_source,7,0.003540008,Meket,suspected poliovirus surveillance signal; delayed AFP notification or investigation risk; lab result delay risk; under-vaccinated AFP signal,escalate surveillance review without treating it as confirmed outbreak; strengthen AFP notification and rapid investigation follow-up; follow up lab reporting pipeline; prioritize immunization outreach
ETH:ET040810,2026-01-01,Oromia,Arsi,AMIGNA,0.19695368,0.23814867,0.9225052,0.5392439,0.023226164,high,high_risk_source,10,0.19695368,DEKSIS,poor stool adequacy risk; delayed AFP notification or investigation risk; under-vaccinated AFP signal; high next-month surveillance-risk probability,verify stool collection and specimen handling; strengthen AFP notification and rapid investigation follow-up; prioritize immunization outreach
ETH:655d570b210f,2026-01-01,Oromia,West Shewa,Ejere,0.09434032,0.21356994,0.5207666,0.18640748,0.03730062,high,high_risk_source,5,0.09434032,Jeldu,poor stool adequacy risk; delayed AFP notification or investigation risk; under-vaccinated AFP signal; high next-month surveillance-risk probability,verify stool collection and specimen handling; strengthen AFP notification and rapid investigation follow-up; prioritize immunization outreach
ETH:aa0ae4978590,2026-01-01,Central Ethiopia,Siliti,Dalocha town,0.08312561,0.22250985,0.8125186,0.23280558,0.02666134,high,high_risk_source,4,0.08312561,West azernet,poor stool adequacy risk; delayed AFP notification or investigation risk; under-vaccinated AFP signal; high next-month surveillance-risk probability,verify stool collection and specimen handling; strengthen AFP notification and rapid investigation follow-up; prioritize immunization outreach
ETH:a128a738fc99,2026-01-01,Oromia,Arsi,MUNESA,0.06244231,0.1981575,0.789183,0.21692653,0.029402439,high,high_risk_source,10,0.19695368,DEKSIS,poor stool adequacy risk; delayed AFP notification or investigation risk; under-vaccinated AFP signal; high next-month surveillance-risk probability,verify stool collection and specimen handling; strengthen AFP notification and rapid investigation follow-up; prioritize immunization outreach
ETH:ET040804,2026-01-01,Oromia,Arsi,JEJU,0.058948006,0.24422275,0.75905114,0.3421092,0.020354928,high,high_risk_source,10,0.19695368,DEKSIS,poor stool adequacy risk; delayed AFP notification or investigation risk; under-vaccinated AFP signal; high next-month surveillance-risk probability,verify stool collection and specimen handling; strengthen AFP notification and rapid investigation follow-up; prioritize immunization outreach
ETH:ET050207,2026-01-01,Somali,Fafan,Harshin,0.042718943,0.2713251,0.7803016,0.18172514,0.031235028,high,high_risk_source,1,0.042718943,Harshin,poor stool adequacy risk; delayed AFP notification or investigation risk; under-vaccinated AFP signal,verify stool collection and specimen handling; strengthen AFP notification and rapid investigation follow-up; prioritize immunization outreach
ETH:583a4fc9f721,2026-01-01,Oromia,East Hararge,Midhega Tola,0.03184408,0.25689277,0.4213698,0.2221685,0.02113038,high,high_risk_source,12,0.03184408,Fadis,poor stool adequacy risk; delayed AFP notification or investigation risk; under-vaccinated AFP signal,verify stool collection and specimen handling; strengthen AFP notification and rapid investigation follow-up; prioritize immunization outreach
ETH:1022f7d1c962,2026-01-01,Oromia,West Wellega,Gimbi Rural,0.025295088,0.3152193,0.7160045,0.14798209,0.016236808,high,high_risk_source,4,0.025295088,Leta Sibu,poor stool adequacy risk; delayed AFP notification or investigation risk; lab result delay risk; under-vaccinated AFP signal,verify stool collection and specimen handling; strengthen AFP notification and rapid investigation follow-up; follow up lab reporting pipeline; prioritize immunization outreach
ETH:47372f770d78,2026-01-01,Sidama,North Sidama,Gorche,0.016407011,0.5022653,0.41443858,0.1429797,0.042115074,high,high_risk_source,4,0.016407011,Borricha,poor stool adequacy risk; delayed AFP notification or investigation risk; under-vaccinated AFP signal,verify stool collection and specimen handling; strengthen AFP notification and rapid investigation follow-up; prioritize immunization outreach
ETH:4e0c5a6ef6a4,2026-01-01,Oromia,Shagar City,Furi,0.013875342,0.17496097,0.5082485,0.18617207,0.014925127,high,high_risk_source,8,0.013875342,Melka Nonno,poor stool adequacy risk; delayed AFP notification or investigation risk; under-vaccinated AFP signal,verify stool collection and specimen handling; strengthen AFP notification and rapid investigation follow-up; prioritize immunization outreach
ETH:25db93d79901,2026-01-01,Central Ethiopia,Hadiya,East Badewacho,0.013723275,0.494104,0.43980637,0.1638194,0.03627061,high,high_risk_source,3,0.013723275,Ameka,poor stool adequacy risk; delayed AFP notification or investigation risk; under-vaccinated AFP signal,verify stool collection and specimen handling; strengthen AFP notification and rapid investigation follow-up; prioritize immunization outreach
ETH:ET060304,2026-01-01,Benishangul Gumuz,Assosa,Sherkole,0.010120103,0.30307838,0.34501722,0.17708348,0.035187624,high,high_risk_source,2,0.010120103,Abrahamo,poor stool adequacy risk; delayed AFP notification or investigation risk; under-vaccinated AFP signal,verify stool collection and specimen handling; strengthen AFP notification and rapid investigation follow-up; prioritize immunization outreach
ETH:d9ba7095899c,2026-01-01,Oromia,West Hararge,Gelelmso Town,0.008396263,0.11522118,0.28734857,0.19274683,0.027859066,high,high_risk_source,4,0.010975016,Anchar WorHO,poor stool adequacy risk; delayed AFP notification or investigation risk; under-vaccinated AFP signal,verify stool collection and specimen handling; strengthen AFP notification and rapid investigation follow-up; prioritize immunization outreach
ETH:cf6e8242bfde,2026-01-01,Somali,ERAR,Salahad,0.0063074664,0.38817573,0.39123306,0.23737714,0.0081172995,high,high_risk_source,2,0.0063074664,Hamaro,poor stool adequacy risk; delayed AFP notification or investigation risk; under-vaccinated AFP signal,verify stool collection and specimen handling; strengthen AFP notification and rapid investigation follow-up; prioritize immunization outreach
ETH:c97512535541,2026-01-01,Addis Ababa,Bole,Bole,0.0058252043,0.31309786,0.36223787,0.19802536,0.014710467,high,high_risk_source,1,0.0058252043,Bole,poor stool adequacy risk; delayed AFP notification or investigation risk; under-vaccinated AFP signal,verify stool collection and specimen handling; strengthen AFP notification and rapid investigation follow-up; prioritize immunization outreach
ETH:4604b9aafee8,2026-01-01,Oromia,East Hararge,Haromaya,0.005413882,0.2580796,0.45433328,0.13986397,0.041666534,high,high_risk_source,12,0.03184408,Fadis,poor stool adequacy risk; delayed AFP notification or investigation risk; under-vaccinated AFP signal,verify stool collection and specimen handling; strengthen AFP notification and rapid investigation follow-up; prioritize immunization outreach
ETH:3e5235e168ba,2026-01-01,Oromia,Horo Gudru,Jima Rare,0.005099509,0.048101816,0.18783775,0.18697095,0.023174629,high,high_risk_source,2,0.005099509,Shambu Town,delayed AFP notification or investigation risk; under-vaccinated AFP signal,strengthen AFP notification and rapid investigation follow-up; prioritize immunization outreach
ETH:ET080107,2026-01-01,South Ethiopia,Wolayita,Ofa,0.0041727084,0.18324324,0.7577249,0.31411812,0.01616206,high,high_risk_source,5,0.036849186,Boloso Bombe,poor stool adequacy risk; delayed AFP notification or investigation risk; lab result delay risk; under-vaccinated AFP signal,verify stool collection and specimen handling; strengthen AFP notification and rapid investigation follow-up; follow up lab reporting pipeline; prioritize immunization outreach
ETH:a1387925c12d,2026-01-01,Oromia,KELEM,Dale Wabera,0.0041727084,0.3750269,0.72491586,0.33865356,0.034190495,high,high_risk_source,3,0.0041727084,Anfilo,poor stool adequacy risk; delayed AFP notification or investigation risk; lab result delay risk; under-vaccinated AFP signal,verify stool collection and specimen handling; strengthen AFP notification and rapid investigation follow-up; follow up lab reporting pipeline; prioritize immunization outreach
ETH:ET042201,2026-01-01,Oromia,East Borena,Negele Town,0.0038776079,0.23810217,0.42328775,0.26933193,0.016889535,high,high_risk_source,4,0.022674123,Madawalabu,poor stool adequacy risk; delayed AFP notification or investigation risk; under-vaccinated AFP signal,verify stool collection and specimen handling; strengthen AFP notification and rapid investigation follow-up; prioritize immunization outreach
ETH:9247a2b45ae5,2026-01-01,Amhara,North Shewa (AM),Morete,0.0037308394,0.15070231,0.5214413,0.18768403,0.03625048,high,high_risk_source,9,0.014617951,Angolela,poor stool adequacy risk; delayed AFP notification or investigation risk; under-vaccinated AFP signal,verify stool collection and specimen handling; strengthen AFP notification and rapid investigation follow-up; prioritize immunization outreach
ETH:0c96fc2f69e5,2026-01-01,Oromia,Shagar City,Eka Tafo,0.0035671312,0.12988812,0.43509206,0.19006214,0.008188525,high,high_risk_source,8,0.013875342,Melka Nonno,poor stool adequacy risk; delayed AFP notification or investigation risk; under-vaccinated AFP signal,verify stool collection and specimen handling; strengthen AFP notification and rapid investigation follow-up; prioritize immunization outreach
ETH:21c1104c2114,2026-01-01,Oromia,Shagar City,Kura Jida,0.0034682916,0.29592437,0.561744,0.08583086,0.02458963,high,high_risk_source,8,0.013875342,Melka Nonno,poor stool adequacy risk; delayed AFP notification or investigation risk; lab result delay risk; under-vaccinated AFP signal,verify stool collection and specimen handling; strengthen AFP notification and rapid investigation follow-up; follow up lab reporting pipeline; prioritize immunization outreach
ETH:0dd798ea213e,2026-01-01,Sidama,Southern Sidama,Dara Otilcho,0.0034245749,0.25376436,0.7854618,0.32840922,0.04994724,high,high_risk_source,3,0.0034245749,Teticha,poor stool adequacy risk; delayed AFP notification or investigation risk; lab result delay risk; under-vaccinated AFP signal,verify stool collection and specimen handling; strengthen AFP notification and rapid investigation follow-up; follow up lab reporting pipeline; prioritize immunization outreach
ETH:808ac43b13f4,2026-01-01,Oromia,Woliso Town,Woliso Town,0.0032294088,0.46284324,0.50873977,0.21225214,0.020143244,high,high_risk_source,1,0.0032294088,Woliso Town,poor stool adequacy risk; delayed AFP notification or investigation risk; under-vaccinated AFP signal,verify stool collection and specimen handling; strengthen AFP notification and rapid investigation follow-up; prioritize immunization outreach
ETH:8ad4036222ac,2026-01-01,Central Ethiopia,Kebena Special,Kebena Special Woreda,0.00290612,0.2689371,0.2950483,0.21204689,0.017582607,high,high_risk_source,1,0.00290612,Kebena Special Woreda,poor stool adequacy risk; delayed AFP notification or investigation risk; under-vaccinated AFP signal,verify stool collection and specimen handling; strengthen AFP notification and rapid investigation follow-up; prioritize immunization outreach
ETH:bcc658d42e5f,2026-01-01,Central Ethiopia,Guraghie,Enor enor meger,0.002901891,0.23732138,0.3312555,0.1792195,0.036145467,high,high_risk_source,2,0.013141292,Emidibr town,poor stool adequacy risk; delayed AFP notification or investigation risk; under-vaccinated AFP signal,verify stool collection and specimen handling; strengthen AFP notification and rapid investigation follow-up; prioritize immunization outreach
ETH:0e95aa067a47,2026-01-01,Amhara,South Gonder,Estie,0.0028325673,0.24534172,0.58456624,0.45216966,0.018392714,high,high_risk_source,6,0.003749955,Libo kemkem,poor stool adequacy risk; delayed AFP notification or investigation risk; lab result delay risk; under-vaccinated AFP signal,verify stool collection and specimen handling; strengthen AFP notification and rapid investigation follow-up; follow up lab reporting pipeline; prioritize immunization outreach
ETH:866b461f24b0,2026-01-01,Amhara,North Wollo,Lalibela Town,0.0028325673,0.2079514,0.6425819,0.20935357,0.045368757,high,high_risk_source,7,0.003540008,Meket,poor stool adequacy risk; delayed AFP notification or investigation risk; lab result delay risk; under-vaccinated AFP signal,verify stool collection and specimen handling; strengthen AFP notification and rapid investigation follow-up; follow up lab reporting pipeline; prioritize immunization outreach
ETH:ET010105,2026-01-01,Tigray,North Western,Asgede,0.0028325673,0.28509784,0.74680537,0.4099055,0.018392714,high,high_risk_source,3,0.0028325673,Laelay Adiabo,poor stool adequacy risk; delayed AFP notification or investigation risk; lab result delay risk; under-vaccinated AFP signal,verify stool collection and specimen handling; strengthen AFP notification and rapid investigation follow-up; follow up lab reporting pipeline; prioritize immunization outreach
ETH:ET041402,2026-01-01,Oromia,Guji,Bore,0.002664575,0.21804033,0.5963999,0.21903098,0.039581086,high,high_risk_source,1,0.002664575,Bore,poor stool adequacy risk; delayed AFP notification or investigation risk; lab result delay risk; under-vaccinated AFP signal,verify stool collection and specimen handling; strengthen AFP notification and rapid investigation follow-up; follow up lab reporting pipeline; prioritize immunization outreach
ETH:94d038cb90c1,2026-01-01,Amhara,North Shewa (AM),Kuyu,0.0024127054,0.12734,0.7717091,0.45718855,0.013582462,high,high_risk_source,9,0.014617951,Angolela,suspected poliovirus surveillance signal; poor stool adequacy risk; delayed AFP notification or investigation risk; under-vaccinated AFP signal,escalate surveillance review without treating it as confirmed outbreak; verify stool collection and specimen handling; strengthen AFP notification and rapid investigation follow-up; prioritize immunization outreach
ETH:32cb9f4df492,2026-01-01,Amhara,West Gojjam,Dega Damot,0.0023242338,0.17030929,0.6741743,0.29958513,0.012645449,high,high_risk_source,4,0.0023242338,Bure Zuria,poor stool adequacy risk; delayed AFP notification or investigation risk; lab result delay risk; under-vaccinated AFP signal,verify stool collection and specimen handling; strengthen AFP notification and rapid investigation follow-up; follow up lab reporting pipeline; prioritize immunization outreach
ETH:e4d1a965debc,2026-01-01,Oromia,East Hararge,Keresa,0.0022123167,0.38879132,0.5970912,0.1483057,0.03424782,high,high_risk_source,12,0.03184408,Fadis,suspected poliovirus surveillance signal; poor stool adequacy risk; delayed AFP notification or investigation risk; lab result delay risk; under-vaccinated AFP signal,escalate surveillance review without treating it as confirmed outbreak; verify stool collection and specimen handling; strengthen AFP notification and rapid investigation follow-up; follow up lab reporting pipeline; prioritize immunization outreach
ETH:9db72a299e0c,2026-01-01,Oromia,East Hararge,Melka Belo,0.0021162068,0.7122712,0.4909359,0.053642157,0.043059845,high,high_risk_source,12,0.03184408,Fadis,poor stool adequacy risk; delayed AFP notification or investigation risk; lab result delay risk; under-vaccinated AFP signal,verify stool collection and specimen handling; strengthen AFP notification and rapid investigation follow-up; follow up lab reporting pipeline; prioritize immunization outreach
ETH:ET040814,2026-01-01,Oromia,Arsi,SHIRKA,0.0018583199,0.05979697,0.612567,0.35716248,0.012292303,high,high_risk_source,10,0.19695368,DEKSIS,poor stool adequacy risk; delayed AFP notification or investigation risk; lab result delay risk; under-vaccinated AFP signal,verify stool collection and specimen handling; strengthen AFP notification and rapid investigation follow-up; follow up lab reporting pipeline; prioritize immunization outreach
ETH:fb65c9af9274,2026-01-01,Sidama,North Sidama,Melga,0.0018372718,0.047266364,0.6461293,0.21529451,0.04443936,high,high_risk_source,4,0.016407011,Borricha,suspected poliovirus surveillance signal; delayed AFP notification or investigation risk; under-vaccinated AFP signal,escalate surveillance review without treating it as confirmed outbreak; strengthen AFP notification and rapid investigation follow-up; prioritize immunization outreach
ETH:2b6f662f0c5e,2026-01-01,Oromia,Shagar City,Gefersa Guji,0.0018099439,0.029971892,0.69296,0.5242375,0.01529861,high,high_risk_source,8,0.013875342,Melka Nonno,delayed AFP notification or investigation risk; under-vaccinated AFP signal,strengthen AFP notification and rapid investigation follow-up; prioritize immunization outreach
ETH:ET080113,2026-01-01,South Ethiopia,Wolayita,Sodo Town,0.0017141127,0.23433489,0.5742984,0.123557106,0.009441212,high,high_risk_source,5,0.036849186,Boloso Bombe,poor stool adequacy risk; delayed AFP notification or investigation risk; lab result delay risk; under-vaccinated AFP signal,verify stool collection and specimen handling; strengthen AFP notification and rapid investigation follow-up; follow up lab reporting pipeline; prioritize immunization outreach
ETH:c16dca6d0dd0,2026-01-01,Amhara,North Wollo,Gubalafto,0.0016667362,0.16393769,0.53121114,0.39181757,0.03201866,high,high_risk_source,7,0.003540008,Meket,poor stool adequacy risk; delayed AFP notification or investigation risk; lab result delay risk; under-vaccinated AFP signal,verify stool collection and specimen handling; strengthen AFP notification and rapid investigation follow-up; follow up lab reporting pipeline; prioritize immunization outreach
ETH:ET080217,2026-01-01,South Ethiopia,Gamo,Kucha,0.0014740383,0.038774103,0.2084158,0.16543426,0.034357805,high,high_risk_source,3,0.011783849,Arbaminch Zuria,delayed AFP notification or investigation risk; under-vaccinated AFP signal,strengthen AFP notification and rapid investigation follow-up; prioritize immunization outreach
ETH:de69ba18bb2f,2026-01-01,Sidama,North Sidama,Hawella,0.0013009487,0.09614144,0.39519796,0.36634,0.021880247,high,high_risk_source,4,0.016407011,Borricha,poor stool adequacy risk; delayed AFP notification or investigation risk; under-vaccinated AFP signal,verify stool collection and specimen handling; strengthen AFP notification and rapid investigation follow-up; prioritize immunization outreach
ETH:efc1888613b8,2026-01-01,Oromia,West Hararge,Tulo WorHO,0.0012454743,0.047479242,0.1948006,0.20681542,0.020465992,high,high_risk_source,4,0.010975016,Anchar WorHO,suspected poliovirus surveillance signal; delayed AFP notification or investigation risk; under-vaccinated AFP signal,escalate surveillance review without treating it as confirmed outbreak; strengthen AFP notification and rapid investigation follow-up; prioritize immunization outreach
ETH:7d431fa7828a,2026-01-01,Oromia,West Arsi,Shalla,0.0012046896,0.2053517,0.27796313,0.22193295,0.040433828,high,high_risk_source,2,0.06952575,Siraro,poor stool adequacy risk; delayed AFP notification or investigation risk; lab result delay risk; under-vaccinated AFP signal,verify stool collection and specimen handling; strengthen AFP notification and rapid investigation follow-up; follow up lab reporting pipeline; prioritize immunization outreach
ETH:2f159485cf90,2026-01-01,Afar,Zone 1,Mille,0.0011572735,0.075900495,0.7591595,0.12647048,0.013147657,high,high_risk_source,2,0.001666626,Kori,poor stool adequacy risk; delayed AFP notification or investigation risk; under-vaccinated AFP signal,verify stool collection and specimen handling; strengthen AFP notification and rapid investigation follow-up; prioritize immunization outreach
ETH:ET060204,2026-01-01,Benishangul Gumuz,Metekel,Mandura,0.0011216305,0.31881148,0.4555782,0.13314973,0.0076240166,high,high_risk_source,2,0.0016586004,Dangur,suspected poliovirus surveillance signal; poor stool adequacy risk; delayed AFP notification or investigation risk; lab result delay risk; under-vaccinated AFP signal,escalate surveillance review without treating it as confirmed outbreak; verify stool collection and specimen handling; strengthen AFP notification and rapid investigation follow-up; follow up lab reporting pipeline; prioritize immunization outreach
ETH:b2f43671815b,2026-01-01,Sidama,East Sidama,Bona Zuria,0.0010308675,0.3154492,0.51425594,0.06524299,0.032741934,high,high_risk_source,5,0.0021162068,Hoko,poor stool adequacy risk; delayed AFP notification or investigation risk; lab result delay risk; under-vaccinated AFP signal,verify stool collection and specimen handling; strengthen AFP notification and rapid investigation follow-up; follow up lab reporting pipeline; prioritize immunization outreach
ETH:ET010602,2026-01-01,Tigray,South Eastern,Enderta,0.0010083416,0.16280131,0.35457203,0.19357102,0.03787066,high,high_risk_source,1,0.0010083416,Enderta,poor stool adequacy risk; delayed AFP notification or investigation risk; lab result delay risk; under-vaccinated AFP signal,verify stool collection and specimen handling; strengthen AFP notification and rapid investigation follow-up; follow up lab reporting pipeline; prioritize immunization outreach
ETH:1c4a583c5d6f,2026-01-01,Amhara,North Shewa (AM),Kewote,0.0009652215,0.30699927,0.71631515,0.17126618,0.012549428,high,high_risk_source,9,0.014617951,Angolela,poor stool adequacy risk; delayed AFP notification or investigation risk; lab result delay risk; under-vaccinated AFP signal,verify stool collection and specimen handling; strengthen AFP notification and rapid investigation follow-up; follow up lab reporting pipeline; prioritize immunization outreach
ETH:55d63326dc87,2026-01-01,Amhara,North Wollo,Gidan,0.0009652215,0.1991885,0.8194825,0.17768937,0.020214131,high,high_risk_source,7,0.003540008,Meket,poor stool adequacy risk; delayed AFP notification or investigation risk; lab result delay risk; under-vaccinated AFP signal,verify stool collection and specimen handling; strengthen AFP notification and rapid investigation follow-up; follow up lab reporting pipeline; prioritize immunization outreach
ETH:ET010109,2026-01-01,Tigray,North Western,Laelay Koraro,0.0008780064,0.12622757,0.78035724,0.16967054,0.006458623,high,high_risk_source,3,0.0028325673,Laelay Adiabo,suspected poliovirus surveillance signal; poor stool adequacy risk; delayed AFP notification or investigation risk; lab result delay risk; under-vaccinated AFP signal,escalate surveillance review without treating it as confirmed outbreak; verify stool collection and specimen handling; strengthen AFP notification and rapid investigation follow-up; follow up lab reporting pipeline; prioritize immunization outreach
ETH:08971b53e9e6,2026-01-01,Oromia,East Hararge,Gursuum,0.00086883904,0.0599219,0.33631042,0.31658575,0.015150552,high,high_risk_source,12,0.03184408,Fadis,poor stool adequacy risk; delayed AFP notification or investigation risk; under-vaccinated AFP signal,verify stool collection and specimen handling; strengthen AFP notification and rapid investigation follow-up; prioritize immunization outreach
ETH:ET040622,2026-01-01,Oromia,North Shewa (OR),Mulo,0.0007663096,0.0704363,0.47617006,0.26355302,0.037645113,high,high_risk_source,3,0.07980209,Aleltu,poor stool adequacy risk; delayed AFP notification or investigation risk; under-vaccinated AFP signal,verify stool collection and specimen handling; strengthen AFP notification and rapid investigation follow-up; prioritize immunization outreach
ETH:0d681752a165,2026-01-01,Tigray,Central Tigray,adwa zuria,0.0007533151,0.09243552,0.62586254,0.23232172,0.036058176,high,high_risk_source,3,0.0037629856,Rama,poor stool adequacy risk; delayed AFP notification or investigation risk; lab result delay risk; under-vaccinated AFP signal,verify stool collection and specimen handling; strengthen AFP notification and rapid investigation follow-up; follow up lab reporting pipeline; prioritize immunization outreach
ETH:1963e7cb5f47,2026-01-01,Somali,Korahe,Dhoboweyn,0.0007216622,0.045068603,0.36516368,0.26862898,0.012985388,high,high_risk_source,2,0.0023949938,Shilabo,suspected poliovirus surveillance signal; delayed AFP notification or investigation risk; under-vaccinated AFP signal,escalate surveillance review without treating it as confirmed outbreak; strengthen AFP notification and rapid investigation follow-up; prioritize immunization outreach
ETH:ET040205,2026-01-01,Oromia,East Wellega,Boneya Boshe,0.0006809615,0.20605308,0.32006738,0.2264352,0.025366418,high,high_risk_source,4,0.0019616652,Kiremu,poor stool adequacy risk; delayed AFP notification or investigation risk; under-vaccinated AFP signal,verify stool collection and specimen handling; strengthen AFP notification and rapid investigation follow-up; prioritize immunization outreach
ETH:4a7a9b70ccf8,2026-01-01,Oromia,East Wellega,Wayu Tuqa,0.00066883495,0.39297876,0.3610755,0.09150515,0.03914289,high,high_risk_source,4,0.0019616652,Kiremu,poor stool adequacy risk; delayed AFP notification or investigation risk; under-vaccinated AFP signal,verify stool collection and specimen handling; strengthen AFP notification and rapid investigation follow-up; prioritize immunization outreach
ETH:684eceef135f,2026-01-01,Somali,DAWA,Moyale,0.00062803057,0.25584587,0.39595315,0.23113595,0.011550269,high,high_risk_source,1,0.00062803057,Moyale,poor stool adequacy risk; delayed AFP notification or investigation risk; under-vaccinated AFP signal,verify stool collection and specimen handling; strengthen AFP notification and rapid investigation follow-up; prioritize immunization outreach
ETH:63a14ab8c875,2026-01-01,Central Ethiopia,East Guraghie,Enseno,0.0005204778,0.26605824,0.5131703,0.058328696,0.027838744,high,high_risk_source,2,0.0012046896,Mesikan,poor stool adequacy risk; delayed AFP notification or investigation risk; lab result delay risk; under-vaccinated AFP signal,verify stool collection and specimen handling; strengthen AFP notification and rapid investigation follow-up; follow up lab reporting pipeline; prioritize immunization outreach
ETH:bd477a35b8af,2026-01-01,Oromia,JIMMA,Mana,0.0005204778,0.26605824,0.49516267,0.05884244,0.026635194,high,high_risk_source,2,0.001983892,Gomma,poor stool adequacy risk; delayed AFP notification or investigation risk; lab result delay risk; under-vaccinated AFP signal,verify stool collection and specimen handling; strengthen AFP notification and rapid investigation follow-up; follow up lab reporting pipeline; prioritize immunization outreach
ETH:231bc272eac4,2026-01-01,Central Ethiopia,Siliti,Dalocha woreda,0.00048175533,0.23573719,0.50975895,0.16102242,0.017337726,high,high_risk_source,4,0.08312561,West azernet,poor stool adequacy risk; delayed AFP notification or investigation risk; lab result delay risk; under-vaccinated AFP signal,verify stool collection and specimen handling; strengthen AFP notification and rapid investigation follow-up; follow up lab reporting pipeline; prioritize immunization outreach
ETH:ET070206,2026-01-01,Central Ethiopia,Hadiya,Soro,0.0004807807,0.09463649,0.47224426,0.15467447,0.014933365,high,high_risk_source,3,0.013723275,Ameka,poor stool adequacy risk; delayed AFP notification or investigation risk; lab result delay risk; under-vaccinated AFP signal,verify stool collection and specimen handling; strengthen AFP notification and rapid investigation follow-up; follow up lab reporting pipeline; prioritize immunization outreach
ETH:a0eb36d3acfa,2026-01-01,Amhara,North Gojjam,Debub Achefer,0.00037496717,0.028594235,0.4350048,0.33133018,0.013473098,high,high_risk_source,3,0.0014356353,Semen Mecha,delayed AFP notification or investigation risk; under-vaccinated AFP signal,strengthen AFP notification and rapid investigation follow-up; prioritize immunization outreach
ETH:ET041301,2026-01-01,Oromia,South West Shewa,Ameya,0.00033712294,0.22725922,0.40905577,0.19296704,0.004440841,high,high_risk_source,2,0.003606647,Bacho,poor stool adequacy risk; delayed AFP notification or investigation risk; lab result delay risk; under-vaccinated AFP signal,verify stool collection and specimen handling; strengthen AFP notification and rapid investigation follow-up; follow up lab reporting pipeline; prioritize immunization outreach
ETH:12debc6a70fa,2026-01-01,Amhara,East Gojjam,Goncha,0.00033652905,0.018928558,0.31802952,0.34784248,0.024926221,high,high_risk_source,7,0.008097793,Mesikan,suspected poliovirus surveillance signal; delayed AFP notification or investigation risk; under-vaccinated AFP signal,escalate surveillance review without treating it as confirmed outbreak; strengthen AFP notification and rapid investigation follow-up; prioritize immunization outreach
ETH:c96d2e239f22,2026-01-01,Oromia,East Wellega,Gudeya Bila,0.0002862031,0.18085445,0.36029255,0.12121983,0.011800263,high,high_risk_source,4,0.0019616652,Kiremu,suspected poliovirus surveillance signal; poor stool adequacy risk; delayed AFP notification or investigation risk; lab result delay risk; under-vaccinated AFP signal,escalate surveillance review without treating it as confirmed outbreak; verify stool collection and specimen handling; strengthen AFP notification and rapid investigation follow-up; follow up lab reporting pipeline; prioritize immunization outreach
ETH:e931a65f8511,2026-01-01,Amhara,South Gonder,Dera,0.00027262053,0.036800716,0.50939035,0.25124496,0.041748073,high,high_risk_source,6,0.003749955,Libo kemkem,delayed AFP notification or investigation risk; under-vaccinated AFP signal,strengthen AFP notification and rapid investigation follow-up; prioritize immunization outreach
ETH:c9022199751f,2026-01-01,Amhara,West Gojjam,Jabi Tehinan,0.0002675216,0.03827358,0.40333223,0.25161347,0.022752983,high,high_risk_source,4,0.0023242338,Bure Zuria,delayed AFP notification or investigation risk; under-vaccinated AFP signal,strengthen AFP notification and rapid investigation follow-up; prioritize immunization outreach
ETH:033b1cbf8f85,2026-01-01,Amhara,North Gojjam,Semen Achefer,0.0002630391,0.07352736,0.31135878,0.20087394,0.026107995,high,high_risk_source,3,0.0014356353,Semen Mecha,suspected poliovirus surveillance signal; poor stool adequacy risk; delayed AFP notification or investigation risk; lab result delay risk; under-vaccinated AFP signal,escalate surveillance review without treating it as confirmed outbreak; verify stool collection and specimen handling; strengthen AFP notification and rapid investigation follow-up; follow up lab reporting pipeline; prioritize immunization outreach
ETH:ET030907,2026-01-01,Amhara,Awi,Guagusa shikudad,0.00023369133,0.1330276,0.38953155,0.32782012,0.037866708,high,high_risk_source,2,0.0015262659,Fagita Lekoma,poor stool adequacy risk; delayed AFP notification or investigation risk; lab result delay risk; under-vaccinated AFP signal,verify stool collection and specimen handling; strengthen AFP notification and rapid investigation follow-up; follow up lab reporting pipeline; prioritize immunization outreach
ETH:53bcd8740981,2026-01-01,Amhara,South Gonder,Andabet,0.00021127168,0.04010307,0.34372666,0.20963198,0.01844661,high,high_risk_source,6,0.003749955,Libo kemkem,suspected poliovirus surveillance signal; delayed AFP notification or investigation risk; lab result delay risk; under-vaccinated AFP signal,escalate surveillance review without treating it as confirmed outbreak; strengthen AFP notification and rapid investigation follow-up; follow up lab reporting pipeline; prioritize immunization outreach
