location_id,prediction_period_start,admin1_region,admin2_zone,admin3_woreda,risk_probability,risk_prediction,risk_bucket,alert_role,alert_level,source_zone_high_risk_count,source_zone_very_high_count,source_zone_max_risk_probability,source_zone_top_source_woreda,alert_reason
ETH:ET041116,2026-01-01,Oromia,Bale,Goro (Bale),0.98416394,1,very_high,high_risk_source,critical,18,2,0.98416394,Goro (Bale),This woreda is high or very-high risk for the next prediction month.
ETH:ET041111,2026-01-01,Oromia,Bale,Harena Buluk,0.97661644,1,very_high,high_risk_source,critical,18,2,0.98416394,Goro (Bale),This woreda is high or very-high risk for the next prediction month.
ETH:ET041517,2026-01-01,Oromia,West Guji,Gelana (West Guji),0.9748116,1,very_high,high_risk_source,critical,8,1,0.9748116,Gelana (West Guji),This woreda is high or very-high risk for the next prediction month.
ETH:ET081202,2026-01-01,South Ethiopia,South Omo,Dasenech /Kuraz,0.8860612,1,very_high,high_risk_source,critical,6,6,0.8860612,Dasenech /Kuraz,This woreda is high or very-high risk for the next prediction month.
ETH:fa718828a596,2026-01-01,Oromia,Guji,Adola Rede,0.88357407,1,very_high,high_risk_source,critical,15,6,0.88357407,Adola Rede,This woreda is high or very-high risk for the next prediction month.
ETH:ET080902,2026-01-01,South Ethiopia,Konso,Karat Zuria,0.87910646,1,very_high,high_risk_source,critical,4,4,0.87910646,Karat Zuria,This woreda is high or very-high risk for the next prediction month.
ETH:ET081201,2026-01-01,South Ethiopia,South Omo,Bena Tsemay,0.8685933,1,very_high,high_risk_source,critical,6,6,0.8860612,Dasenech /Kuraz,This woreda is high or very-high risk for the next prediction month.
ETH:ET041412,2026-01-01,Oromia,Guji,Saba Boru,0.8662659,1,very_high,high_risk_source,critical,15,6,0.88357407,Adola Rede,This woreda is high or very-high risk for the next prediction month.
ETH:ET081206,2026-01-01,South Ethiopia,South Omo,Salamago,0.86598223,1,very_high,high_risk_source,critical,6,6,0.8860612,Dasenech /Kuraz,This woreda is high or very-high risk for the next prediction month.
ETH:ET081203,2026-01-01,South Ethiopia,South Omo,Hamer,0.8615683,1,very_high,high_risk_source,critical,6,6,0.8860612,Dasenech /Kuraz,This woreda is high or very-high risk for the next prediction month.
ETH:2ca06dd21e25,2026-01-01,Amhara,Central Gonder,Wegera,0.85815537,1,very_high,high_risk_source,critical,14,3,0.85815537,Wegera,This woreda is high or very-high risk for the next prediction month.
ETH:df0b855d1f20,2026-01-01,South Ethiopia,Gamo,Gerese town,0.85649246,1,very_high,high_risk_source,critical,10,10,0.85649246,Gerese town,This woreda is high or very-high risk for the next prediction month.
ETH:f69417c5cdee,2026-01-01,Amhara,Central Gonder,Gonder Zuria,0.8498108,1,very_high,high_risk_source,critical,14,3,0.85815537,Wegera,This woreda is high or very-high risk for the next prediction month.
ETH:15c85ed4077e,2026-01-01,South Ethiopia,Wolayta,Kindo Koyesha,0.83695865,1,very_high,high_risk_source,critical,4,3,0.83695865,Kindo Koyesha,This woreda is high or very-high risk for the next prediction month.
ETH:ET080905,2026-01-01,South Ethiopia,Konso,Kolme,0.83516103,1,very_high,high_risk_source,critical,4,4,0.87910646,Karat Zuria,This woreda is high or very-high risk for the next prediction month.
ETH:c56dbaceec78,2026-01-01,Amhara,West Gojjam,Jabi Tehnan,0.8326402,1,very_high,high_risk_source,critical,15,1,0.8326402,Jabi Tehnan,This woreda is high or very-high risk for the next prediction month.
ETH:4b34a000ecfc,2026-01-01,Amhara,Oromiya,Jilye Tumuga,0.8324774,1,very_high,high_risk_source,critical,14,1,0.8324774,Jilye Tumuga,This woreda is high or very-high risk for the next prediction month.
ETH:c15df857b128,2026-01-01,South Ethiopia,Ari,Woba Ari,0.8283605,1,very_high,high_risk_source,critical,5,5,0.8283605,Woba Ari,This woreda is high or very-high risk for the next prediction month.
ETH:ET080501,2026-01-01,South Ethiopia,Ari,Baka Dawula,0.82754004,1,very_high,high_risk_source,critical,5,5,0.8283605,Woba Ari,This woreda is high or very-high risk for the next prediction month.
ETH:ET110104,2026-01-01,South West Ethiopia,Sheka,Tepi,0.82484925,1,very_high,high_risk_source,critical,5,1,0.82484925,Tepi,This woreda is high or very-high risk for the next prediction month.
ETH:16a74e63a890,2026-01-01,South Ethiopia,Goffa,O'yida,0.82428986,1,very_high,high_risk_source,critical,7,6,0.82428986,O'yida,This woreda is high or very-high risk for the next prediction month.
ETH:ET080211,2026-01-01,South Ethiopia,Gamo,Garda Marta,0.82418567,1,very_high,high_risk_source,critical,10,10,0.85649246,Gerese town,This woreda is high or very-high risk for the next prediction month.
ETH:ET080202,2026-01-01,South Ethiopia,Gamo,Arba Minch Zuria,0.81614053,1,very_high,high_risk_source,critical,10,10,0.85649246,Gerese town,This woreda is high or very-high risk for the next prediction month.
ETH:ET080219,2026-01-01,South Ethiopia,Gamo,Mirab Abaya,0.8159093,1,very_high,high_risk_source,critical,10,10,0.85649246,Gerese town,This woreda is high or very-high risk for the next prediction month.
ETH:ca84f7df10fc,2026-01-01,South Ethiopia,Wolayta,Bayera Koisha,0.81257164,1,very_high,high_risk_source,critical,4,3,0.83695865,Kindo Koyesha,This woreda is high or very-high risk for the next prediction month.
ETH:ET080208,2026-01-01,South Ethiopia,Gamo,Daramalo,0.811437,1,very_high,high_risk_source,critical,10,10,0.85649246,Gerese town,This woreda is high or very-high risk for the next prediction month.
ETH:f7a3dc1beeaa,2026-01-01,South Ethiopia,Goffa,Sawla town,0.80981696,1,very_high,high_risk_source,critical,7,6,0.82428986,O'yida,This woreda is high or very-high risk for the next prediction month.
ETH:ET080508,2026-01-01,South Ethiopia,Ari,North Ari,0.8090883,1,very_high,high_risk_source,critical,5,5,0.8283605,Woba Ari,This woreda is high or very-high risk for the next prediction month.
ETH:ET041401,2026-01-01,Oromia,Guji,Uraga,0.8082082,1,very_high,high_risk_source,critical,15,6,0.88357407,Adola Rede,This woreda is high or very-high risk for the next prediction month.
ETH:035cb0a26203,2026-01-01,South Ethiopia,Wolayta,Sodo Town,0.80744755,1,very_high,high_risk_source,critical,4,3,0.83695865,Kindo Koyesha,This woreda is high or very-high risk for the next prediction month.
ETH:ET080904,2026-01-01,South Ethiopia,Konso,Segen Zuria,0.8056721,1,very_high,high_risk_source,critical,4,4,0.87910646,Karat Zuria,This woreda is high or very-high risk for the next prediction month.
ETH:ET042205,2026-01-01,Oromia,East Borena,Gora Dola,0.80464333,1,very_high,high_risk_source,critical,6,4,0.80464333,Gora Dola,This woreda is high or very-high risk for the next prediction month.
ETH:031382271d55,2026-01-01,South Ethiopia,Goffa,Denba Gofa,0.8042168,1,very_high,high_risk_source,critical,7,6,0.82428986,O'yida,This woreda is high or very-high risk for the next prediction month.
ETH:ET050207,2026-01-01,Somali,Fafan,Harshin,0.8036948,1,very_high,high_risk_source,critical,24,2,0.8036948,Harshin,This woreda is high or very-high risk for the next prediction month.
ETH:ET080210,2026-01-01,South Ethiopia,Gamo,Gacho Baba,0.8032731,1,very_high,high_risk_source,critical,10,10,0.85649246,Gerese town,This woreda is high or very-high risk for the next prediction month.
ETH:ET080511,2026-01-01,South Ethiopia,Ari,South Ari,0.8005374,1,very_high,high_risk_source,critical,5,5,0.8283605,Woba Ari,This woreda is high or very-high risk for the next prediction month.
ETH:160df2fc9311,2026-01-01,South Ethiopia,Goffa,Uba Debre Tsehay,0.80002517,1,very_high,high_risk_source,critical,7,6,0.82428986,O'yida,This woreda is high or very-high risk for the next prediction month.
ETH:6e633b9d15bc,2026-01-01,South Ethiopia,Goffa,Beto Town,0.7986975,0,very_high,high_risk_source,critical,7,6,0.82428986,O'yida,This woreda is high or very-high risk for the next prediction month.
ETH:ET042202,2026-01-01,Oromia,East Borena,LIBEN,0.79848295,0,very_high,high_risk_source,critical,6,4,0.80464333,Gora Dola,This woreda is high or very-high risk for the next prediction month.
ETH:ET080209,2026-01-01,South Ethiopia,Gamo,Dita,0.79427826,0,very_high,high_risk_source,critical,10,10,0.85649246,Gerese town,This woreda is high or very-high risk for the next prediction month.
ETH:c3da0233435b,2026-01-01,Oromia,West Shoa,Cheliya,0.7930984,0,very_high,high_risk_source,critical,26,1,0.7930984,Cheliya,This woreda is high or very-high risk for the next prediction month.
ETH:2effd4fd30ea,2026-01-01,South Ethiopia,Gardula,Derashe,0.7919331,0,very_high,high_risk_source,critical,1,1,0.7919331,Derashe,This woreda is high or very-high risk for the next prediction month.
ETH:ET081205,2026-01-01,South Ethiopia,South Omo,Nyngatom,0.79145825,0,very_high,high_risk_source,critical,6,6,0.8860612,Dasenech /Kuraz,This woreda is high or very-high risk for the next prediction month.
ETH:ET080205,2026-01-01,South Ethiopia,Gamo,Boreda,0.7911853,0,very_high,high_risk_source,critical,10,10,0.85649246,Gerese town,This woreda is high or very-high risk for the next prediction month.
ETH:48dd4f29ffc4,2026-01-01,South Ethiopia,Kore,Gorika,0.789841,0,very_high,high_risk_source,critical,2,2,0.789841,Gorika,This woreda is high or very-high risk for the next prediction month.
ETH:ET041701,2026-01-01,Oromia,West Arsi,Siraro,0.78760237,0,very_high,high_risk_source,critical,17,2,0.78760237,Siraro,This woreda is high or very-high risk for the next prediction month.
ETH:ET041411,2026-01-01,Oromia,Guji,Ana Sora,0.78603554,0,very_high,high_risk_source,critical,15,6,0.88357407,Adola Rede,This woreda is high or very-high risk for the next prediction month.
ETH:ET081108,2026-01-01,South Ethiopia,Gedeo,Churso,0.785926,0,very_high,high_risk_source,critical,7,3,0.785926,Churso,This woreda is high or very-high risk for the next prediction month.
ETH:8577255090d1,2026-01-01,South Ethiopia,Gamo,Gerese,0.78343004,0,very_high,high_risk_source,critical,10,10,0.85649246,Gerese town,This woreda is high or very-high risk for the next prediction month.
ETH:ET041707,2026-01-01,Oromia,West Arsi,DODOLA,0.7831117,0,very_high,high_risk_source,critical,17,2,0.78760237,Siraro,This woreda is high or very-high risk for the next prediction month.
ETH:c849a34bb186,2026-01-01,Amhara,C Gonder,East Belesa,0.78297824,0,very_high,high_risk_source,critical,7,1,0.78297824,East Belesa,This woreda is high or very-high risk for the next prediction month.
ETH:ET041410,2026-01-01,Oromia,Guji,Girja /Harenfema,0.7812512,0,very_high,high_risk_source,critical,15,6,0.88357407,Adola Rede,This woreda is high or very-high risk for the next prediction month.
ETH:36a923409693,2026-01-01,Amhara,South Gonder,Woreta town,0.7791149,0,very_high,high_risk_source,critical,16,1,0.7791149,Woreta town,This woreda is high or very-high risk for the next prediction month.
ETH:ET030301,2026-01-01,Amhara,North Wello,Bugna,0.7784336,0,very_high,high_risk_source,critical,13,1,0.7784336,Bugna,This woreda is high or very-high risk for the next prediction month.
ETH:ET081204,2026-01-01,South Ethiopia,South Omo,Malie,0.7779183,0,very_high,high_risk_source,critical,6,6,0.8860612,Dasenech /Kuraz,This woreda is high or very-high risk for the next prediction month.
ETH:c63ba9003d6f,2026-01-01,South Ethiopia,Goffa,Zala,0.77694553,0,very_high,high_risk_source,critical,7,6,0.82428986,O'yida,This woreda is high or very-high risk for the next prediction month.
ETH:ET081112,2026-01-01,South Ethiopia,Gedeo,Chelelektu town,0.7755687,0,very_high,high_risk_source,critical,7,3,0.785926,Churso,This woreda is high or very-high risk for the next prediction month.
ETH:ET080201,2026-01-01,South Ethiopia,Gamo,Arba Minch town,0.7751703,0,very_high,high_risk_source,critical,10,10,0.85649246,Gerese town,This woreda is high or very-high risk for the next prediction month.
ETH:f12c0d254a68,2026-01-01,South Ethiopia,Kore,Kelle Town,0.77478284,0,very_high,high_risk_source,critical,2,2,0.789841,Gorika,This woreda is high or very-high risk for the next prediction month.
ETH:ET050804,2026-01-01,Somali,Afder,Elkare /Serer,0.7735397,0,very_high,high_risk_source,critical,11,2,0.7735397,Elkare /Serer,This woreda is high or very-high risk for the next prediction month.
ETH:ET041809,2026-01-01,Oromia,Kelem Wellega,Gidami,0.77339715,0,very_high,high_risk_source,critical,17,1,0.77339715,Gidami,This woreda is high or very-high risk for the next prediction month.
ETH:ET050304,2026-01-01,Somali,Jarar,Gashamo,0.77285266,0,very_high,high_risk_source,critical,15,1,0.77285266,Gashamo,This woreda is high or very-high risk for the next prediction month.
ETH:ET080506,2026-01-01,South Ethiopia,Ari,Jinka Town,0.7719978,0,very_high,high_risk_source,critical,5,5,0.8283605,Woba Ari,This woreda is high or very-high risk for the next prediction month.
ETH:389b9b2ba735,2026-01-01,Amhara,Central Gonder,Takusa,0.77077955,0,very_high,high_risk_source,critical,14,3,0.85815537,Wegera,This woreda is high or very-high risk for the next prediction month.
ETH:ET040198,2026-01-01,Oromia,West Wellega,Mendi Town,0.7688439,0,very_high,high_risk_source,critical,19,1,0.7688439,Mendi Town,This woreda is high or very-high risk for the next prediction month.
ETH:ET041212,2026-01-01,Oromia,Borena,Teltale,0.76752776,0,very_high,high_risk_source,critical,17,2,0.76752776,Teltale,This woreda is high or very-high risk for the next prediction month.
ETH:4db7e2a16cd1,2026-01-01,Amhara,North Gojjam,South Achefer,0.76734734,0,very_high,high_risk_source,critical,5,1,0.76734734,South Achefer,This woreda is high or very-high risk for the next prediction month.
ETH:728e0694d328,2026-01-01,Oromia,East Shoa,Adama,0.7663057,0,very_high,high_risk_source,critical,16,1,0.7663057,Adama,This woreda is high or very-high risk for the next prediction month.
ETH:ET081102,2026-01-01,South Ethiopia,Gedeo,YIRGACHEFE,0.764813,0,very_high,high_risk_source,critical,7,3,0.785926,Churso,This woreda is high or very-high risk for the next prediction month.
ETH:ET080903,2026-01-01,South Ethiopia,Konso,Karat town,0.7631941,0,very_high,high_risk_source,critical,4,4,0.87910646,Karat Zuria,This woreda is high or very-high risk for the next prediction month.
ETH:4d22b2cc0af8,2026-01-01,Amhara,Bahir Dar town,Bahir Dar town,0.76299757,0,very_high,high_risk_source,critical,1,1,0.76299757,Bahir Dar town,This woreda is high or very-high risk for the next prediction month.
ETH:ET042203,2026-01-01,Oromia,East Borena,Meda Welabu,0.759696,0,very_high,high_risk_source,critical,6,4,0.80464333,Gora Dola,This woreda is high or very-high risk for the next prediction month.
ETH:ET050808,2026-01-01,Somali,Afder,Dolobay,0.7536333,0,very_high,high_risk_source,critical,11,2,0.7735397,Elkare /Serer,This woreda is high or very-high risk for the next prediction month.
ETH:2f77c795c3ce,2026-01-01,Oromia,East Borena,Gumi Eldallo,0.75302154,0,very_high,high_risk_source,critical,6,4,0.80464333,Gora Dola,This woreda is high or very-high risk for the next prediction month.
ETH:09e9b511e04b,2026-01-01,Amhara,East Gojjam,Baso Liben,0.75261146,0,very_high,high_risk_source,critical,16,2,0.75261146,Baso Liben,This woreda is high or very-high risk for the next prediction month.
ETH:a4f8eae6cda8,2026-01-01,Oromia,Guji,Liben,0.75188476,0,very_high,high_risk_source,critical,15,6,0.88357407,Adola Rede,This woreda is high or very-high risk for the next prediction month.
ETH:ET041290,2026-01-01,Oromia,Borena,Guchi,0.7517348,0,very_high,high_risk_source,critical,17,2,0.76752776,Teltale,This woreda is high or very-high risk for the next prediction month.
ETH:633e87bf20d0,2026-01-01,Amhara,East Gojjam,Guzamn,0.75158817,0,very_high,high_risk_source,critical,16,2,0.75261146,Baso Liben,This woreda is high or very-high risk for the next prediction month.
ETH:6ab7ece61d24,2026-01-01,Benishangul Gumuz,Kemashi,Yaso/Zayi,0.75132024,0,very_high,high_risk_source,critical,5,1,0.75132024,Yaso/Zayi,This woreda is high or very-high risk for the next prediction month.
ETH:afea71a8e4f5,2026-01-01,Somali,Fafan,Jigjiga Zuria,0.75047886,0,very_high,high_risk_source,critical,24,2,0.8036948,Harshin,This woreda is high or very-high risk for the next prediction month.
ETH:9fd59e10593a,2026-01-01,Amhara,Bahir Dar City,Bahir Dar town,0.7504364,0,very_high,high_risk_source,critical,2,1,0.7504364,Bahir Dar town,This woreda is high or very-high risk for the next prediction month.
ETH:ET041807,2026-01-01,Oromia,Kelem Wellega,Anfilo,0.74973476,0,high,high_risk_source,high,17,1,0.77339715,Gidami,This woreda is high or very-high risk for the next prediction month.
ETH:ET050302,2026-01-01,Somali,Jarar,Degehabur,0.7496401,0,high,high_risk_source,high,15,1,0.77285266,Gashamo,This woreda is high or very-high risk for the next prediction month.
ETH:79e8ab8fdaaf,2026-01-01,Amhara,Woldia Town,Woldia Town,0.74954414,0,high,high_risk_source,high,1,0,0.74954414,Woldia Town,This woreda is high or very-high risk for the next prediction month.
ETH:7d73ca8ceec6,2026-01-01,Sidama,Northern Sidama,Borricha,0.7484374,0,high,high_risk_source,high,11,0,0.7484374,Borricha,This woreda is high or very-high risk for the next prediction month.
ETH:ET051003,2026-01-01,Somali,Nogob,Garbo,0.74749696,0,high,high_risk_source,high,6,0,0.74749696,Garbo,This woreda is high or very-high risk for the next prediction month.
ETH:ET042207,2026-01-01,Oromia,East Borena,Arero,0.74689656,0,high,high_risk_source,high,6,4,0.80464333,Gora Dola,This woreda is high or very-high risk for the next prediction month.
ETH:7aeaffed608c,2026-01-01,Somali,Shabele,Kelafo,0.74620366,0,high,high_risk_source,high,10,0,0.74620366,Kelafo,This woreda is high or very-high risk for the next prediction month.
ETH:ET051095,2026-01-01,Somali,Nogob,Horshagah,0.74572456,0,high,high_risk_source,high,6,0,0.74749696,Garbo,This woreda is high or very-high risk for the next prediction month.
ETH:5d82bae7f8d7,2026-01-01,Somali,Liben,Guradamole,0.7438104,0,high,high_risk_source,high,9,0,0.7438104,Guradamole,This woreda is high or very-high risk for the next prediction month.
ETH:f5090a6e7909,2026-01-01,Amhara,North Gonder,Janamora,0.74364644,0,high,high_risk_source,high,7,0,0.74364644,Janamora,This woreda is high or very-high risk for the next prediction month.
ETH:ET050503,2026-01-01,Somali,Korahe,Shilabo,0.74198145,0,high,high_risk_source,high,7,0,0.74198145,Shilabo,This woreda is high or very-high risk for the next prediction month.
ETH:ET050598,2026-01-01,Somali,Korahe,El-Ogaden,0.74085385,0,high,high_risk_source,high,7,0,0.74198145,Shilabo,This woreda is high or very-high risk for the next prediction month.
ETH:53fafab20ec1,2026-01-01,Somali,Fafan,Qabribayah,0.739875,0,high,high_risk_source,high,24,2,0.8036948,Harshin,This woreda is high or very-high risk for the next prediction month.
ETH:93906070450c,2026-01-01,Amhara,Oromiya,Kemisie town,0.73979366,0,high,high_risk_source,high,14,1,0.8324774,Jilye Tumuga,This woreda is high or very-high risk for the next prediction month.
ETH:4add7fd560d2,2026-01-01,Amhara,C Gonder,Chilga,0.73893636,0,high,high_risk_source,high,7,1,0.78297824,East Belesa,This woreda is high or very-high risk for the next prediction month.
ETH:ab7f0fc4bc52,2026-01-01,Gambella,Nuer,Jikawo,0.7386908,0,high,high_risk_source,high,4,0,0.7386908,Jikawo,This woreda is high or very-high risk for the next prediction month.
ETH:ET060201,2026-01-01,Benishangul Gumuz,Metekel,Dangur,0.73803574,0,high,high_risk_source,high,10,0,0.73803574,Dangur,This woreda is high or very-high risk for the next prediction month.
ETH:ET050290,2026-01-01,Somali,Fafan,Goljano,0.7378373,0,high,high_risk_source,high,24,2,0.8036948,Harshin,This woreda is high or very-high risk for the next prediction month.
ETH:ET030310,2026-01-01,Amhara,North Wello,Lasta,0.7377787,0,high,high_risk_source,high,13,1,0.7784336,Bugna,This woreda is high or very-high risk for the next prediction month.
ETH:ET050898,2026-01-01,Somali,Afder,Kohle /Qoxle,0.73672247,0,high,high_risk_source,high,11,2,0.7735397,Elkare /Serer,This woreda is high or very-high risk for the next prediction month.
ETH:ET040209,2026-01-01,Oromia,East Wellega,Sibu Sire,0.73520285,0,high,high_risk_source,high,18,0,0.73520285,Sibu Sire,This woreda is high or very-high risk for the next prediction month.
ETH:ET050394,2026-01-01,Somali,Jarar,Burqod,0.7347187,0,high,high_risk_source,high,15,1,0.77285266,Gashamo,This woreda is high or very-high risk for the next prediction month.
ETH:7a132d316598,2026-01-01,Amhara,East Gojjam,Awabel,0.73355955,0,high,high_risk_source,high,16,2,0.75261146,Baso Liben,This woreda is high or very-high risk for the next prediction month.
ETH:c5bb922b8de2,2026-01-01,Oromia,West Shoa,Cobi,0.7334552,0,high,high_risk_source,high,26,1,0.7930984,Cheliya,This woreda is high or very-high risk for the next prediction month.
ETH:878375456b15,2026-01-01,Amhara,South Gonder,Libokemekem,0.73340535,0,high,high_risk_source,high,16,1,0.7791149,Woreta town,This woreda is high or very-high risk for the next prediction month.
ETH:444dc810bf72,2026-01-01,Oromia,West Shoa,Toke Kutaye,0.7334046,0,high,high_risk_source,high,26,1,0.7930984,Cheliya,This woreda is high or very-high risk for the next prediction month.
ETH:ET081107,2026-01-01,South Ethiopia,Gedeo,Rape,0.7326199,0,high,high_risk_source,high,7,3,0.785926,Churso,This woreda is high or very-high risk for the next prediction month.
ETH:ET042204,2026-01-01,Oromia,East Borena,West Welabu,0.7325219,0,high,high_risk_source,high,6,4,0.80464333,Gora Dola,This woreda is high or very-high risk for the next prediction month.
ETH:ET041223,2026-01-01,Oromia,Borena,Gomole,0.7323889,0,high,high_risk_source,high,17,2,0.76752776,Teltale,This woreda is high or very-high risk for the next prediction month.
ETH:ET041402,2026-01-01,Oromia,Guji,Bore,0.73191714,0,high,high_risk_source,high,15,6,0.88357407,Adola Rede,This woreda is high or very-high risk for the next prediction month.
ETH:f9a36c3ca851,2026-01-01,Amhara,Wag Himra,Dehana,0.7318248,0,high,high_risk_source,high,10,0,0.7318248,Dehana,This woreda is high or very-high risk for the next prediction month.
ETH:6c9718d53ae4,2026-01-01,Amhara,West Gonder,Metema,0.73113936,0,high,high_risk_source,high,5,0,0.73113936,Metema,This woreda is high or very-high risk for the next prediction month.
ETH:28b32c75da66,2026-01-01,Oromia,Nekemte Town,Nekemte Town,0.7308945,0,high,high_risk_source,high,1,0,0.7308945,Nekemte Town,This woreda is high or very-high risk for the next prediction month.
ETH:92f91a6501ed,2026-01-01,Somali,Nogob,Duhun,0.73027205,0,high,high_risk_source,high,6,0,0.74749696,Garbo,This woreda is high or very-high risk for the next prediction month.
ETH:ET041513,2026-01-01,Oromia,West Guji,Abaya,0.7302458,0,high,high_risk_source,high,8,1,0.9748116,Gelana (West Guji),This woreda is high or very-high risk for the next prediction month.
ETH:ET050382,2026-01-01,Somali,Jarar,Yocale,0.72981006,0,high,high_risk_source,high,15,1,0.77285266,Gashamo,This woreda is high or very-high risk for the next prediction month.
ETH:ET050806,2026-01-01,Somali,Afder,Hargele,0.7296881,0,high,high_risk_source,high,11,2,0.7735397,Elkare /Serer,This woreda is high or very-high risk for the next prediction month.
ETH:f39eaf6824f9,2026-01-01,South West Ethiopia,Dawro,Disa,0.7287616,0,high,high_risk_source,high,12,0,0.7287616,Disa,This woreda is high or very-high risk for the next prediction month.
ETH:97e43b9d413f,2026-01-01,Oromia,Guji,Goro Dola,0.7263923,0,high,high_risk_source,high,15,6,0.88357407,Adola Rede,This woreda is high or very-high risk for the next prediction month.
ETH:ET060202,2026-01-01,Benishangul Gumuz,Metekel,Guba,0.7255809,0,high,high_risk_source,high,10,0,0.73803574,Dangur,This woreda is high or very-high risk for the next prediction month.
ETH:ET050399,2026-01-01,Somali,Jarar,DIG,0.72557664,0,high,high_risk_source,high,15,1,0.77285266,Gashamo,This woreda is high or very-high risk for the next prediction month.
ETH:ET050402,2026-01-01,Somali,Erer,Fik,0.72534233,0,high,high_risk_source,high,6,0,0.72534233,Fik,This woreda is high or very-high risk for the next prediction month.
ETH:6678abcd0d2f,2026-01-01,Oromia,Kelem Wellega,Gawo Kebe/Dawo kebe,0.7253058,0,high,high_risk_source,high,17,1,0.77339715,Gidami,This woreda is high or very-high risk for the next prediction month.
ETH:ET041115,2026-01-01,Oromia,Bale,Gura Damole,0.72530395,0,high,high_risk_source,high,18,2,0.98416394,Goro (Bale),This woreda is high or very-high risk for the next prediction month.
ETH:9a09fb0ab30e,2026-01-01,Oromia,E Harerghe,Chinaksen,0.7248752,0,high,high_risk_source,high,17,0,0.7248752,Chinaksen,This woreda is high or very-high risk for the next prediction month.
ETH:ET042104,2026-01-01,Oromia,East Bale,Rayitu,0.7246736,0,high,high_risk_source,high,8,0,0.7246736,Rayitu,This woreda is high or very-high risk for the next prediction month.
ETH:03623d9bc49e,2026-01-01,Oromia,Bishoftu town,Bishoftu town,0.7233704,0,high,high_risk_source,high,1,0,0.7233704,Bishoftu town,This woreda is high or very-high risk for the next prediction month.
ETH:ET030906,2026-01-01,Amhara,Awi,Jawi,0.72336924,0,high,high_risk_source,high,16,0,0.72336924,Jawi,This woreda is high or very-high risk for the next prediction month.
ETH:57ffaf8a4d7c,2026-01-01,Amhara,South Gonder,Debre Tabor town,0.72119594,0,high,high_risk_source,high,16,1,0.7791149,Woreta town,This woreda is high or very-high risk for the next prediction month.
ETH:3656fa41ee82,2026-01-01,Sidama,Eastern Sidama,Hoko,0.72097254,0,high,high_risk_source,high,10,0,0.72097254,Hoko,This woreda is high or very-high risk for the next prediction month.
ETH:c4848883b82b,2026-01-01,Amhara,W Gojjam,North Achefer,0.72052395,0,high,high_risk_source,high,14,0,0.72052395,North Achefer,This woreda is high or very-high risk for the next prediction month.
ETH:82afa75f195a,2026-01-01,South Ethiopia,Burji,Burji rural,0.72032386,0,high,high_risk_source,high,1,0,0.72032386,Burji rural,This woreda is high or very-high risk for the next prediction month.
ETH:ET042103,2026-01-01,Oromia,East Bale,GINIR,0.7202403,0,high,high_risk_source,high,8,0,0.7246736,Rayitu,This woreda is high or very-high risk for the next prediction month.
ETH:ET050102,2026-01-01,Somali,Siti,Dembel,0.719128,0,high,high_risk_source,high,10,0,0.719128,Dembel,This woreda is high or very-high risk for the next prediction month.
ETH:ET081105,2026-01-01,South Ethiopia,Gedeo,Dila Zuria,0.7190076,0,high,high_risk_source,high,7,3,0.785926,Churso,This woreda is high or very-high risk for the next prediction month.
ETH:ET042105,2026-01-01,Oromia,East Bale,Seweyna,0.71838754,0,high,high_risk_source,high,8,0,0.7246736,Rayitu,This woreda is high or very-high risk for the next prediction month.
ETH:ET050395,2026-01-01,Somali,Jarar,Ararso,0.7183168,0,high,high_risk_source,high,15,1,0.77285266,Gashamo,This woreda is high or very-high risk for the next prediction month.
ETH:6d3b40d3848d,2026-01-01,Oromia,East Shoa,Dugda,0.71801436,0,high,high_risk_source,high,16,1,0.7663057,Adama,This woreda is high or very-high risk for the next prediction month.
ETH:ET060203,2026-01-01,Benishangul Gumuz,Metekel,Wembera,0.71796596,0,high,high_risk_source,high,10,0,0.73803574,Dangur,This woreda is high or very-high risk for the next prediction month.
ETH:2795c93c270e,2026-01-01,Oromia,Bale,Dawe Qachen,0.7179534,0,high,high_risk_source,high,18,2,0.98416394,Goro (Bale),This woreda is high or very-high risk for the next prediction month.
ETH:b5433e58d743,2026-01-01,Oromia,Woliso town,Woliso town,0.7165364,0,high,high_risk_source,high,1,0,0.7165364,Woliso town,This woreda is high or very-high risk for the next prediction month.
ETH:687d9e830cf5,2026-01-01,Oromia,E Harerghe,Kombolchaa,0.7156016,0,high,high_risk_source,high,17,0,0.7248752,Chinaksen,This woreda is high or very-high risk for the next prediction month.
ETH:2c71dbd6fff1,2026-01-01,Benishangul Gumuz,Kemashi,Kamashi,0.7153461,0,high,high_risk_source,high,5,1,0.75132024,Yaso/Zayi,This woreda is high or very-high risk for the next prediction month.
ETH:7bcef8881066,2026-01-01,Somali,Korahe,Kebridahar Council,0.7151283,0,high,high_risk_source,high,7,0,0.74198145,Shilabo,This woreda is high or very-high risk for the next prediction month.
ETH:9fce06a1560a,2026-01-01,Amhara,W Gojjam,Mecha South,0.7149984,0,high,high_risk_source,high,14,0,0.72052395,North Achefer,This woreda is high or very-high risk for the next prediction month.
ETH:ET051001,2026-01-01,Somali,Nogob,Ayun,0.71477437,0,high,high_risk_source,high,6,0,0.74749696,Garbo,This woreda is high or very-high risk for the next prediction month.
ETH:ET050802,2026-01-01,Somali,Afder,Charati,0.71433043,0,high,high_risk_source,high,11,2,0.7735397,Elkare /Serer,This woreda is high or very-high risk for the next prediction month.
ETH:9ecac7140d4f,2026-01-01,Somali,Shabele,Godey,0.7136761,0,high,high_risk_source,high,10,0,0.74620366,Kelafo,This woreda is high or very-high risk for the next prediction month.
ETH:c6a0667f8dba,2026-01-01,Amhara,Oromiya,Bati,0.71281236,0,high,high_risk_source,high,14,1,0.8324774,Jilye Tumuga,This woreda is high or very-high risk for the next prediction month.
ETH:ET081109,2026-01-01,South Ethiopia,Gedeo,Dila town,0.7125493,0,high,high_risk_source,high,7,3,0.785926,Churso,This woreda is high or very-high risk for the next prediction month.
ETH:ET041112,2026-01-01,Oromia,Bale,Mena (Bale),0.71245843,0,high,high_risk_source,high,18,2,0.98416394,Goro (Bale),This woreda is high or very-high risk for the next prediction month.
ETH:ET051002,2026-01-01,Somali,Nogob,Elwayne,0.7123326,0,high,high_risk_source,high,6,0,0.74749696,Garbo,This woreda is high or very-high risk for the next prediction month.
ETH:ET041409,2026-01-01,Oromia,Guji,Arda Jila,0.7122001,0,high,high_risk_source,high,15,6,0.88357407,Adola Rede,This woreda is high or very-high risk for the next prediction month.
ETH:ET041405,2026-01-01,Oromia,GUJI,Odo Shakiso,0.71213704,0,high,high_risk_source,high,3,0,0.71213704,Odo Shakiso,This woreda is high or very-high risk for the next prediction month.
ETH:ET040822,2026-01-01,Oromia,Arsi,Diksis,0.7121021,0,high,high_risk_source,high,31,0,0.7121021,Diksis,This woreda is high or very-high risk for the next prediction month.
ETH:567b22d0b6f5,2026-01-01,Afar,Afar 5,Telalak,0.7119824,0,high,high_risk_source,high,7,0,0.7119824,Telalak,This woreda is high or very-high risk for the next prediction month.
ETH:548d560ded36,2026-01-01,Somali,Jarar,Dagah Bur,0.7114034,0,high,high_risk_source,high,15,1,0.77285266,Gashamo,This woreda is high or very-high risk for the next prediction month.
ETH:ET030399,2026-01-01,Amhara,North Wello,Kobo town,0.71116513,0,high,high_risk_source,high,13,1,0.7784336,Bugna,This woreda is high or very-high risk for the next prediction month.
ETH:ET060205,2026-01-01,Benishangul Gumuz,Metekel,Dibate,0.70988655,0,high,high_risk_source,high,10,0,0.73803574,Dangur,This woreda is high or very-high risk for the next prediction month.
ETH:ET041603,2026-01-01,Oromia,Buno Bedele,Chora (Buno Bedele),0.7092342,0,high,high_risk_source,high,12,0,0.7092342,Chora (Buno Bedele),This woreda is high or very-high risk for the next prediction month.
ETH:862e708a8692,2026-01-01,Oromia,West Shoa,Bako Tibe,0.70864,0,high,high_risk_source,high,26,1,0.7930984,Cheliya,This woreda is high or very-high risk for the next prediction month.
ETH:470d57a549bc,2026-01-01,Somali,Shabele,East Imi,0.7086003,0,high,high_risk_source,high,10,0,0.74620366,Kelafo,This woreda is high or very-high risk for the next prediction month.
ETH:fa918bd656a3,2026-01-01,Sidama,Sidama,Aleta Chuko,0.7085871,0,high,high_risk_source,high,36,0,0.7085871,Aleta Chuko,This woreda is high or very-high risk for the next prediction month.
ETH:ET060204,2026-01-01,Benishangul Gumuz,Metekel,Mandura,0.7081469,0,high,high_risk_source,high,10,0,0.73803574,Dangur,This woreda is high or very-high risk for the next prediction month.
ETH:ET050392,2026-01-01,Somali,Jarar,Daror,0.70791006,0,high,high_risk_source,high,15,1,0.77285266,Gashamo,This woreda is high or very-high risk for the next prediction month.
ETH:c29d51abb506,2026-01-01,Amhara,Central Gonder,East Belesa,0.7079079,0,high,high_risk_source,high,14,3,0.85815537,Wegera,This woreda is high or very-high risk for the next prediction month.
ETH:ET041803,2026-01-01,Oromia,Kelem Wellega,Dale Wabera,0.7071516,0,high,high_risk_source,high,17,1,0.77339715,Gidami,This woreda is high or very-high risk for the next prediction month.
ETH:7c42a13640ca,2026-01-01,Oromia,Maya City,Awaday,0.70594805,0,high,high_risk_source,high,3,0,0.70594805,Awaday,This woreda is high or very-high risk for the next prediction month.
ETH:ET041702,2026-01-01,Oromia,West Arsi,SHALA,0.7054424,0,high,high_risk_source,high,17,2,0.78760237,Siraro,This woreda is high or very-high risk for the next prediction month.
ETH:f987b7af3f58,2026-01-01,Oromia,East Wellega,Gutin,0.7053881,0,high,high_risk_source,high,18,0,0.73520285,Sibu Sire,This woreda is high or very-high risk for the next prediction month.
ETH:ET110302,2026-01-01,South West Ethiopia,Bench Sheko,Gurafereda,0.70445174,0,high,high_risk_source,high,10,0,0.70445174,Gurafereda,This woreda is high or very-high risk for the next prediction month.
ETH:a3db315551b4,2026-01-01,Somali,Liben,Dolo Ado,0.70443815,0,high,high_risk_source,high,9,0,0.7438104,Guradamole,This woreda is high or very-high risk for the next prediction month.
ETH:65e245f36c21,2026-01-01,Amhara,Debre Berhan town,Debre Berhan town,0.70438963,0,high,high_risk_source,high,1,0,0.70438963,Debre Berhan town,This woreda is high or very-high risk for the next prediction month.
ETH:205ddb175d81,2026-01-01,Somali,Fafan,Kebri bayah Town,0.70422286,0,high,high_risk_source,high,24,2,0.8036948,Harshin,This woreda is high or very-high risk for the next prediction month.
ETH:16a3a30b0043,2026-01-01,Somali,Fafan,Shabeley,0.70415497,0,high,high_risk_source,high,24,2,0.8036948,Harshin,This woreda is high or very-high risk for the next prediction month.
ETH:a8192161cb64,2026-01-01,Amhara,North Gonder,Telemt,0.70269483,0,high,high_risk_source,high,7,0,0.74364644,Janamora,This woreda is high or very-high risk for the next prediction month.
ETH:4cf802c219fe,2026-01-01,Oromia,West Harerghe,Shenen Dugo ( Mesela ),0.70219034,0,high,high_risk_source,high,15,0,0.70219034,Shenen Dugo ( Mesela ),This woreda is high or very-high risk for the next prediction month.
ETH:3fb4a73e62f3,2026-01-01,Oromia,Horo Guduru,Sulula Fincha,0.70196134,0,high,high_risk_source,high,16,0,0.70196134,Sulula Fincha,This woreda is high or very-high risk for the next prediction month.
ETH:05774fb1eac3,2026-01-01,Oromia,West Shoa,Jeldu,0.7010013,0,high,high_risk_source,high,26,1,0.7930984,Cheliya,This woreda is high or very-high risk for the next prediction month.
ETH:ET051005,2026-01-01,Somali,Nogob,Sagag,0.7008822,0,high,high_risk_source,high,6,0,0.74749696,Garbo,This woreda is high or very-high risk for the next prediction month.
ETH:a540c5f14740,2026-01-01,Oromia,Guji,Negele Town,0.7007966,0,high,high_risk_source,high,15,6,0.88357407,Adola Rede,This woreda is high or very-high risk for the next prediction month.
ETH:ET041219,2026-01-01,Oromia,Borena,Dilo,0.7000307,0,high,high_risk_source,high,17,2,0.76752776,Teltale,This woreda is high or very-high risk for the next prediction month.
ETH:8bc1e73a0161,2026-01-01,Afar,Afar 1,Ayssaita,0.69969416,0,high,high_risk_source,high,11,0,0.69969416,Ayssaita,This woreda is high or very-high risk for the next prediction month.
ETH:6bb13f45a62b,2026-01-01,Amhara,East Gojjam,Aneded,0.6996584,0,high,high_risk_source,high,16,2,0.75261146,Baso Liben,This woreda is high or very-high risk for the next prediction month.
ETH:48704320be17,2026-01-01,Amhara,Central Gonder,Central Armachiho,0.6993388,0,high,high_risk_source,high,14,3,0.85815537,Wegera,This woreda is high or very-high risk for the next prediction month.
ETH:ET040401,2026-01-01,Oromia,Jimma,Limu Seka,0.6989568,0,high,high_risk_source,high,25,0,0.6989568,Limu Seka,This woreda is high or very-high risk for the next prediction month.
ETH:33823e13c9ee,2026-01-01,Afar,Afar 4,Euwa,0.697886,0,high,high_risk_source,high,3,0,0.697886,Euwa,This woreda is high or very-high risk for the next prediction month.
ETH:ET050105,2026-01-01,Somali,Siti,Afdem,0.6978411,0,high,high_risk_source,high,10,0,0.719128,Dembel,This woreda is high or very-high risk for the next prediction month.
ETH:afde4e083807,2026-01-01,Somali,Shabele,Gode,0.6977425,0,high,high_risk_source,high,10,0,0.74620366,Kelafo,This woreda is high or very-high risk for the next prediction month.
ETH:bdf2db3acf7e,2026-01-01,Amhara,W Gojjam,Finote Selam,0.69760185,0,high,high_risk_source,high,14,0,0.72052395,North Achefer,This woreda is high or very-high risk for the next prediction month.
ETH:ET040415,2026-01-01,Oromia,Jimma,Chora (Jimma),0.69718915,0,high,high_risk_source,high,25,0,0.6989568,Limu Seka,This woreda is high or very-high risk for the next prediction month.
ETH:393561686b33,2026-01-01,Dire Dawa,Dire Dawa,Dire Dawa,0.6964182,0,high,high_risk_source,high,4,0,0.6964182,Dire Dawa,This woreda is high or very-high risk for the next prediction month.
ETH:31e80add58d3,2026-01-01,Afar,Afar 2,Abaala,0.69612896,0,high,high_risk_source,high,5,0,0.69612896,Abaala,This woreda is high or very-high risk for the next prediction month.
ETH:032ba3c3947d,2026-01-01,Amhara,Waghimra,Gaz Gibla,0.69610274,0,high,high_risk_source,high,8,0,0.69610274,Gaz Gibla,This woreda is high or very-high risk for the next prediction month.
ETH:b639d29fc596,2026-01-01,Benishangul Gumuz,Metekel,Bullen,0.69545645,0,high,high_risk_source,high,10,0,0.73803574,Dangur,This woreda is high or very-high risk for the next prediction month.
ETH:bdc881c96087,2026-01-01,Amhara,North Gojjam,North Achefer,0.6954477,0,high,high_risk_source,high,5,1,0.76734734,South Achefer,This woreda is high or very-high risk for the next prediction month.
ETH:d888ee8cbe9a,2026-01-01,Amhara,Wag Himra,Sahila,0.6950527,0,high,high_risk_source,high,10,0,0.7318248,Dehana,This woreda is high or very-high risk for the next prediction month.
ETH:d9467b17fe54,2026-01-01,Amhara,South Gonder,East Esite,0.694606,0,high,high_risk_source,high,16,1,0.7791149,Woreta town,This woreda is high or very-high risk for the next prediction month.
ETH:722f7ce82a4d,2026-01-01,Afar,Afar 3,Awash town,0.6939091,0,high,high_risk_source,high,7,0,0.6939091,Awash town,This woreda is high or very-high risk for the next prediction month.
ETH:ET050297,2026-01-01,Somali,Fafan,Koran /Mulla,0.6937179,0,high,high_risk_source,high,24,2,0.8036948,Harshin,This woreda is high or very-high risk for the next prediction month.
ETH:ET050899,2026-01-01,Somali,Afder,God-God,0.69357586,0,high,high_risk_source,high,11,2,0.7735397,Elkare /Serer,This woreda is high or very-high risk for the next prediction month.
ETH:ET040301,2026-01-01,Oromia,Ilu Aba Bora,Darimu,0.6933313,0,high,high_risk_source,high,17,0,0.6933313,Darimu,This woreda is high or very-high risk for the next prediction month.
ETH:ET040408,2026-01-01,Oromia,Jimma,GERA,0.6931862,0,high,high_risk_source,high,25,0,0.6989568,Limu Seka,This woreda is high or very-high risk for the next prediction month.
ETH:26a615f5e17f,2026-01-01,Afar,Afar 5,Dalifage,0.69295144,0,high,high_risk_source,high,7,0,0.7119824,Telalak,This woreda is high or very-high risk for the next prediction month.
ETH:ET030304,2026-01-01,Amhara,North Wello,Meket,0.6928594,0,high,high_risk_source,high,13,1,0.7784336,Bugna,This woreda is high or very-high risk for the next prediction month.
ETH:fac80e74c96d,2026-01-01,Amhara,West Gonder,West Armachiho,0.69268376,0,high,high_risk_source,high,5,0,0.73113936,Metema,This woreda is high or very-high risk for the next prediction month.
ETH:ET050502,2026-01-01,Somali,Korahe,Kebridehar,0.6924624,0,high,high_risk_source,high,7,0,0.74198145,Shilabo,This woreda is high or very-high risk for the next prediction month.
ETH:ET040495,2026-01-01,Oromia,Jimma,Botor Tolay,0.69191366,0,high,high_risk_source,high,25,0,0.6989568,Limu Seka,This woreda is high or very-high risk for the next prediction month.
ETH:953689428442,2026-01-01,Oromia,Adama Town,Adama Town,0.6915331,0,high,high_risk_source,high,1,0,0.6915331,Adama Town,This woreda is high or very-high risk for the next prediction month.
ETH:ET030421,2026-01-01,Amhara,South Wello,Mekdela,0.69148594,0,high,high_risk_source,high,21,0,0.69148594,Mekdela,This woreda is high or very-high risk for the next prediction month.
ETH:97d7228b1db5,2026-01-01,Oromia,West Shoa,Adda Berga,0.6914708,0,high,high_risk_source,high,26,1,0.7930984,Cheliya,This woreda is high or very-high risk for the next prediction month.
ETH:f13e4fd2b3e6,2026-01-01,Gambella,Itang Special woreda,Itang Special,0.69146883,0,high,high_risk_source,high,1,0,0.69146883,Itang Special,This woreda is high or very-high risk for the next prediction month.
ETH:ET110507,2026-01-01,South West Ethiopia,West Omo,Maji,0.6910518,0,high,high_risk_source,high,8,0,0.6910518,Maji,This woreda is high or very-high risk for the next prediction month.
ETH:ET110301,2026-01-01,South West Ethiopia,Bench Sheko,Sheko,0.6909689,0,high,high_risk_source,high,10,0,0.70445174,Gurafereda,This woreda is high or very-high risk for the next prediction month.
ETH:ET050809,2026-01-01,Somali,Afder,Raso,0.6907946,0,high,high_risk_source,high,11,2,0.7735397,Elkare /Serer,This woreda is high or very-high risk for the next prediction month.
ETH:ET041211,2026-01-01,Oromia,Borena,Dire,0.6905008,0,high,high_risk_source,high,17,2,0.76752776,Teltale,This woreda is high or very-high risk for the next prediction month.
ETH:9c06fb42ec9a,2026-01-01,Oromia,South West Shoa,Ilu,0.69034,0,high,high_risk_source,high,11,0,0.69034,Ilu,This woreda is high or very-high risk for the next prediction month.
ETH:1948b0c5f724,2026-01-01,Somali,Dollo,Warder,0.69017047,0,high,high_risk_source,high,7,0,0.69017047,Warder,This woreda is high or very-high risk for the next prediction month.
ETH:725f4665bd1b,2026-01-01,Oromia,East Shoa,ADAMA,0.68987,0,high,high_risk_source,high,16,1,0.7663057,Adama,This woreda is high or very-high risk for the next prediction month.
ETH:d431daf5185e,2026-01-01,Amhara,South Gonder,Tach Gayint,0.68949175,0,high,high_risk_source,high,16,1,0.7791149,Woreta town,This woreda is high or very-high risk for the next prediction month.
ETH:ET041802,2026-01-01,Oromia,Kelem Wellega,Yama Logi Welel,0.6892053,0,high,high_risk_source,high,17,1,0.77339715,Gidami,This woreda is high or very-high risk for the next prediction month.
ETH:4abad05b766e,2026-01-01,Oromia,Waghimra,Gaz Gibla,0.6890234,0,high,high_risk_source,high,1,0,0.6890234,Gaz Gibla,This woreda is high or very-high risk for the next prediction month.
ETH:957c9314906d,2026-01-01,Oromia,South West Shoa,Kersana Malima,0.6886885,0,high,high_risk_source,high,11,0,0.69034,Ilu,This woreda is high or very-high risk for the next prediction month.
ETH:ET030416,2026-01-01,Amhara,South Wello,Wegde,0.6886868,0,high,high_risk_source,high,21,0,0.69148594,Mekdela,This woreda is high or very-high risk for the next prediction month.
ETH:ET050205,2026-01-01,Somali,Fafan,Aw-Bare,0.68855286,0,high,high_risk_source,high,24,2,0.8036948,Harshin,This woreda is high or very-high risk for the next prediction month.
ETH:a76237e71fa3,2026-01-01,Somali,Shabele,Danan,0.6885299,0,high,high_risk_source,high,10,0,0.74620366,Kelafo,This woreda is high or very-high risk for the next prediction month.
ETH:ET040407,2026-01-01,Oromia,Jimma,Goma,0.68827945,0,high,high_risk_source,high,25,0,0.6989568,Limu Seka,This woreda is high or very-high risk for the next prediction month.
ETH:ET041404,2026-01-01,Oromia,GUJI,Wadera,0.68821543,0,high,high_risk_source,high,3,0,0.71213704,Odo Shakiso,This woreda is high or very-high risk for the next prediction month.
ETH:02aceff3066e,2026-01-01,Oromia,West Harerghe,Chiro Zuria,0.6880686,0,high,high_risk_source,high,15,0,0.70219034,Shenen Dugo ( Mesela ),This woreda is high or very-high risk for the next prediction month.
ETH:ET041801,2026-01-01,Oromia,Kelem Wellega,Hawa Galan,0.6880422,0,high,high_risk_source,high,17,1,0.77339715,Gidami,This woreda is high or very-high risk for the next prediction month.
ETH:ET040812,2026-01-01,Oromia,Arsi,ROBE,0.6880115,0,high,high_risk_source,high,31,0,0.7121021,Diksis,This woreda is high or very-high risk for the next prediction month.
ETH:caecc942b7c5,2026-01-01,Oromia,Finfine Zuria,Sebeta Hawas,0.6879993,0,high,high_risk_source,high,9,0,0.6879993,Sebeta Hawas,This woreda is high or very-high risk for the next prediction month.
ETH:be85e741b967,2026-01-01,Afar,Afar 5,Dewe,0.68785167,0,high,high_risk_source,high,7,0,0.7119824,Telalak,This woreda is high or very-high risk for the next prediction month.
ETH:ET041805,2026-01-01,Oromia,Kelem Wellega,SAyo,0.68769276,0,high,high_risk_source,high,17,1,0.77339715,Gidami,This woreda is high or very-high risk for the next prediction month.
ETH:8e3ca905f09c,2026-01-01,Sidama,Southern Sidama,Aleta Chuko,0.6876911,0,high,high_risk_source,high,11,0,0.6876911,Aleta Chuko,This woreda is high or very-high risk for the next prediction month.
ETH:9d67cb2194bc,2026-01-01,Sidama,Sidama,Dara Otilicho,0.68704176,0,high,high_risk_source,high,36,0,0.7085871,Aleta Chuko,This woreda is high or very-high risk for the next prediction month.
ETH:d641c1b589f3,2026-01-01,Somali,Afder,West Imey,0.68681467,0,high,high_risk_source,high,11,2,0.7735397,Elkare /Serer,This woreda is high or very-high risk for the next prediction month.
ETH:ET041216,2026-01-01,Oromia,Borena,Miyo,0.686279,0,high,high_risk_source,high,17,2,0.76752776,Teltale,This woreda is high or very-high risk for the next prediction month.
ETH:8c27ea25852e,2026-01-01,Oromia,Ilu Aba Bora,Bechoo,0.6861878,0,high,high_risk_source,high,17,0,0.6933313,Darimu,This woreda is high or very-high risk for the next prediction month.
ETH:049b63acacd8,2026-01-01,Amhara,E Gojjam,Awabel,0.6851867,0,high,high_risk_source,high,15,0,0.6851867,Awabel,This woreda is high or very-high risk for the next prediction month.
ETH:e12e6361933e,2026-01-01,Amhara,W Gojjam,Gonji-Kolela,0.68493474,0,high,high_risk_source,high,14,0,0.72052395,North Achefer,This woreda is high or very-high risk for the next prediction month.
ETH:bee07fc8b233,2026-01-01,South West Ethiopia,Dawro,Gesa town,0.6848839,0,high,high_risk_source,high,12,0,0.7287616,Disa,This woreda is high or very-high risk for the next prediction month.
ETH:b4c1dfe41a9a,2026-01-01,Amhara,Oromiya,Dewa Cheffa,0.6843365,0,high,high_risk_source,high,14,1,0.8324774,Jilye Tumuga,This woreda is high or very-high risk for the next prediction month.
ETH:ET030422,2026-01-01,Amhara,South Wello,Worebabu,0.68429947,0,high,high_risk_source,high,21,0,0.69148594,Mekdela,This woreda is high or very-high risk for the next prediction month.
ETH:611d595b64d5,2026-01-01,Oromia,East Harerghe,Kombolcha,0.68379,0,high,high_risk_source,high,16,0,0.68379,Kombolcha,This woreda is high or very-high risk for the next prediction month.
ETH:ET050203,2026-01-01,Somali,Fafan,Babile (SM),0.6836887,0,high,high_risk_source,high,24,2,0.8036948,Harshin,This woreda is high or very-high risk for the next prediction month.
ETH:daf4d58b6996,2026-01-01,Amhara,Waghimra,Tsagbeji,0.6835018,0,high,high_risk_source,high,8,0,0.69610274,Gaz Gibla,This woreda is high or very-high risk for the next prediction month.
ETH:ET040406,2026-01-01,Oromia,Jimma,Mena (Jimma),0.6828195,0,high,high_risk_source,high,25,0,0.6989568,Limu Seka,This woreda is high or very-high risk for the next prediction month.
ETH:0e284999be4a,2026-01-01,Sidama,Hawassa City,Hawassa Town,0.6828083,0,high,high_risk_source,high,2,0,0.6828083,Hawassa Town,This woreda is high or very-high risk for the next prediction month.
ETH:ebb26a1469c2,2026-01-01,Afar,Afar 2,Aba'ala,0.6825572,0,high,high_risk_source,high,5,0,0.69612896,Abaala,This woreda is high or very-high risk for the next prediction month.
ETH:ET110210,2026-01-01,South West Ethiopia,Kefa,Bita,0.6822803,0,high,high_risk_source,high,19,0,0.6822803,Bita,This woreda is high or very-high risk for the next prediction month.
ETH:d39214244446,2026-01-01,Somali,Jarar,Birqod,0.68223935,0,high,high_risk_source,high,15,1,0.77285266,Gashamo,This woreda is high or very-high risk for the next prediction month.
ETH:bec8f951beab,2026-01-01,Somali,Dollo,Bokh,0.682229,0,high,high_risk_source,high,7,0,0.69017047,Warder,This woreda is high or very-high risk for the next prediction month.
ETH:c87c7d0db3c5,2026-01-01,Amhara,South Gonder,Semada,0.68181014,0,high,high_risk_source,high,16,1,0.7791149,Woreta town,This woreda is high or very-high risk for the next prediction month.
ETH:ET041291,2026-01-01,Oromia,Borena,Dubluk,0.6816911,0,high,high_risk_source,high,17,2,0.76752776,Teltale,This woreda is high or very-high risk for the next prediction month.
ETH:5f7f17ab0969,2026-01-01,Oromia,Kelem Wellega,Dembi Dolo Town,0.6814704,0,high,high_risk_source,high,17,1,0.77339715,Gidami,This woreda is high or very-high risk for the next prediction month.
ETH:6d345871478d,2026-01-01,Amhara,Oromiya,Jille Thumuga,0.6813075,0,high,high_risk_source,high,14,1,0.8324774,Jilye Tumuga,This woreda is high or very-high risk for the next prediction month.
ETH:ET050283,2026-01-01,Somali,Fafan,Tuliguled,0.6812418,0,high,high_risk_source,high,24,2,0.8036948,Harshin,This woreda is high or very-high risk for the next prediction month.
ETH:ET041295,2026-01-01,Oromia,Borena,Elwaya,0.681171,0,high,high_risk_source,high,17,2,0.76752776,Teltale,This woreda is high or very-high risk for the next prediction month.
ETH:ET050106,2026-01-01,Somali,Siti,Hadhagala,0.68101037,0,high,high_risk_source,high,10,0,0.719128,Dembel,This woreda is high or very-high risk for the next prediction month.
ETH:9619b875a202,2026-01-01,Somali,Shabele,Mustahil,0.6808959,0,high,high_risk_source,high,10,0,0.74620366,Kelafo,This woreda is high or very-high risk for the next prediction month.
ETH:ce5e91708e8c,2026-01-01,South West Ethiopia,Kefa,Shisho Ende,0.68082213,0,high,high_risk_source,high,19,0,0.6822803,Bita,This woreda is high or very-high risk for the next prediction month.
ETH:5122b7b621d4,2026-01-01,Oromia,Guji,Gora Dola,0.6806723,0,high,high_risk_source,high,15,6,0.88357407,Adola Rede,This woreda is high or very-high risk for the next prediction month.
ETH:d48c3f209174,2026-01-01,Afar,Afar 2,Abaala town,0.68055207,0,high,high_risk_source,high,5,0,0.69612896,Abaala,This woreda is high or very-high risk for the next prediction month.
ETH:c54d43d23e80,2026-01-01,Somali,Fafan,Babilee,0.68009734,0,high,high_risk_source,high,24,2,0.8036948,Harshin,This woreda is high or very-high risk for the next prediction month.
ETH:ee4255c62d2c,2026-01-01,Somali,Jarar,Guno Gado,0.67974174,0,high,high_risk_source,high,15,1,0.77285266,Gashamo,This woreda is high or very-high risk for the next prediction month.
ETH:ET041804,2026-01-01,Oromia,Kelem Wellega,Gawo Kebe,0.6796579,0,high,high_risk_source,high,17,1,0.77339715,Gidami,This woreda is high or very-high risk for the next prediction month.
ETH:a8b21d70187a,2026-01-01,SNNPR,Gedeo,Chelekleketu,0.6789766,0,high,high_risk_source,high,13,0,0.6789766,Chelekleketu,This woreda is high or very-high risk for the next prediction month.
ETH:ET040203,2026-01-01,Oromia,East Wellega,Gida Ayana,0.6789185,0,high,high_risk_source,high,18,0,0.73520285,Sibu Sire,This woreda is high or very-high risk for the next prediction month.
ETH:ET040413,2026-01-01,Oromia,Jimma,Setema,0.6789157,0,high,high_risk_source,high,25,0,0.6989568,Limu Seka,This woreda is high or very-high risk for the next prediction month.
ETH:3bc082a2b533,2026-01-01,SNNPR,Kefa,Bonga,0.6788345,0,high,high_risk_source,high,5,0,0.6788345,Bonga,This woreda is high or very-high risk for the next prediction month.
ETH:ET030302,2026-01-01,Amhara,North Wello,Raya Kobo,0.6786993,0,high,high_risk_source,high,13,1,0.7784336,Bugna,This woreda is high or very-high risk for the next prediction month.
ETH:17b2211c1f87,2026-01-01,Gambella,Gambella,Itang Special,0.6783117,0,high,high_risk_source,high,1,0,0.6783117,Itang Special,This woreda is high or very-high risk for the next prediction month.
ETH:2d6649a50500,2026-01-01,Amhara,Gondar City,Gondar,0.6780149,0,high,high_risk_source,high,1,0,0.6780149,Gondar,This woreda is high or very-high risk for the next prediction month.
ETH:5452139676a1,2026-01-01,Amhara,Oromiya,Dewa cheffa,0.6777154,0,high,high_risk_source,high,14,1,0.8324774,Jilye Tumuga,This woreda is high or very-high risk for the next prediction month.
ETH:87acf83f0f9b,2026-01-01,Amhara,North Gojjam,North Mecha,0.6774259,0,high,high_risk_source,high,5,1,0.76734734,South Achefer,This woreda is high or very-high risk for the next prediction month.
ETH:ET110203,2026-01-01,South West Ethiopia,Kefa,Gewata,0.67706203,0,high,high_risk_source,high,19,0,0.6822803,Bita,This woreda is high or very-high risk for the next prediction month.
ETH:bd41e53afbef,2026-01-01,Oromia,E Harerghe,Goro Gutu,0.6764823,0,high,high_risk_source,high,17,0,0.7248752,Chinaksen,This woreda is high or very-high risk for the next prediction month.
ETH:91c5c635c03a,2026-01-01,Somali,Erer,Yahoob,0.67627287,0,high,high_risk_source,high,6,0,0.72534233,Fik,This woreda is high or very-high risk for the next prediction month.
ETH:86741665e9fe,2026-01-01,Amhara,Oromiya,Bati Town,0.6758055,0,high,high_risk_source,high,14,1,0.8324774,Jilye Tumuga,This woreda is high or very-high risk for the next prediction month.
ETH:7453302b2668,2026-01-01,Sidama,Eastern Sidama,Bona Zuria,0.67580324,0,high,high_risk_source,high,10,0,0.72097254,Hoko,This woreda is high or very-high risk for the next prediction month.
ETH:25cf5f514733,2026-01-01,Amhara,South Gonder,Dera (AM),0.6753834,0,high,high_risk_source,high,16,1,0.7791149,Woreta town,This woreda is high or very-high risk for the next prediction month.
ETH:a5bb3e4b3a52,2026-01-01,Afar,Afar 5,Telalek,0.6753453,0,high,high_risk_source,high,7,0,0.7119824,Telalak,This woreda is high or very-high risk for the next prediction month.
ETH:ET031110,2026-01-01,Amhara,Central Gondar,Gonder Zuria,0.67525023,0,high,high_risk_source,high,1,0,0.67525023,Gonder Zuria,This woreda is high or very-high risk for the next prediction month.
ETH:ET040309,2026-01-01,Oromia,Ilu Aba Bora,Yayu,0.67521936,0,high,high_risk_source,high,17,0,0.6933313,Darimu,This woreda is high or very-high risk for the next prediction month.
ETH:830091e738f6,2026-01-01,Afar,Afar 3,Gewane,0.67509717,0,high,high_risk_source,high,7,0,0.6939091,Awash town,This woreda is high or very-high risk for the next prediction month.
ETH:ET040217,2026-01-01,Oromia,East Wellega,Kiremu,0.674256,0,high,high_risk_source,high,18,0,0.73520285,Sibu Sire,This woreda is high or very-high risk for the next prediction month.
ETH:ec1be9e640a4,2026-01-01,Somali,Fafan,Jigjiga Zuria/Shabeeley,0.67424077,0,high,high_risk_source,high,24,2,0.8036948,Harshin,This woreda is high or very-high risk for the next prediction month.
ETH:03b04b3153f4,2026-01-01,Oromia,Guji,Aga Weyu,0.67401403,0,high,high_risk_source,high,15,6,0.88357407,Adola Rede,This woreda is high or very-high risk for the next prediction month.
ETH:ET070212,2026-01-01,Central Ethiopia,Hadiya,Shone Town,0.67377245,0,high,high_risk_source,high,9,0,0.67377245,Shone Town,This woreda is high or very-high risk for the next prediction month.
ETH:57a71368b809,2026-01-01,Somali,Dollo,Galadi,0.67355126,0,high,high_risk_source,high,7,0,0.69017047,Warder,This woreda is high or very-high risk for the next prediction month.
ETH:3923b272652e,2026-01-01,Amhara,South Gonder,Farta,0.67337734,0,high,high_risk_source,high,16,1,0.7791149,Woreta town,This woreda is high or very-high risk for the next prediction month.
ETH:3de72a51482e,2026-01-01,Sidama,Eastern Sidama,Bura,0.6733687,0,high,high_risk_source,high,10,0,0.72097254,Hoko,This woreda is high or very-high risk for the next prediction month.
ETH:ET041710,2026-01-01,Oromia,West Arsi,Adaba,0.67314017,0,high,high_risk_source,high,17,2,0.78760237,Siraro,This woreda is high or very-high risk for the next prediction month.
ETH:ET110208,2026-01-01,South West Ethiopia,Kefa,DECHA,0.6731342,0,high,high_risk_source,high,19,0,0.6822803,Bita,This woreda is high or very-high risk for the next prediction month.
ETH:c084ca763694,2026-01-01,Benishangul Gumuz,Kemashi,Sedal,0.6731058,0,high,high_risk_source,high,5,1,0.75132024,Yaso/Zayi,This woreda is high or very-high risk for the next prediction month.
ETH:ET030407,2026-01-01,Amhara,South Wello,Kalu,0.67279327,0,high,high_risk_source,high,21,0,0.69148594,Mekdela,This woreda is high or very-high risk for the next prediction month.
ETH:4c5fd09f7500,2026-01-01,Somali,Liben,Deka Suftu,0.6727851,0,high,high_risk_source,high,9,0,0.7438104,Guradamole,This woreda is high or very-high risk for the next prediction month.
ETH:8d34f2259bd0,2026-01-01,Central Ethiopia,Hadiya,Homecho town,0.6725739,0,high,high_risk_source,high,9,0,0.67377245,Shone Town,This woreda is high or very-high risk for the next prediction month.
ETH:0380b5564496,2026-01-01,Oromia,E Harerghe,Babile,0.6723762,0,high,high_risk_source,high,17,0,0.7248752,Chinaksen,This woreda is high or very-high risk for the next prediction month.
ETH:431249056364,2026-01-01,Amhara,E Gojjam,Anded,0.6722754,0,high,high_risk_source,high,15,0,0.6851867,Awabel,This woreda is high or very-high risk for the next prediction month.
ETH:ccf5eb56cc6b,2026-01-01,Sidama,Sidama,Gorche,0.6719974,0,high,high_risk_source,high,36,0,0.7085871,Aleta Chuko,This woreda is high or very-high risk for the next prediction month.
ETH:886f85dff5c0,2026-01-01,Sidama,Northern Sidama,Wondogenet,0.67187196,0,high,high_risk_source,high,11,0,0.7484374,Borricha,This woreda is high or very-high risk for the next prediction month.
ETH:2ac32ccfba7d,2026-01-01,Somali,Fafan,Jigjiga City,0.6717235,0,high,high_risk_source,high,24,2,0.8036948,Harshin,This woreda is high or very-high risk for the next prediction month.
ETH:ET040405,2026-01-01,Oromia,Jimma,Kersa (Jimma),0.67152274,0,high,high_risk_source,high,25,0,0.6989568,Limu Seka,This woreda is high or very-high risk for the next prediction month.
ETH:76a710922e63,2026-01-01,Oromia,Finfine Zuria,Sendafa Town,0.6713051,0,high,high_risk_source,high,9,0,0.6879993,Sebeta Hawas,This woreda is high or very-high risk for the next prediction month.
ETH:da428ae6cb8f,2026-01-01,Sidama,Central Sidama,DALE,0.67127925,0,high,high_risk_source,high,6,0,0.67127925,DALE,This woreda is high or very-high risk for the next prediction month.
ETH:864f4322860c,2026-01-01,Dire Dawa,Dechatu,Dechatu,0.671202,0,high,high_risk_source,high,1,0,0.671202,Dechatu,This woreda is high or very-high risk for the next prediction month.
ETH:ET050103,2026-01-01,Somali,Siti,Shinile,0.6710093,0,high,high_risk_source,high,10,0,0.719128,Dembel,This woreda is high or very-high risk for the next prediction month.
ETH:ET030904,2026-01-01,Amhara,Awi,Guangua,0.670903,0,high,high_risk_source,high,16,0,0.72336924,Jawi,This woreda is high or very-high risk for the next prediction month.
ETH:d5f8ff39a89b,2026-01-01,Oromia,W Harerghe,Tulo,0.67082596,0,high,high_risk_source,high,9,0,0.67082596,Tulo,This woreda is high or very-high risk for the next prediction month.
ETH:0c9fe7fd3118,2026-01-01,SNNPR,Gedeo,Gedeb,0.67048913,0,high,high_risk_source,high,13,0,0.6789766,Chelekleketu,This woreda is high or very-high risk for the next prediction month.
ETH:ET030406,2026-01-01,Amhara,South Wello,Delanta,0.6704862,0,high,high_risk_source,high,21,0,0.69148594,Mekdela,This woreda is high or very-high risk for the next prediction month.
ETH:ET041594,2026-01-01,Oromia,West Guji,Suro Berguda,0.6698899,0,high,high_risk_source,high,8,1,0.9748116,Gelana (West Guji),This woreda is high or very-high risk for the next prediction month.
ETH:586b3f6d3d35,2026-01-01,Amhara,Bahir Dar City,Bahi Dar,0.66952074,0,high,high_risk_source,high,2,1,0.7504364,Bahir Dar town,This woreda is high or very-high risk for the next prediction month.
ETH:58430658b8c3,2026-01-01,South West Ethiopia,Kefa,Goba (SP),0.6692137,0,high,high_risk_source,high,19,0,0.6822803,Bita,This woreda is high or very-high risk for the next prediction month.
ETH:ET030410,2026-01-01,Amhara,South Wello,Legambo,0.66892815,0,high,high_risk_source,high,21,0,0.69148594,Mekdela,This woreda is high or very-high risk for the next prediction month.
ETH:6d318ccf67c6,2026-01-01,Central Ethiopia,Silite,Tora town,0.6685696,0,high,high_risk_source,high,8,0,0.6685696,Tora town,This woreda is high or very-high risk for the next prediction month.
ETH:ET030513,2026-01-01,Amhara,North Shewa (AM),Angolelana Tera,0.66855365,0,high,high_risk_source,high,15,0,0.66855365,Angolelana Tera,This woreda is high or very-high risk for the next prediction month.
ETH:9e7444a9a67f,2026-01-01,Oromia,N Shoa,Deraa,0.6684717,0,high,high_risk_source,high,10,0,0.6684717,Deraa,This woreda is high or very-high risk for the next prediction month.
ETH:179dab33a1f5,2026-01-01,Somali,Fafan,Fik,0.6680582,0,high,high_risk_source,high,24,2,0.8036948,Harshin,This woreda is high or very-high risk for the next prediction month.
ETH:8e280ecd5181,2026-01-01,Afar,Afar 4,Awra (AF),0.66776896,0,high,high_risk_source,high,3,0,0.697886,Euwa,This woreda is high or very-high risk for the next prediction month.
ETH:7a5e677a8fee,2026-01-01,Somali,Liben,Dollo Ado,0.66753685,0,high,high_risk_source,high,9,0,0.7438104,Guradamole,This woreda is high or very-high risk for the next prediction month.
ETH:d596b245e31f,2026-01-01,South West Ethiopia,Dawro,Tercha town,0.66750044,0,high,high_risk_source,high,12,0,0.7287616,Disa,This woreda is high or very-high risk for the next prediction month.
ETH:78028a4e365f,2026-01-01,Oromia,Kelem Wellega,Hawa Gelan,0.6674786,0,high,high_risk_source,high,17,1,0.77339715,Gidami,This woreda is high or very-high risk for the next prediction month.
ETH:0ddec8743444,2026-01-01,Amhara,N Wello,Woldia,0.6674015,0,high,high_risk_source,high,9,0,0.6674015,Woldia,This woreda is high or very-high risk for the next prediction month.
ETH:6cf1f6f7388d,2026-01-01,Somali,Siti,Aysha,0.6671118,0,high,high_risk_source,high,10,0,0.719128,Dembel,This woreda is high or very-high risk for the next prediction month.
ETH:0ecf739bfd30,2026-01-01,Amhara,West Gojjam,Yilmana Densa,0.66618073,0,high,high_risk_source,high,15,1,0.8326402,Jabi Tehnan,This woreda is high or very-high risk for the next prediction month.
ETH:ET110101,2026-01-01,South West Ethiopia,Sheka,Anderacha,0.66552824,0,high,high_risk_source,high,5,1,0.82484925,Tepi,This woreda is high or very-high risk for the next prediction month.
ETH:ET050104,2026-01-01,Somali,Siti,Erer (SM),0.66509795,0,high,high_risk_source,high,10,0,0.719128,Dembel,This woreda is high or very-high risk for the next prediction month.
ETH:66bdd9167c26,2026-01-01,Sidama,Northern Sidama,Wondo Genet Town,0.66499007,0,high,high_risk_source,high,11,0,0.7484374,Borricha,This woreda is high or very-high risk for the next prediction month.
ETH:ET030409,2026-01-01,Amhara,South Wello,Dessie Zuria,0.6647714,0,high,high_risk_source,high,21,0,0.69148594,Mekdela,This woreda is high or very-high risk for the next prediction month.
ETH:ET050295,2026-01-01,Somali,Fafan,Wajale town,0.6645598,0,high,high_risk_source,high,24,2,0.8036948,Harshin,This woreda is high or very-high risk for the next prediction month.
ETH:15ad49ab455c,2026-01-01,Benishangul Gumuz,Asosa,Bambasi,0.6644803,0,high,high_risk_source,high,6,0,0.6644803,Bambasi,This woreda is high or very-high risk for the next prediction month.
ETH:ET030901,2026-01-01,Amhara,Awi,Dangila,0.6644453,0,high,high_risk_source,high,16,0,0.72336924,Jawi,This woreda is high or very-high risk for the next prediction month.
ETH:ET070213,2026-01-01,Central Ethiopia,Hadiya,Gimbichu town,0.66433024,0,high,high_risk_source,high,9,0,0.67377245,Shone Town,This woreda is high or very-high risk for the next prediction month.
ETH:a5feba97557e,2026-01-01,Benishangul Gumuz,Asosa,Asosa Town,0.66407776,0,high,high_risk_source,high,6,0,0.6644803,Bambasi,This woreda is high or very-high risk for the next prediction month.
ETH:ET030413,2026-01-01,Amhara,South Wello,Kelela,0.66378814,0,high,high_risk_source,high,21,0,0.69148594,Mekdela,This woreda is high or very-high risk for the next prediction month.
ETH:d7c3de8ded14,2026-01-01,Oromia,West Shoa,Mida Kegn,0.663138,0,high,high_risk_source,high,26,1,0.7930984,Cheliya,This woreda is high or very-high risk for the next prediction month.
ETH:ET040110,2026-01-01,Oromia,West Wellega,Boji Chekorsa,0.66280687,0,high,high_risk_source,high,19,1,0.7688439,Mendi Town,This woreda is high or very-high risk for the next prediction month.
ETH:8ea67d363b15,2026-01-01,Gambella,Nuer,Makuey,0.66238344,0,high,high_risk_source,high,4,0,0.7386908,Jikawo,This woreda is high or very-high risk for the next prediction month.
ETH:b0c8b3a55bd1,2026-01-01,Gambella,Mejenger,Godere,0.6622027,0,high,high_risk_source,high,2,0,0.6622027,Godere,This woreda is high or very-high risk for the next prediction month.
ETH:98abb53ca0fa,2026-01-01,Sidama,Southern Sidama,Aleta Wondo,0.66203314,0,high,high_risk_source,high,11,0,0.6876911,Aleta Chuko,This woreda is high or very-high risk for the next prediction month.
ETH:97f44b0b1243,2026-01-01,Sidama,Southern Sidama,Bursa,0.6619741,0,high,high_risk_source,high,11,0,0.6876911,Aleta Chuko,This woreda is high or very-high risk for the next prediction month.
ETH:d04bb12fa75f,2026-01-01,Oromia,South West Shoa,Waliso,0.66179055,0,high,high_risk_source,high,11,0,0.69034,Ilu,This woreda is high or very-high risk for the next prediction month.
ETH:927611ec6e92,2026-01-01,Amhara,Central Gonder,East Dembia,0.661559,0,high,high_risk_source,high,14,3,0.85815537,Wegera,This woreda is high or very-high risk for the next prediction month.
ETH:ccd68e916817,2026-01-01,Afar,Afar 3,Dulecha,0.6613327,0,high,high_risk_source,high,7,0,0.6939091,Awash town,This woreda is high or very-high risk for the next prediction month.
ETH:14a3c33f5e12,2026-01-01,South Ethiopia,Goffa,Gezei Gofa,0.66123056,0,high,high_risk_source,high,7,6,0.82428986,O'yida,This woreda is high or very-high risk for the next prediction month.
ETH:ET040818,2026-01-01,Oromia,Arsi,Limu Bilbilo,0.6609413,0,high,high_risk_source,high,31,0,0.7121021,Diksis,This woreda is high or very-high risk for the next prediction month.
ETH:86db22f27e02,2026-01-01,Sidama,Eastern Sidama,Chire,0.66082805,0,high,high_risk_source,high,10,0,0.72097254,Hoko,This woreda is high or very-high risk for the next prediction month.
ETH:eecb6ff71600,2026-01-01,Central Ethiopia,Kebena Sp woreda,Kebena,0.6601932,0,high,high_risk_source,high,1,0,0.6601932,Kebena,This woreda is high or very-high risk for the next prediction month.
ETH:ET040324,2026-01-01,Oromia,Ilu Aba Bora,Dorani,0.6601533,0,high,high_risk_source,high,17,0,0.6933313,Darimu,This woreda is high or very-high risk for the next prediction month.
ETH:e90874d99607,2026-01-01,Oromia,Horo Guduru,Jarte Jardega,0.6600699,0,high,high_risk_source,high,16,0,0.70196134,Sulula Fincha,This woreda is high or very-high risk for the next prediction month.
ETH:9f73d3d21eb9,2026-01-01,Oromia,Buno Bedele,CHORA,0.6598946,0,high,high_risk_source,high,12,0,0.7092342,Chora (Buno Bedele),This woreda is high or very-high risk for the next prediction month.
ETH:ET041806,2026-01-01,Oromia,Kelem Wellega,Denbi Dollo town,0.65985763,0,high,high_risk_source,high,17,1,0.77339715,Gidami,This woreda is high or very-high risk for the next prediction month.
ETH:ET030404,2026-01-01,Amhara,South Wello,Ambasel,0.6595896,0,high,high_risk_source,high,21,0,0.69148594,Mekdela,This woreda is high or very-high risk for the next prediction month.
ETH:ET110506,2026-01-01,South West Ethiopia,West Omo,Surma,0.65920615,0,high,high_risk_source,high,8,0,0.6910518,Maji,This woreda is high or very-high risk for the next prediction month.
ETH:9ae6ab9d3f1b,2026-01-01,Gambella,Agnua,Gambela Zuria,0.65910566,0,high,high_risk_source,high,6,0,0.65910566,Gambela Zuria,This woreda is high or very-high risk for the next prediction month.
ETH:089516b5b50b,2026-01-01,Amhara,Wag Himra,Gazgibla,0.65861696,0,high,high_risk_source,high,10,0,0.7318248,Dehana,This woreda is high or very-high risk for the next prediction month.
ETH:78fdd940c9dc,2026-01-01,Amhara,West Gojjam,Bahir Dar town,0.6584946,0,high,high_risk_source,high,15,1,0.8326402,Jabi Tehnan,This woreda is high or very-high risk for the next prediction month.
ETH:499a63fe9951,2026-01-01,Oromia,South West Shoa,Wenchi,0.65829515,0,high,high_risk_source,high,11,0,0.69034,Ilu,This woreda is high or very-high risk for the next prediction month.
ETH:32872ee30231,2026-01-01,Somali,Fafan,Tulli Guled,0.65813863,0,high,high_risk_source,high,24,2,0.8036948,Harshin,This woreda is high or very-high risk for the next prediction month.
ETH:ce3daf6b419e,2026-01-01,Somali,Dawa,Moyale (SM),0.6579683,0,high,high_risk_source,high,4,0,0.6579683,Moyale (SM),This woreda is high or very-high risk for the next prediction month.
ETH:e16a2f4dad01,2026-01-01,Afar,Afar 5,Samurobi,0.6579119,0,high,high_risk_source,high,7,0,0.7119824,Telalak,This woreda is high or very-high risk for the next prediction month.
ETH:ET041812,2026-01-01,Oromia,Kelem Wellega,Sedi Chenka,0.6577733,0,high,high_risk_source,high,17,1,0.77339715,Gidami,This woreda is high or very-high risk for the next prediction month.
ETH:ET050303,2026-01-01,Somali,Jarar,Aware,0.65759194,0,high,high_risk_source,high,15,1,0.77285266,Gashamo,This woreda is high or very-high risk for the next prediction month.
ETH:8bc4185f03bc,2026-01-01,Amhara,Central Gonder,Kinfaz Begela,0.657224,0,high,high_risk_source,high,14,3,0.85815537,Wegera,This woreda is high or very-high risk for the next prediction month.
ETH:6acd3e16c737,2026-01-01,SNNPR,Hadiya,Lemo,0.6571618,0,high,high_risk_source,high,14,0,0.6571618,Lemo,This woreda is high or very-high risk for the next prediction month.
ETH:96c1d936aecf,2026-01-01,Oromia,Finfine Zuria,Akaki,0.65709347,0,high,high_risk_source,high,9,0,0.6879993,Sebeta Hawas,This woreda is high or very-high risk for the next prediction month.
ETH:ET041207,2026-01-01,Oromia,Borena,Yabelo,0.65695024,0,high,high_risk_source,high,17,2,0.76752776,Teltale,This woreda is high or very-high risk for the next prediction month.
ETH:ee3aa90aceeb,2026-01-01,Amhara,East Gojjam,Debre Elias,0.6568502,0,high,high_risk_source,high,16,2,0.75261146,Baso Liben,This woreda is high or very-high risk for the next prediction month.
ETH:ET050407,2026-01-01,Somali,Erer,Lagahida,0.6564998,0,high,high_risk_source,high,6,0,0.72534233,Fik,This woreda is high or very-high risk for the next prediction month.
ETH:ET030412,2026-01-01,Amhara,South Wello,Borena /Debresina,0.6564117,0,high,high_risk_source,high,21,0,0.69148594,Mekdela,This woreda is high or very-high risk for the next prediction month.
ETH:ebc2fe81c3f8,2026-01-01,Gambella,Mejenger,Mengesh,0.65632266,0,high,high_risk_source,high,2,0,0.6622027,Godere,This woreda is high or very-high risk for the next prediction month.
ETH:ET041705,2026-01-01,Oromia,West Arsi,Kore,0.65618414,0,high,high_risk_source,high,17,2,0.78760237,Siraro,This woreda is high or very-high risk for the next prediction month.
ETH:2933bb777a89,2026-01-01,South West Ethiopia,Dawro,Zabagazo,0.65605664,0,high,high_risk_source,high,12,0,0.7287616,Disa,This woreda is high or very-high risk for the next prediction month.
ETH:0a87e606a852,2026-01-01,Amhara,Oromiya,Kemissie town,0.65596753,0,high,high_risk_source,high,14,1,0.8324774,Jilye Tumuga,This woreda is high or very-high risk for the next prediction month.
ETH:ET041114,2026-01-01,Oromia,Bale,Berbere,0.6559041,0,high,high_risk_source,high,18,2,0.98416394,Goro (Bale),This woreda is high or very-high risk for the next prediction month.
ETH:580f098aab86,2026-01-01,Sidama,Central Sidama,Shafamo,0.655846,0,high,high_risk_source,high,6,0,0.67127925,DALE,This woreda is high or very-high risk for the next prediction month.
ETH:172d8fcd2d38,2026-01-01,Amhara,Central Gonder,Tegede,0.65575355,0,high,high_risk_source,high,14,3,0.85815537,Wegera,This woreda is high or very-high risk for the next prediction month.
ETH:10f766d05b6a,2026-01-01,Oromia,Bale,Arena Buluq,0.65572125,0,high,high_risk_source,high,18,2,0.98416394,Goro (Bale),This woreda is high or very-high risk for the next prediction month.
ETH:736bf077fc21,2026-01-01,Amhara,Wag Himra,Sekota town,0.65571445,0,high,high_risk_source,high,10,0,0.7318248,Dehana,This woreda is high or very-high risk for the next prediction month.
ETH:fdb095f13eaa,2026-01-01,Sidama,Northern Sidama,Shebedino,0.65554327,0,high,high_risk_source,high,11,0,0.7484374,Borricha,This woreda is high or very-high risk for the next prediction month.
ETH:644de8c5e0c7,2026-01-01,Benishangul Gumuz,Asossa,Bilidigilu,0.6553635,0,high,high_risk_source,high,9,0,0.6553635,Bilidigilu,This woreda is high or very-high risk for the next prediction month.
ETH:8f389e07fa97,2026-01-01,Somali,Fafan,Awbare,0.6553194,0,high,high_risk_source,high,24,2,0.8036948,Harshin,This woreda is high or very-high risk for the next prediction month.
ETH:b0398325dedb,2026-01-01,Benishangul Gumuz,Asossa,Homosha,0.6551558,0,high,high_risk_source,high,9,0,0.6553635,Bilidigilu,This woreda is high or very-high risk for the next prediction month.
ETH:96acf88e87a3,2026-01-01,Oromia,N Shoa,Girar Jarso,0.65503985,0,high,high_risk_source,high,10,0,0.6684717,Deraa,This woreda is high or very-high risk for the next prediction month.
ETH:d181e548b5bc,2026-01-01,Oromia,Horo Guduru,Abe Dengoro,0.65500444,0,high,high_risk_source,high,16,0,0.70196134,Sulula Fincha,This woreda is high or very-high risk for the next prediction month.
ETH:ET040402,2026-01-01,Oromia,Jimma,Limu Kosa,0.65473527,0,high,high_risk_source,high,25,0,0.6989568,Limu Seka,This woreda is high or very-high risk for the next prediction month.
ETH:62503164684d,2026-01-01,Sidama,Central Sidama,Wensho,0.65445733,0,high,high_risk_source,high,6,0,0.67127925,DALE,This woreda is high or very-high risk for the next prediction month.
ETH:d582b33d08f5,2026-01-01,South Ethiopia,Wolayta,Damot Woide,0.65421164,0,high,high_risk_source,high,4,3,0.83695865,Kindo Koyesha,This woreda is high or very-high risk for the next prediction month.
ETH:9d2c8fe54643,2026-01-01,Oromia,West Harerghe,Gumbi Bordede,0.6540577,0,high,high_risk_source,high,15,0,0.70219034,Shenen Dugo ( Mesela ),This woreda is high or very-high risk for the next prediction month.
ETH:ET030313,2026-01-01,Amhara,North Wello,Angot,0.654034,0,high,high_risk_source,high,13,1,0.7784336,Bugna,This woreda is high or very-high risk for the next prediction month.
ETH:a72d127e2e1e,2026-01-01,SNNPR,Konso,Segen Zuria,0.6536557,0,high,high_risk_source,high,2,0,0.6536557,Segen Zuria,This woreda is high or very-high risk for the next prediction month.
ETH:81d6559038bd,2026-01-01,Amhara,East Gojjam,Michakel,0.65354913,0,high,high_risk_source,high,16,2,0.75261146,Baso Liben,This woreda is high or very-high risk for the next prediction month.
ETH:c6df73b604ab,2026-01-01,South West Ethiopia,Bench Sheko,South Bench,0.653368,0,high,high_risk_source,high,10,0,0.70445174,Gurafereda,This woreda is high or very-high risk for the next prediction month.
ETH:59039152678d,2026-01-01,SNNPR,Bench Sheko,Sheko,0.6533141,0,high,high_risk_source,high,3,0,0.6533141,Sheko,This woreda is high or very-high risk for the next prediction month.
ETH:2c25f40df537,2026-01-01,Sidama,Northern Sidama,Bilate Zuria,0.65297395,0,high,high_risk_source,high,11,0,0.7484374,Borricha,This woreda is high or very-high risk for the next prediction month.
ETH:8d4c48c22aec,2026-01-01,Gambella,Agnua,Gog,0.6520476,0,high,high_risk_source,high,6,0,0.65910566,Gambela Zuria,This woreda is high or very-high risk for the next prediction month.
ETH:ET030419,2026-01-01,Amhara,South Wello,Mehal Sayint,0.6518629,0,high,high_risk_source,high,21,0,0.69148594,Mekdela,This woreda is high or very-high risk for the next prediction month.
ETH:510e7c04cb9b,2026-01-01,Oromia,East Shoa,Ada'a,0.65173227,0,high,high_risk_source,high,16,1,0.7663057,Adama,This woreda is high or very-high risk for the next prediction month.
ETH:a0c8f4a7d001,2026-01-01,SNNPR,South Omo,Jinka Town,0.651554,0,high,high_risk_source,high,5,0,0.651554,Jinka Town,This woreda is high or very-high risk for the next prediction month.
ETH:ET040411,2026-01-01,Oromia,Jimma,Omo Nada,0.65154684,0,high,high_risk_source,high,25,0,0.6989568,Limu Seka,This woreda is high or very-high risk for the next prediction month.
ETH:ET030512,2026-01-01,Amhara,North Shewa (AM),Kewet,0.6515154,0,high,high_risk_source,high,15,0,0.66855365,Angolelana Tera,This woreda is high or very-high risk for the next prediction month.
ETH:1e5430f7cbd7,2026-01-01,South West Ethiopia,Dawro,Tocha,0.65147525,0,high,high_risk_source,high,12,0,0.7287616,Disa,This woreda is high or very-high risk for the next prediction month.
ETH:58099837b8b1,2026-01-01,Oromia,West Harerghe,Anchar,0.65133876,0,high,high_risk_source,high,15,0,0.70219034,Shenen Dugo ( Mesela ),This woreda is high or very-high risk for the next prediction month.
ETH:ET041110,2026-01-01,Oromia,Bale,Goba (OR),0.65133417,0,high,high_risk_source,high,18,2,0.98416394,Goro (Bale),This woreda is high or very-high risk for the next prediction month.
ETH:bab468decc22,2026-01-01,Oromia,W Guji,Dugda Dawa,0.65125364,0,high,high_risk_source,high,6,0,0.65125364,Dugda Dawa,This woreda is high or very-high risk for the next prediction month.
ETH:ET041810,2026-01-01,Oromia,Kelem Wellega,Jimma Horo,0.6510764,0,high,high_risk_source,high,17,1,0.77339715,Gidami,This woreda is high or very-high risk for the next prediction month.
ETH:97f8c576b6a2,2026-01-01,Benishangul Gumuz,Kemashi,Mizyiga,0.65095556,0,high,high_risk_source,high,5,1,0.75132024,Yaso/Zayi,This woreda is high or very-high risk for the next prediction month.
ETH:aa858205d0f2,2026-01-01,Amhara,West Gojjam,Sekela,0.6506511,0,high,high_risk_source,high,15,1,0.8326402,Jabi Tehnan,This woreda is high or very-high risk for the next prediction month.
ETH:ET030401,2026-01-01,Amhara,South Wello,Argoba,0.6506287,0,high,high_risk_source,high,21,0,0.69148594,Mekdela,This woreda is high or very-high risk for the next prediction month.
ETH:f00cd1446597,2026-01-01,Oromia,W Guji,Bule hora,0.65058684,0,high,high_risk_source,high,6,0,0.65125364,Dugda Dawa,This woreda is high or very-high risk for the next prediction month.
ETH:9b3656af5073,2026-01-01,Oromia,East Shoa,Adama town,0.6505055,0,high,high_risk_source,high,16,1,0.7663057,Adama,This woreda is high or very-high risk for the next prediction month.
ETH:7effe4dcdfda,2026-01-01,Sidama,Southern Sidama,Aleta Chuko Town,0.65045834,0,high,high_risk_source,high,11,0,0.6876911,Aleta Chuko,This woreda is high or very-high risk for the next prediction month.
ETH:e63bc6cd02a3,2026-01-01,Oromia,Horo Guduru,Jimma Rare,0.65044576,0,high,high_risk_source,high,16,0,0.70196134,Sulula Fincha,This woreda is high or very-high risk for the next prediction month.
ETH:8c0f426825c2,2026-01-01,Central Ethiopia,Misrak Gurage,Meskan,0.6500233,0,high,high_risk_source,high,8,0,0.6500233,Meskan,This woreda is high or very-high risk for the next prediction month.
ETH:3c0d20cb43db,2026-01-01,Oromia,Bule Hora Town,Bule Hora Town,0.65001416,0,high,high_risk_source,high,1,0,0.65001416,Bule Hora Town,This woreda is high or very-high risk for the next prediction month.
ETH:d96d2d884ba6,2026-01-01,Oromia,West Harerghe,Bedesa,0.6497595,0,high,high_risk_source,high,15,0,0.70219034,Shenen Dugo ( Mesela ),This woreda is high or very-high risk for the next prediction month.
ETH:d015f9bea28a,2026-01-01,Oromia,Borena,Arero,0.6496339,0,high,high_risk_source,high,17,2,0.76752776,Teltale,This woreda is high or very-high risk for the next prediction month.
ETH:095250ad0283,2026-01-01,Oromia,Jimma,Nadi Gibe/Tiro Afeta,0.6495249,0,high,high_risk_source,high,25,0,0.6989568,Limu Seka,This woreda is high or very-high risk for the next prediction month.
ETH:8090c48e87a5,2026-01-01,Somali,Liben,Filtu,0.64940846,0,high,high_risk_source,high,9,0,0.7438104,Guradamole,This woreda is high or very-high risk for the next prediction month.
ETH:9d67be625a01,2026-01-01,Dire Dawa,Dire Dawa,Goro,0.6493567,0,high,high_risk_source,high,4,0,0.6964182,Dire Dawa,This woreda is high or very-high risk for the next prediction month.
ETH:ET050596,2026-01-01,Somali,Korahe,Lasdhankayre,0.64914936,0,high,high_risk_source,high,7,0,0.74198145,Shilabo,This woreda is high or very-high risk for the next prediction month.
ETH:3109f790df1e,2026-01-01,Sidama,Central Sidama,Loka Abaya,0.64908016,0,high,high_risk_source,high,6,0,0.67127925,DALE,This woreda is high or very-high risk for the next prediction month.
ETH:c7f3fb666542,2026-01-01,Oromia,W Guji,Bule hora Town,0.64895594,0,high,high_risk_source,high,6,0,0.65125364,Dugda Dawa,This woreda is high or very-high risk for the next prediction month.
ETH:1133f3066828,2026-01-01,Central Ethiopia,Misrak Gurage,Enseno Town,0.6489543,0,high,high_risk_source,high,8,0,0.6500233,Meskan,This woreda is high or very-high risk for the next prediction month.
ETH:9365deb60070,2026-01-01,Somali,Fafan,Togwajale,0.64893746,0,high,high_risk_source,high,24,2,0.8036948,Harshin,This woreda is high or very-high risk for the next prediction month.
ETH:ET040803,2026-01-01,Oromia,Arsi,Golocha,0.6486963,0,high,high_risk_source,high,31,0,0.7121021,Diksis,This woreda is high or very-high risk for the next prediction month.
ETH:e78addd89b2b,2026-01-01,Amhara,Central Gonder,Alefa,0.64858955,0,high,high_risk_source,high,14,3,0.85815537,Wegera,This woreda is high or very-high risk for the next prediction month.
ETH:a1fa2bb19be9,2026-01-01,Somali,Dollo,Danot,0.64783734,0,high,high_risk_source,high,7,0,0.69017047,Warder,This woreda is high or very-high risk for the next prediction month.
ETH:ET040409,2026-01-01,Oromia,Jimma,Seka Chekorsa,0.64778507,0,high,high_risk_source,high,25,0,0.6989568,Limu Seka,This woreda is high or very-high risk for the next prediction month.
ETH:ET030514,2026-01-01,Amhara,North Shewa (AM),Assagirt,0.64769065,0,high,high_risk_source,high,15,0,0.66855365,Angolelana Tera,This woreda is high or very-high risk for the next prediction month.
ETH:ET030411,2026-01-01,Amhara,South Wello,Sayint,0.64768153,0,high,high_risk_source,high,21,0,0.69148594,Mekdela,This woreda is high or very-high risk for the next prediction month.
ETH:597953747724,2026-01-01,Somali,Liben,Gorabaqasa,0.6476413,0,high,high_risk_source,high,9,0,0.7438104,Guradamole,This woreda is high or very-high risk for the next prediction month.
ETH:badfd250624c,2026-01-01,Somali,Afder,Elkari,0.6476386,0,high,high_risk_source,high,11,2,0.7735397,Elkare /Serer,This woreda is high or very-high risk for the next prediction month.
ETH:5f157e0041a2,2026-01-01,Somali,Shabele,Godey town,0.6476069,0,high,high_risk_source,high,10,0,0.74620366,Kelafo,This woreda is high or very-high risk for the next prediction month.
ETH:f3720348223d,2026-01-01,SNNPR,Wolayta,Ofa,0.64755994,0,high,high_risk_source,high,15,0,0.64755994,Ofa,This woreda is high or very-high risk for the next prediction month.
ETH:8cb90dc476f1,2026-01-01,Oromia,Ilu Aba Bora,Nono Sele,0.647456,0,high,high_risk_source,high,17,0,0.6933313,Darimu,This woreda is high or very-high risk for the next prediction month.
ETH:f1f41521ef18,2026-01-01,Amhara,West Gonder,Mirab Armacho,0.6472824,0,high,high_risk_source,high,5,0,0.73113936,Metema,This woreda is high or very-high risk for the next prediction month.
ETH:862e4ddf7d34,2026-01-01,Oromia,East Shoa,Lome (OR),0.64711833,0,high,high_risk_source,high,16,1,0.7663057,Adama,This woreda is high or very-high risk for the next prediction month.
ETH:ET040204,2026-01-01,Oromia,East Wellega,Haro Limu,0.6470978,0,high,high_risk_source,high,18,0,0.73520285,Sibu Sire,This woreda is high or very-high risk for the next prediction month.
ETH:983f0e1a24b1,2026-01-01,South West Ethiopia,Bench Sheko,Guraferda,0.6462447,0,high,high_risk_source,high,10,0,0.70445174,Gurafereda,This woreda is high or very-high risk for the next prediction month.
ETH:5e345e75895b,2026-01-01,Afar,Afar 1,Asayita,0.64606655,0,high,high_risk_source,high,11,0,0.69969416,Ayssaita,This woreda is high or very-high risk for the next prediction month.
ETH:ET030402,2026-01-01,Amhara,South Wello,Tenta,0.64578295,0,high,high_risk_source,high,21,0,0.69148594,Mekdela,This woreda is high or very-high risk for the next prediction month.
ETH:ET060207,2026-01-01,Benishangul Gumuz,Metekel,Bulen,0.6457037,0,high,high_risk_source,high,10,0,0.73803574,Dangur,This woreda is high or very-high risk for the next prediction month.
ETH:6102c13ddbfa,2026-01-01,Oromia,SW Shoa,Dawo,0.64567447,0,high,high_risk_source,high,9,0,0.64567447,Dawo,This woreda is high or very-high risk for the next prediction month.
ETH:533cca63aaf2,2026-01-01,Oromia,Bale,Delo Mena,0.6455589,0,high,high_risk_source,high,18,2,0.98416394,Goro (Bale),This woreda is high or very-high risk for the next prediction month.
ETH:e86dd0a01839,2026-01-01,Oromia,Horo Guduru,Horo,0.6455559,0,high,high_risk_source,high,16,0,0.70196134,Sulula Fincha,This woreda is high or very-high risk for the next prediction month.
ETH:580cba6b8f45,2026-01-01,Dire Dawa,Dire Dawa,Legehare,0.6455093,0,high,high_risk_source,high,4,0,0.6964182,Dire Dawa,This woreda is high or very-high risk for the next prediction month.
ETH:04fd9aeb6915,2026-01-01,Oromia,E Shoa,Adama Zuriya,0.6447291,0,high,high_risk_source,high,9,0,0.6447291,Adama Zuriya,This woreda is high or very-high risk for the next prediction month.
ETH:47908c02ea80,2026-01-01,Amhara,Gondar town,Gondar town,0.6446653,0,high,high_risk_source,high,1,0,0.6446653,Gondar town,This woreda is high or very-high risk for the next prediction month.
ETH:41138fa1cf82,2026-01-01,Oromia,Shashemene Town,Shashemene Town,0.64442545,0,high,high_risk_source,high,1,0,0.64442545,Shashemene Town,This woreda is high or very-high risk for the next prediction month.
ETH:3268aeb14531,2026-01-01,Amhara,W Gonder,Metema,0.64414626,0,high,high_risk_source,high,2,0,0.64414626,Metema,This woreda is high or very-high risk for the next prediction month.
ETH:fc8d740679b0,2026-01-01,South West Ethiopia,Dawro,Mareka,0.6441022,0,high,high_risk_source,high,12,0,0.7287616,Disa,This woreda is high or very-high risk for the next prediction month.
ETH:ET041711,2026-01-01,Oromia,West Arsi,Shashemene town,0.6440781,0,high,high_risk_source,high,17,2,0.78760237,Siraro,This woreda is high or very-high risk for the next prediction month.
ETH:7e5869c46b5c,2026-01-01,Amhara,South Gonder,Lay gayint,0.6440556,0,high,high_risk_source,high,16,1,0.7791149,Woreta town,This woreda is high or very-high risk for the next prediction month.
ETH:ET030505,2026-01-01,Amhara,North Shewa (AM),Menze Gera Midir,0.6440349,0,high,high_risk_source,high,15,0,0.66855365,Angolelana Tera,This woreda is high or very-high risk for the next prediction month.
ETH:b4a3bd8594d6,2026-01-01,SNNPR,Gamo,Kemba Town Admin,0.6436656,0,high,high_risk_source,high,17,0,0.6436656,Kemba Town Admin,This woreda is high or very-high risk for the next prediction month.
ETH:1eb963be8a20,2026-01-01,Sidama,Sidama,Yirgalem town,0.64366335,0,high,high_risk_source,high,36,0,0.7085871,Aleta Chuko,This woreda is high or very-high risk for the next prediction month.
ETH:22cf73121dde,2026-01-01,Afar,Afar 3,Gelalu,0.6436516,0,high,high_risk_source,high,7,0,0.6939091,Awash town,This woreda is high or very-high risk for the next prediction month.
ETH:5af9974f5888,2026-01-01,Sidama,Eastern Sidama,Daela,0.6434641,0,high,high_risk_source,high,10,0,0.72097254,Hoko,This woreda is high or very-high risk for the next prediction month.
ETH:7a4cb503ff1d,2026-01-01,Amhara,Oromiya,Arthuma Fursi,0.6433463,0,high,high_risk_source,high,14,1,0.8324774,Jilye Tumuga,This woreda is high or very-high risk for the next prediction month.
ETH:5da1af2f810c,2026-01-01,SNNPR,Burji Special Woreda,Burji Special Woreda,0.64300084,0,high,high_risk_source,high,2,0,0.64300084,Burji Special Woreda,This woreda is high or very-high risk for the next prediction month.
ETH:49d6d48294e1,2026-01-01,South West Ethiopia,Konta,Konta Special Woreda,0.6429246,0,high,high_risk_source,high,4,0,0.6429246,Konta Special Woreda,This woreda is high or very-high risk for the next prediction month.
ETH:3907ff55284a,2026-01-01,Amhara,E Gojjam,Debre Markos Ketema,0.64289534,0,high,high_risk_source,high,15,0,0.6851867,Awabel,This woreda is high or very-high risk for the next prediction month.
ETH:ET030308,2026-01-01,Amhara,North Wello,Habru,0.6427891,0,high,high_risk_source,high,13,1,0.7784336,Bugna,This woreda is high or very-high risk for the next prediction month.
ETH:9d18cd8922f7,2026-01-01,Oromia,E Harerghe,Kerssa,0.64256346,0,high,high_risk_source,high,17,0,0.7248752,Chinaksen,This woreda is high or very-high risk for the next prediction month.
ETH:93a45291da51,2026-01-01,Oromia,East Shoa,Bora (OR),0.6423606,0,high,high_risk_source,high,16,1,0.7663057,Adama,This woreda is high or very-high risk for the next prediction month.
ETH:b9e742fb6bcd,2026-01-01,Sidama,Southern Sidama,DARA,0.64224213,0,high,high_risk_source,high,11,0,0.6876911,Aleta Chuko,This woreda is high or very-high risk for the next prediction month.
ETH:ec128bd5524a,2026-01-01,Amhara,South Gonder,Lay Gayint,0.64220417,0,high,high_risk_source,high,16,1,0.7791149,Woreta town,This woreda is high or very-high risk for the next prediction month.
ETH:ET050293,2026-01-01,Somali,Fafan,Jigjiga town,0.6421741,0,high,high_risk_source,high,24,2,0.8036948,Harshin,This woreda is high or very-high risk for the next prediction month.
ETH:04e72483a1f3,2026-01-01,South West Ethiopia,Dawro,Zaba,0.6420349,0,high,high_risk_source,high,12,0,0.7287616,Disa,This woreda is high or very-high risk for the next prediction month.
ETH:f2798a063266,2026-01-01,Gambella,Agnua,Dima (GM),0.64201754,0,high,high_risk_source,high,6,0,0.65910566,Gambela Zuria,This woreda is high or very-high risk for the next prediction month.
ETH:c91dea8d4b35,2026-01-01,Central Ethiopia,Misrak Gurage,Misrak Meskan,0.6413294,0,high,high_risk_source,high,8,0,0.6500233,Meskan,This woreda is high or very-high risk for the next prediction month.
ETH:14df12ba8d2b,2026-01-01,Gambella,Nuer,Wantawo,0.6412309,0,high,high_risk_source,high,4,0,0.7386908,Jikawo,This woreda is high or very-high risk for the next prediction month.
ETH:ET030908,2026-01-01,Amhara,Awi,Ayehu Guwagusa,0.64112455,0,high,high_risk_source,high,16,0,0.72336924,Jawi,This woreda is high or very-high risk for the next prediction month.
ETH:e2e2a0711ab5,2026-01-01,Amhara,Western Tigray,Awra (TG),0.64105684,0,high,high_risk_source,high,2,0,0.64105684,Awra (TG),This woreda is high or very-high risk for the next prediction month.
ETH:b8ff928291d5,2026-01-01,Afar,Afar 1,Elidar,0.6410398,0,high,high_risk_source,high,11,0,0.69969416,Ayssaita,This woreda is high or very-high risk for the next prediction month.
ETH:ET030417,2026-01-01,Amhara,South Wello,Kombolcha town,0.6405241,0,high,high_risk_source,high,21,0,0.69148594,Mekdela,This woreda is high or very-high risk for the next prediction month.
ETH:ET041120,2026-01-01,Oromia,Bale,Goba Town,0.64046943,0,high,high_risk_source,high,18,2,0.98416394,Goro (Bale),This woreda is high or very-high risk for the next prediction month.
ETH:5fa67de1404c,2026-01-01,Amhara,Central Gonder,West Belesa,0.6404668,0,high,high_risk_source,high,14,3,0.85815537,Wegera,This woreda is high or very-high risk for the next prediction month.
ETH:860cb45f9fdb,2026-01-01,Somali,Fafan,Gursuum,0.6404005,0,high,high_risk_source,high,24,2,0.8036948,Harshin,This woreda is high or very-high risk for the next prediction month.
ETH:65296f2472bd,2026-01-01,Amhara,E Gojjam,Baso Liben,0.6401906,0,high,high_risk_source,high,15,0,0.6851867,Awabel,This woreda is high or very-high risk for the next prediction month.
ETH:ET110504,2026-01-01,South West Ethiopia,West Omo,Menit Shasha,0.64013773,0,high,high_risk_source,high,8,0,0.6910518,Maji,This woreda is high or very-high risk for the next prediction month.
ETH:ET110207,2026-01-01,South West Ethiopia,Kefa,Cheta,0.64012915,0,high,high_risk_source,high,19,0,0.6822803,Bita,This woreda is high or very-high risk for the next prediction month.
ETH:28b5fd4c7005,2026-01-01,Oromia,W Harerghe,Doba,0.6401116,0,high,high_risk_source,high,9,0,0.67082596,Tulo,This woreda is high or very-high risk for the next prediction month.
ETH:33d75465bf14,2026-01-01,Sidama,Sidama,Aleta Wondo town,0.6399744,0,high,high_risk_source,high,36,0,0.7085871,Aleta Chuko,This woreda is high or very-high risk for the next prediction month.
ETH:ET050306,2026-01-01,Somali,Jarar,Bilcil-Bur,0.63939446,0,high,high_risk_source,high,15,1,0.77285266,Gashamo,This woreda is high or very-high risk for the next prediction month.
ETH:626d76e02fd0,2026-01-01,Amhara,N Gonder,Debark,0.6392265,0,high,high_risk_source,high,4,0,0.6392265,Debark,This woreda is high or very-high risk for the next prediction month.
ETH:8e7e173fa3ce,2026-01-01,Amhara,WTSH,Setit Humera,0.63861597,0,high,high_risk_source,high,3,0,0.63861597,Setit Humera,This woreda is high or very-high risk for the next prediction month.
ETH:c4d41656afc2,2026-01-01,Oromia,Asela town,Asela town,0.63854474,0,high,high_risk_source,high,1,0,0.63854474,Asela town,This woreda is high or very-high risk for the next prediction month.
ETH:ET041515,2026-01-01,Oromia,West Guji,Dugda Dawa,0.63839614,0,high,high_risk_source,high,8,1,0.9748116,Gelana (West Guji),This woreda is high or very-high risk for the next prediction month.
ETH:f2ec4486413f,2026-01-01,Oromia,Arsi,Bele gasgar,0.63833326,0,high,high_risk_source,high,31,0,0.7121021,Diksis,This woreda is high or very-high risk for the next prediction month.
ETH:ET041703,2026-01-01,Oromia,West Arsi,Arsi Negele,0.6380431,0,high,high_risk_source,high,17,2,0.78760237,Siraro,This woreda is high or very-high risk for the next prediction month.
ETH:ET030520,2026-01-01,Amhara,North Shewa (AM),Debre Berhan town,0.6379609,0,high,high_risk_source,high,15,0,0.66855365,Angolelana Tera,This woreda is high or very-high risk for the next prediction month.
ETH:a2a4c6c27cfb,2026-01-01,Amhara,Oromiya,Dewa Harewa,0.63764113,0,high,high_risk_source,high,14,1,0.8324774,Jilye Tumuga,This woreda is high or very-high risk for the next prediction month.
ETH:e514046aa20f,2026-01-01,SNNPR,Hadiya,Hosaena town,0.6371233,0,high,high_risk_source,high,14,0,0.6571618,Lemo,This woreda is high or very-high risk for the next prediction month.
ETH:81f94b5689fd,2026-01-01,Sidama,Eastern Sidama,Daye Town,0.63702667,0,high,high_risk_source,high,10,0,0.72097254,Hoko,This woreda is high or very-high risk for the next prediction month.
ETH:ET050101,2026-01-01,Somali,Siti,Ayisha,0.63700104,0,high,high_risk_source,high,10,0,0.719128,Dembel,This woreda is high or very-high risk for the next prediction month.
ETH:ET040208,2026-01-01,Oromia,East Wellega,Gobu Seyo,0.636991,0,high,high_risk_source,high,18,0,0.73520285,Sibu Sire,This woreda is high or very-high risk for the next prediction month.
ETH:ET030311,2026-01-01,Amhara,North Wello,Dawunt,0.63692874,0,high,high_risk_source,high,13,1,0.7784336,Bugna,This woreda is high or very-high risk for the next prediction month.
ETH:ET040811,2026-01-01,Oromia,Arsi,Seru,0.6368565,0,high,high_risk_source,high,31,0,0.7121021,Diksis,This woreda is high or very-high risk for the next prediction month.
ETH:ET040807,2026-01-01,Oromia,Arsi,Hitosa,0.6368212,0,high,high_risk_source,high,31,0,0.7121021,Diksis,This woreda is high or very-high risk for the next prediction month.
ETH:c02b1712cea2,2026-01-01,Gambella,Nuer,Lare,0.6368038,0,high,high_risk_source,high,4,0,0.7386908,Jikawo,This woreda is high or very-high risk for the next prediction month.
ETH:c8db6dfa9a8a,2026-01-01,Sidama,Southern Sidama,Hulla,0.63651824,0,high,high_risk_source,high,11,0,0.6876911,Aleta Chuko,This woreda is high or very-high risk for the next prediction month.
ETH:d1986597586d,2026-01-01,Central Ethiopia,Misrak Gurage,Enseno town,0.6364623,0,high,high_risk_source,high,8,0,0.6500233,Meskan,This woreda is high or very-high risk for the next prediction month.
ETH:ET040119,2026-01-01,Oromia,West Wellega,Guliso,0.63638914,0,high,high_risk_source,high,19,1,0.7688439,Mendi Town,This woreda is high or very-high risk for the next prediction month.
ETH:ae61a03ddaff,2026-01-01,Oromia,E Harerghe,Haromaya,0.6363784,0,high,high_risk_source,high,17,0,0.7248752,Chinaksen,This woreda is high or very-high risk for the next prediction month.
ETH:672de91d184a,2026-01-01,Oromia,West Harerghe,Doba,0.6363342,0,high,high_risk_source,high,15,0,0.70219034,Shenen Dugo ( Mesela ),This woreda is high or very-high risk for the next prediction month.
ETH:12b749ec39ef,2026-01-01,Amhara,Central Gonder,Lay Armacho,0.63587964,0,high,high_risk_source,high,14,3,0.85815537,Wegera,This woreda is high or very-high risk for the next prediction month.
ETH:8b70eb057ff9,2026-01-01,Amhara,N Gonder,Dabat,0.6358316,0,high,high_risk_source,high,4,0,0.6392265,Debark,This woreda is high or very-high risk for the next prediction month.
ETH:ET110601,2026-01-01,South West Ethiopia,Konta,Konta Koysha,0.6358121,0,high,high_risk_source,high,4,0,0.6429246,Konta Special Woreda,This woreda is high or very-high risk for the next prediction month.
ETH:ET040311,2026-01-01,Oromia,Ilu Aba Bora,Ale,0.6355113,0,high,high_risk_source,high,17,0,0.6933313,Darimu,This woreda is high or very-high risk for the next prediction month.
ETH:e8b2da7dcdec,2026-01-01,Oromia,Buno Bedele,Bedele,0.63539606,0,high,high_risk_source,high,12,0,0.7092342,Chora (Buno Bedele),This woreda is high or very-high risk for the next prediction month.
ETH:ET030999,2026-01-01,Amhara,AWI,Chagni town,0.6353302,0,high,high_risk_source,high,2,0,0.6353302,Chagni town,This woreda is high or very-high risk for the next prediction month.
ETH:2db0fca69790,2026-01-01,Somali,Dollo,Daratole,0.6352492,0,high,high_risk_source,high,7,0,0.69017047,Warder,This woreda is high or very-high risk for the next prediction month.
ETH:58b876cd9c75,2026-01-01,Hareri,Hareri,Dire Teyara,0.6352051,0,high,high_risk_source,high,8,0,0.6352051,Dire Teyara,This woreda is high or very-high risk for the next prediction month.
ETH:fbabde77b6f3,2026-01-01,Sidama,Northern Sidama,Melga,0.6350748,0,high,high_risk_source,high,11,0,0.7484374,Borricha,This woreda is high or very-high risk for the next prediction month.
ETH:63319e0d97c6,2026-01-01,Amhara,West Gojjam,Bahirdar Zuria,0.63494253,0,high,high_risk_source,high,15,1,0.8326402,Jabi Tehnan,This woreda is high or very-high risk for the next prediction month.
ETH:72d9dc1d3eb1,2026-01-01,Amhara,Wag Himra,Zequala,0.6349097,0,high,high_risk_source,high,10,0,0.7318248,Dehana,This woreda is high or very-high risk for the next prediction month.
ETH:ET041621,2026-01-01,Oromia,Buno Bedele,Bedele Town,0.6348321,0,high,high_risk_source,high,12,0,0.7092342,Chora (Buno Bedele),This woreda is high or very-high risk for the next prediction month.
ETH:d71ddcc9dabb,2026-01-01,Amhara,Central Gonder,Gondar town,0.63473153,0,high,high_risk_source,high,14,3,0.85815537,Wegera,This woreda is high or very-high risk for the next prediction month.
ETH:ET040215,2026-01-01,Oromia,East Wellega,NUNU KUMBA,0.634569,0,high,high_risk_source,high,18,0,0.73520285,Sibu Sire,This woreda is high or very-high risk for the next prediction month.
ETH:4a596f895670,2026-01-01,Oromia,Borena,Meyo,0.634504,0,high,high_risk_source,high,17,2,0.76752776,Teltale,This woreda is high or very-high risk for the next prediction month.
ETH:22b804ec355b,2026-01-01,Amhara,Debretabor City,Debre Tabor town,0.63441664,0,high,high_risk_source,high,1,0,0.63441664,Debre Tabor town,This woreda is high or very-high risk for the next prediction month.
ETH:efe50a5e3ae0,2026-01-01,Amhara,Awi,Guagusa,0.634334,0,high,high_risk_source,high,16,0,0.72336924,Jawi,This woreda is high or very-high risk for the next prediction month.
ETH:1f6fd8b1174a,2026-01-01,Amhara,East Gojjam,Dejen,0.6342563,0,high,high_risk_source,high,16,2,0.75261146,Baso Liben,This woreda is high or very-high risk for the next prediction month.
ETH:5f360765cb48,2026-01-01,Oromia,Dukem Town,Dukem Town,0.6340781,0,high,high_risk_source,high,1,0,0.6340781,Dukem Town,This woreda is high or very-high risk for the next prediction month.
ETH:ET040103,2026-01-01,Oromia,West Wellega,Gimbi,0.6339951,0,high,high_risk_source,high,19,1,0.7688439,Mendi Town,This woreda is high or very-high risk for the next prediction month.
ETH:d4b92d0b4a6e,2026-01-01,Afar,Afar 1,Samera Logiya town,0.63393176,0,high,high_risk_source,high,11,0,0.69969416,Ayssaita,This woreda is high or very-high risk for the next prediction month.
ETH:ET041608,2026-01-01,Oromia,Buno Bedele,Dedesa,0.6339217,0,high,high_risk_source,high,12,0,0.7092342,Chora (Buno Bedele),This woreda is high or very-high risk for the next prediction month.
ETH:ad4185e98d8e,2026-01-01,Sidama,Sidama,Wonosho,0.6335131,0,high,high_risk_source,high,36,0,0.7085871,Aleta Chuko,This woreda is high or very-high risk for the next prediction month.
ETH:ET041018,2026-01-01,Oromia,East Hararge,Meyu Muleke,0.63340354,0,high,high_risk_source,high,10,0,0.63340354,Meyu Muleke,This woreda is high or very-high risk for the next prediction month.
ETH:ET041713,2026-01-01,Oromia,West Arsi,Kofele town,0.6332477,0,high,high_risk_source,high,17,2,0.78760237,Siraro,This woreda is high or very-high risk for the next prediction month.
ETH:dc337b9df2e4,2026-01-01,Amhara,WTSH,Welkait,0.63292176,0,high,high_risk_source,high,3,0,0.63861597,Setit Humera,This woreda is high or very-high risk for the next prediction month.
ETH:1aeec661fcc0,2026-01-01,Amhara,Wag Himra,Tsagibji,0.63279605,0,high,high_risk_source,high,10,0,0.7318248,Dehana,This woreda is high or very-high risk for the next prediction month.
ETH:a431216bfd4b,2026-01-01,South West Ethiopia,Kefa,Bonga,0.632581,0,high,high_risk_source,high,19,0,0.6822803,Bita,This woreda is high or very-high risk for the next prediction month.
ETH:04641fe45e5a,2026-01-01,Oromia,W Harerghe,Anchar,0.6323832,0,high,high_risk_source,high,9,0,0.67082596,Tulo,This woreda is high or very-high risk for the next prediction month.
ETH:18c244a1af88,2026-01-01,SNNPR,South Omo,Salamago,0.63228923,0,high,high_risk_source,high,5,0,0.651554,Jinka Town,This woreda is high or very-high risk for the next prediction month.
ETH:ET041704,2026-01-01,Oromia,West Arsi,KOFELE,0.63212335,0,high,high_risk_source,high,17,2,0.78760237,Siraro,This woreda is high or very-high risk for the next prediction month.
ETH:cb06941c322a,2026-01-01,Sidama,Northern Sidama,Hawella,0.63196284,0,high,high_risk_source,high,11,0,0.7484374,Borricha,This woreda is high or very-high risk for the next prediction month.
ETH:0445298a8edd,2026-01-01,Gambella,Gambela town,Gambela town,0.63172126,0,high,high_risk_source,high,1,0,0.63172126,Gambela town,This woreda is high or very-high risk for the next prediction month.
ETH:ca8179884c02,2026-01-01,Sidama,Southern Sidama,Melga,0.6314734,0,high,high_risk_source,high,11,0,0.6876911,Aleta Chuko,This woreda is high or very-high risk for the next prediction month.
ETH:4e33232811cd,2026-01-01,Oromia,West Shoa,Nono,0.63142115,0,high,high_risk_source,high,26,1,0.7930984,Cheliya,This woreda is high or very-high risk for the next prediction month.
ETH:e020c6b562da,2026-01-01,Afar,Afar 5,Hadelela,0.6313753,0,high,high_risk_source,high,7,0,0.7119824,Telalak,This woreda is high or very-high risk for the next prediction month.
ETH:78f6ef5efbcb,2026-01-01,Oromia,West Harerghe,Kuni /Oda Bultum,0.6313567,0,high,high_risk_source,high,15,0,0.70219034,Shenen Dugo ( Mesela ),This woreda is high or very-high risk for the next prediction month.
ETH:2d7bbfc384ec,2026-01-01,Oromia,East Shoa,Burayu,0.6312579,0,high,high_risk_source,high,16,1,0.7663057,Adama,This woreda is high or very-high risk for the next prediction month.
ETH:ET040213,2026-01-01,Oromia,East Wellega,Guto Gida,0.6308773,0,high,high_risk_source,high,18,0,0.73520285,Sibu Sire,This woreda is high or very-high risk for the next prediction month.
ETH:78b42d1c9731,2026-01-01,South West Ethiopia,Kefa,Adiyo,0.6307061,0,high,high_risk_source,high,19,0,0.6822803,Bita,This woreda is high or very-high risk for the next prediction month.
ETH:0fe434f86486,2026-01-01,Afar,Afar 3,Argoba Special,0.6304018,0,high,high_risk_source,high,7,0,0.6939091,Awash town,This woreda is high or very-high risk for the next prediction month.
ETH:ET070206,2026-01-01,Central Ethiopia,Hadiya,Soro,0.630401,0,high,high_risk_source,high,9,0,0.67377245,Shone Town,This woreda is high or very-high risk for the next prediction month.
ETH:ET030517,2026-01-01,Amhara,North Shewa (AM),Berehet,0.6300639,0,high,high_risk_source,high,15,0,0.66855365,Angolelana Tera,This woreda is high or very-high risk for the next prediction month.
ETH:ET040112,2026-01-01,Oromia,West Wellega,Yubdo,0.63004744,0,high,high_risk_source,high,19,1,0.7688439,Mendi Town,This woreda is high or very-high risk for the next prediction month.
ETH:f32503b2c6e2,2026-01-01,Sidama,Eastern Sidama,Bensa,0.62914604,0,high,high_risk_source,high,10,0,0.72097254,Hoko,This woreda is high or very-high risk for the next prediction month.
ETH:1854fdd8a07b,2026-01-01,South West Ethiopia,Sheka,Andracha,0.62899315,0,high,high_risk_source,high,5,1,0.82484925,Tepi,This woreda is high or very-high risk for the next prediction month.
ETH:7a5636df9939,2026-01-01,Somali,Liben,Karsasula,0.62883794,0,high,high_risk_source,high,9,0,0.7438104,Guradamole,This woreda is high or very-high risk for the next prediction month.
ETH:37c7c5e97e1b,2026-01-01,SNNPR,Gamo,Bonke,0.6287299,0,high,high_risk_source,high,17,0,0.6436656,Kemba Town Admin,This woreda is high or very-high risk for the next prediction month.
ETH:ET070304,2026-01-01,Central Ethiopia,Kembata,Kacha Bira,0.628476,0,high,high_risk_source,high,5,0,0.628476,Kacha Bira,This woreda is high or very-high risk for the next prediction month.
ETH:ET050499,2026-01-01,Somali,Erer,Wangey,0.62844044,0,high,high_risk_source,high,6,0,0.72534233,Fik,This woreda is high or very-high risk for the next prediction month.
ETH:a334e6e0277c,2026-01-01,SNNPR,Gamo,Mirab Abaya,0.62822115,0,high,high_risk_source,high,17,0,0.6436656,Kemba Town Admin,This woreda is high or very-high risk for the next prediction month.
ETH:ET041004,2026-01-01,Oromia,East Hararge,Babile (OR),0.6274608,0,high,high_risk_source,high,10,0,0.63340354,Meyu Muleke,This woreda is high or very-high risk for the next prediction month.
ETH:252ce434885c,2026-01-01,Amhara,N Wello,Lalibela,0.62732935,0,high,high_risk_source,high,9,0,0.6674015,Woldia,This woreda is high or very-high risk for the next prediction month.
ETH:c131eb1c8aa5,2026-01-01,Oromia,Horo Guduru,Shambu town,0.62728435,0,high,high_risk_source,high,16,0,0.70196134,Sulula Fincha,This woreda is high or very-high risk for the next prediction month.
ETH:29daac62748b,2026-01-01,Sidama,Sidama,Boricha,0.62709653,0,high,high_risk_source,high,36,0,0.7085871,Aleta Chuko,This woreda is high or very-high risk for the next prediction month.
ETH:9a998b161129,2026-01-01,Benishangul Gumuz,Metekel,Pawi,0.6266776,0,high,high_risk_source,high,10,0,0.73803574,Dangur,This woreda is high or very-high risk for the next prediction month.
ETH:88195d46cce8,2026-01-01,SNNPR,South Omo,Hamer,0.62662494,0,high,high_risk_source,high,5,0,0.651554,Jinka Town,This woreda is high or very-high risk for the next prediction month.
ETH:c4a82e2dd6ad,2026-01-01,Amhara,W Gojjam,Yilmana Densa,0.62656486,0,high,high_risk_source,high,14,0,0.72052395,North Achefer,This woreda is high or very-high risk for the next prediction month.
ETH:ce37646da8cc,2026-01-01,Oromia,Horo Guduru,Abe Dongoro,0.6265048,0,high,high_risk_source,high,16,0,0.70196134,Sulula Fincha,This woreda is high or very-high risk for the next prediction month.
ETH:ffbb840d2058,2026-01-01,Amhara,West Gonder,Quara,0.6263774,0,high,high_risk_source,high,5,0,0.73113936,Metema,This woreda is high or very-high risk for the next prediction month.
ETH:ET040108,2026-01-01,Oromia,West Wellega,Jarso (West Wellega),0.6262535,0,high,high_risk_source,high,19,1,0.7688439,Mendi Town,This woreda is high or very-high risk for the next prediction month.
ETH:be0edfdf4c32,2026-01-01,Amhara,Waghimra,Zequala,0.62624496,0,high,high_risk_source,high,8,0,0.69610274,Gaz Gibla,This woreda is high or very-high risk for the next prediction month.
ETH:ed37360ecadd,2026-01-01,Afar,Afar 4,Yalo,0.6261599,0,high,high_risk_source,high,3,0,0.697886,Euwa,This woreda is high or very-high risk for the next prediction month.
ETH:29319aee47c5,2026-01-01,Somali,Afder,Raaso,0.6260501,0,high,high_risk_source,high,11,2,0.7735397,Elkare /Serer,This woreda is high or very-high risk for the next prediction month.
ETH:b19fdd9d513f,2026-01-01,South West Ethiopia,Konta,Ameya Town,0.6260339,0,high,high_risk_source,high,4,0,0.6429246,Konta Special Woreda,This woreda is high or very-high risk for the next prediction month.
ETH:95b823c67ed5,2026-01-01,Oromia,Maya City,Haramaya,0.6256833,0,high,high_risk_source,high,3,0,0.70594805,Awaday,This woreda is high or very-high risk for the next prediction month.
ETH:ET040101,2026-01-01,Oromia,West Wellega,Mana Sibu,0.62565994,0,high,high_risk_source,high,19,1,0.7688439,Mendi Town,This woreda is high or very-high risk for the next prediction month.
ETH:b383592f4774,2026-01-01,Amhara,North Gonder,Dabat,0.6255806,0,high,high_risk_source,high,7,0,0.74364644,Janamora,This woreda is high or very-high risk for the next prediction month.
ETH:ET110202,2026-01-01,South West Ethiopia,Kefa,Gesha,0.6254563,0,high,high_risk_source,high,19,0,0.6822803,Bita,This woreda is high or very-high risk for the next prediction month.
ETH:4c8dc4132314,2026-01-01,Amhara,S Gonder,Sedie Muja,0.62539005,0,high,high_risk_source,high,10,0,0.62539005,Sedie Muja,This woreda is high or very-high risk for the next prediction month.
ETH:eb4c370bebd8,2026-01-01,Amhara,Wag Himra,Ziquala,0.6252999,0,high,high_risk_source,high,10,0,0.7318248,Dehana,This woreda is high or very-high risk for the next prediction month.
ETH:dd18c77f268e,2026-01-01,Central Ethiopia,Halaba,Halaba Kulito town,0.6251976,0,high,high_risk_source,high,4,0,0.6251976,Halaba Kulito town,This woreda is high or very-high risk for the next prediction month.
ETH:b480afc04c36,2026-01-01,Amhara,West Gojjam,Mecha,0.6251776,0,high,high_risk_source,high,15,1,0.8326402,Jabi Tehnan,This woreda is high or very-high risk for the next prediction month.
ETH:d2925e2efc67,2026-01-01,Amhara,East Gojjam,Mota Town,0.62473154,0,high,high_risk_source,high,16,2,0.75261146,Baso Liben,This woreda is high or very-high risk for the next prediction month.
ETH:957ec3f9a27e,2026-01-01,Oromia,Shaggar City,Burayu sub city,0.6244372,0,high,high_risk_source,high,6,0,0.6244372,Burayu sub city,This woreda is high or very-high risk for the next prediction month.
ETH:c3ed2f82c0af,2026-01-01,South West Ethiopia,Dawro,Isara,0.62442094,0,high,high_risk_source,high,12,0,0.7287616,Disa,This woreda is high or very-high risk for the next prediction month.
ETH:041b3571fc8d,2026-01-01,Oromia,Robe Town,Robe Town,0.6238071,0,high,high_risk_source,high,1,0,0.6238071,Robe Town,This woreda is high or very-high risk for the next prediction month.
ETH:ac6e0a3a9bbb,2026-01-01,Amhara,W Gojjam,Quarit,0.62368006,0,high,high_risk_source,high,14,0,0.72052395,North Achefer,This woreda is high or very-high risk for the next prediction month.
ETH:564c93b75baa,2026-01-01,Amhara,South Gonder,Sede Muja,0.6236339,0,high,high_risk_source,high,16,1,0.7791149,Woreta town,This woreda is high or very-high risk for the next prediction month.
ETH:e1d38f8fc00e,2026-01-01,South West Ethiopia,Dawro,Genna Bosa,0.623388,0,high,high_risk_source,high,12,0,0.7287616,Disa,This woreda is high or very-high risk for the next prediction month.
ETH:e000336a18a8,2026-01-01,Oromia,Holeta Town,Holeta Town,0.6233853,0,high,high_risk_source,high,1,0,0.6233853,Holeta Town,This woreda is high or very-high risk for the next prediction month.
ETH:892bfeb0b00d,2026-01-01,Somali,Jarar,Daroor,0.62338156,0,high,high_risk_source,high,15,1,0.77285266,Gashamo,This woreda is high or very-high risk for the next prediction month.
ETH:ET040317,2026-01-01,Oromia,Ilu Aba Bora,Didu,0.62309414,0,high,high_risk_source,high,17,0,0.6933313,Darimu,This woreda is high or very-high risk for the next prediction month.
ETH:ET040403,2026-01-01,Oromia,Jimma,Sekoru,0.6230411,0,high,high_risk_source,high,25,0,0.6989568,Limu Seka,This woreda is high or very-high risk for the next prediction month.
ETH:ET030305,2026-01-01,Amhara,North Wello,Wadla,0.62300104,0,high,high_risk_source,high,13,1,0.7784336,Bugna,This woreda is high or very-high risk for the next prediction month.
ETH:ET042107,2026-01-01,Oromia,East Bale,Ginir Town,0.6229408,0,high,high_risk_source,high,8,0,0.7246736,Rayitu,This woreda is high or very-high risk for the next prediction month.
ETH:24f62670ba39,2026-01-01,Oromia,W Harerghe,Chiro Town,0.62288064,0,high,high_risk_source,high,9,0,0.67082596,Tulo,This woreda is high or very-high risk for the next prediction month.
ETH:ef215e6c26f8,2026-01-01,Amhara,West Gojjam,Dembecha,0.62283367,0,high,high_risk_source,high,15,1,0.8326402,Jabi Tehnan,This woreda is high or very-high risk for the next prediction month.
ETH:3c5a4c188942,2026-01-01,Oromia,Finfine Zuria,Lege Tafo-Lege Dadi town,0.6226776,0,high,high_risk_source,high,9,0,0.6879993,Sebeta Hawas,This woreda is high or very-high risk for the next prediction month.
ETH:ET040319,2026-01-01,Oromia,Ilu Aba Bora,Halu /Huka,0.62255037,0,high,high_risk_source,high,17,0,0.6933313,Darimu,This woreda is high or very-high risk for the next prediction month.
ETH:f392a3f8fe55,2026-01-01,Somali,Afder,Bare,0.6224449,0,high,high_risk_source,high,11,2,0.7735397,Elkare /Serer,This woreda is high or very-high risk for the next prediction month.
ETH:ET030518,2026-01-01,Amhara,North Shewa (AM),Minjar Shenkora,0.62235147,0,high,high_risk_source,high,15,0,0.66855365,Angolelana Tera,This woreda is high or very-high risk for the next prediction month.
ETH:f4d4c0090279,2026-01-01,Amhara,West Gojjam,Debub Mecha,0.62225586,0,high,high_risk_source,high,15,1,0.8326402,Jabi Tehnan,This woreda is high or very-high risk for the next prediction month.
ETH:ET041808,2026-01-01,Oromia,Kelem Wellega,Dale Sadi,0.6221551,0,high,high_risk_source,high,17,1,0.77339715,Gidami,This woreda is high or very-high risk for the next prediction month.
ETH:3bfaa3e77d37,2026-01-01,Oromia,West Shoa,NONO,0.6220283,0,high,high_risk_source,high,26,1,0.7930984,Cheliya,This woreda is high or very-high risk for the next prediction month.
ETH:ET040118,2026-01-01,Oromia,West Wellega,Sayo Nole,0.6218499,0,high,high_risk_source,high,19,1,0.7688439,Mendi Town,This woreda is high or very-high risk for the next prediction month.
ETH:6e8cca7e8cbd,2026-01-01,Amhara,Awi,Fagita Lekoma,0.6213147,0,high,high_risk_source,high,16,0,0.72336924,Jawi,This woreda is high or very-high risk for the next prediction month.
ETH:9322aaa89cd3,2026-01-01,Amhara,North Gonder,Debark,0.6212499,0,high,high_risk_source,high,7,0,0.74364644,Janamora,This woreda is high or very-high risk for the next prediction month.
ETH:200e02d8876e,2026-01-01,Sidama,Southern Sidama,Teticha,0.62105393,0,high,high_risk_source,high,11,0,0.6876911,Aleta Chuko,This woreda is high or very-high risk for the next prediction month.
ETH:ET030902,2026-01-01,Amhara,Awi,Banja,0.62096757,0,high,high_risk_source,high,16,0,0.72336924,Jawi,This woreda is high or very-high risk for the next prediction month.
ETH:ET030303,2026-01-01,Amhara,North Wello,Gidan,0.6209263,0,high,high_risk_source,high,13,1,0.7784336,Bugna,This woreda is high or very-high risk for the next prediction month.
ETH:96976f135cfb,2026-01-01,Oromia,West Shoa,Ambo Zuria,0.620508,0,high,high_risk_source,high,26,1,0.7930984,Cheliya,This woreda is high or very-high risk for the next prediction month.
ETH:660f2a11d497,2026-01-01,Central Ethiopia,Hadiya,West Badowach,0.6204125,0,high,high_risk_source,high,9,0,0.67377245,Shone Town,This woreda is high or very-high risk for the next prediction month.
ETH:ET041482,2026-01-01,Oromia,Guji,Aga Wayu,0.6203016,0,high,high_risk_source,high,15,6,0.88357407,Adola Rede,This woreda is high or very-high risk for the next prediction month.
ETH:437c104c6b34,2026-01-01,Oromia,Horo Guduru,Jimma Geneti,0.62028784,0,high,high_risk_source,high,16,0,0.70196134,Sulula Fincha,This woreda is high or very-high risk for the next prediction month.
ETH:d97c40effe5b,2026-01-01,Benishangul Gumuz,Kemashi,Below Jingafoy/Mizyiga,0.6202651,0,high,high_risk_source,high,5,1,0.75132024,Yaso/Zayi,This woreda is high or very-high risk for the next prediction month.
ETH:7fa9a94d6579,2026-01-01,Amhara,Awi,Ankasha Guagusa,0.62024707,0,high,high_risk_source,high,16,0,0.72336924,Jawi,This woreda is high or very-high risk for the next prediction month.
ETH:6236fed66f0c,2026-01-01,Dire Dawa,Addis Ketema,Addis Ketema,0.61991984,0,high,high_risk_source,high,1,0,0.61991984,Addis Ketema,This woreda is high or very-high risk for the next prediction month.
ETH:9f6776ed6937,2026-01-01,Amhara,Waghimra,SEKOTA,0.619805,0,high,high_risk_source,high,8,0,0.69610274,Gaz Gibla,This woreda is high or very-high risk for the next prediction month.
ETH:ET081101,2026-01-01,South Ethiopia,Gedeo,Wenago,0.61972463,0,high,high_risk_source,high,7,3,0.785926,Churso,This woreda is high or very-high risk for the next prediction month.
ETH:ET040214,2026-01-01,Oromia,East Wellega,Jimma Arjo,0.61967677,0,high,high_risk_source,high,18,0,0.73520285,Sibu Sire,This woreda is high or very-high risk for the next prediction month.
ETH:76df45944944,2026-01-01,Oromia,West Arsi,Bishan Guracha,0.6196191,0,high,high_risk_source,high,17,2,0.78760237,Siraro,This woreda is high or very-high risk for the next prediction month.
ETH:ET040810,2026-01-01,Oromia,Arsi,Amigna,0.6196094,0,high,high_risk_source,high,31,0,0.7121021,Diksis,This woreda is high or very-high risk for the next prediction month.
ETH:9ec08d415963,2026-01-01,Oromia,Arsi,Zeway dugda,0.6195252,0,high,high_risk_source,high,31,0,0.7121021,Diksis,This woreda is high or very-high risk for the next prediction month.
ETH:8081a5bf0bba,2026-01-01,Amhara,East Gojjam,Enarj Enawga,0.6192682,0,high,high_risk_source,high,16,2,0.75261146,Baso Liben,This woreda is high or very-high risk for the next prediction month.
ETH:d7b6594defe8,2026-01-01,Amhara,W Gojjam,Dembecha,0.6191031,0,high,high_risk_source,high,14,0,0.72052395,North Achefer,This woreda is high or very-high risk for the next prediction month.
ETH:29d4ba66da50,2026-01-01,Sidama,Sidama,Aleta Wondo Town Admin,0.6190669,0,high,high_risk_source,high,36,0,0.7085871,Aleta Chuko,This woreda is high or very-high risk for the next prediction month.
ETH:ET041605,2026-01-01,Oromia,Buno Bedele,Dabo Hana,0.6186034,0,high,high_risk_source,high,12,0,0.7092342,Chora (Buno Bedele),This woreda is high or very-high risk for the next prediction month.
ETH:ET040205,2026-01-01,Oromia,East Wellega,Boneya Boshe,0.6183447,0,high,high_risk_source,high,18,0,0.73520285,Sibu Sire,This woreda is high or very-high risk for the next prediction month.
ETH:22f3c52f07d1,2026-01-01,Amhara,South Gonder,Fogera,0.61813015,0,high,high_risk_source,high,16,1,0.7791149,Woreta town,This woreda is high or very-high risk for the next prediction month.
ETH:8b8098712fbb,2026-01-01,Oromia,Mojo Town,Mojo Town,0.6177866,0,high,high_risk_source,high,1,0,0.6177866,Mojo Town,This woreda is high or very-high risk for the next prediction month.
ETH:ET041811,2026-01-01,Oromia,Kelem Wellega,Lalo Kile,0.61778635,0,high,high_risk_source,high,17,1,0.77339715,Gidami,This woreda is high or very-high risk for the next prediction month.
ETH:567e548f21fd,2026-01-01,Amhara,West Gojjam,Bure (AM),0.617707,0,high,high_risk_source,high,15,1,0.8326402,Jabi Tehnan,This woreda is high or very-high risk for the next prediction month.
ETH:4c0146047225,2026-01-01,Amhara,Kombolcha town,Kombolcha town,0.6175728,0,high,high_risk_source,high,1,0,0.6175728,Kombolcha town,This woreda is high or very-high risk for the next prediction month.
ETH:beca0e0bef2e,2026-01-01,SNNPR,Wolayta,Damot gale,0.6175574,0,high,high_risk_source,high,15,0,0.64755994,Ofa,This woreda is high or very-high risk for the next prediction month.
ETH:f2c6fab19273,2026-01-01,Amhara,E Gojjam,Debaye Telategne,0.61747986,0,high,high_risk_source,high,15,0,0.6851867,Awabel,This woreda is high or very-high risk for the next prediction month.
ETH:5f0127e5f8cf,2026-01-01,Sidama,Southern Sidama,Dara,0.6174636,0,high,high_risk_source,high,11,0,0.6876911,Aleta Chuko,This woreda is high or very-high risk for the next prediction month.
ETH:d71c3a4780db,2026-01-01,Amhara,South Gonder,Mena Meketewa,0.617419,0,high,high_risk_source,high,16,1,0.7791149,Woreta town,This woreda is high or very-high risk for the next prediction month.
ETH:345abbb440c5,2026-01-01,Dire Dawa,Melkajebdu,Melkajebdu,0.61736125,0,high,high_risk_source,high,1,0,0.61736125,Melkajebdu,This woreda is high or very-high risk for the next prediction month.
ETH:a673da40f80b,2026-01-01,Oromia,Bale,Delo Mena (Bale),0.6168897,0,high,high_risk_source,high,18,2,0.98416394,Goro (Bale),This woreda is high or very-high risk for the next prediction month.
ETH:a1bdb597e4cd,2026-01-01,Sidama,Northern Sidama,Hawassa Zuriya,0.61680144,0,high,high_risk_source,high,11,0,0.7484374,Borricha,This woreda is high or very-high risk for the next prediction month.
ETH:0e95aa067a47,2026-01-01,Amhara,South Gonder,Estie,0.616415,0,high,high_risk_source,high,16,1,0.7791149,Woreta town,This woreda is high or very-high risk for the next prediction month.
ETH:01578521475b,2026-01-01,Oromia,Sheno Town,Sheno Town,0.616293,0,high,high_risk_source,high,1,0,0.616293,Sheno Town,This woreda is high or very-high risk for the next prediction month.
ETH:f0ff2098cfe6,2026-01-01,Somali,Shabele,Berocano,0.6158552,0,high,high_risk_source,high,10,0,0.74620366,Kelafo,This woreda is high or very-high risk for the next prediction month.
ETH:ET040117,2026-01-01,Oromia,West Wellega,Homa,0.61580616,0,high,high_risk_source,high,19,1,0.7688439,Mendi Town,This woreda is high or very-high risk for the next prediction month.
ETH:033dcf41f42c,2026-01-01,Oromia,West Shoa,Ambo town,0.6157964,0,high,high_risk_source,high,26,1,0.7930984,Cheliya,This woreda is high or very-high risk for the next prediction month.
ETH:ET030996,2026-01-01,Amhara,Awi,Injibara Town,0.6157936,0,high,high_risk_source,high,16,0,0.72336924,Jawi,This woreda is high or very-high risk for the next prediction month.
ETH:ET040805,2026-01-01,Oromia,Arsi,Dodota,0.6157759,0,high,high_risk_source,high,31,0,0.7121021,Diksis,This woreda is high or very-high risk for the next prediction month.
ETH:567603be58e9,2026-01-01,SNNPR,Ale Special Woreda,Ale Special,0.6154977,0,high,high_risk_source,high,1,0,0.6154977,Ale Special,This woreda is high or very-high risk for the next prediction month.
ETH:ET042102,2026-01-01,Oromia,East Bale,Lege Hida,0.6153807,0,high,high_risk_source,high,8,0,0.7246736,Rayitu,This woreda is high or very-high risk for the next prediction month.
ETH:4ec944ebe568,2026-01-01,Amhara,East Gojjam,Shebel Bernta,0.61532664,0,high,high_risk_source,high,16,2,0.75261146,Baso Liben,This woreda is high or very-high risk for the next prediction month.
ETH:54653bf69742,2026-01-01,South West Ethiopia,Bench Sheko,Mizan,0.61530375,0,high,high_risk_source,high,10,0,0.70445174,Gurafereda,This woreda is high or very-high risk for the next prediction month.
ETH:c45935cac54e,2026-01-01,Oromia,East Harerghe,DEDER,0.61513644,0,high,high_risk_source,high,16,0,0.68379,Kombolcha,This woreda is high or very-high risk for the next prediction month.
ETH:be5cb1754149,2026-01-01,SNNPR,Gamo,Arba Minch town,0.6150022,0,high,high_risk_source,high,17,0,0.6436656,Kemba Town Admin,This woreda is high or very-high risk for the next prediction month.
ETH:f4637930cd0e,2026-01-01,Amhara,E Gojjam,Sinan,0.6149645,0,high,high_risk_source,high,15,0,0.6851867,Awabel,This woreda is high or very-high risk for the next prediction month.
ETH:ET030503,2026-01-01,Amhara,North Shewa (AM),Ensaro,0.6148107,0,high,high_risk_source,high,15,0,0.66855365,Angolelana Tera,This woreda is high or very-high risk for the next prediction month.
ETH:955cbc6493ca,2026-01-01,Amhara,North Gonder,Addi Arekay,0.614534,0,high,high_risk_source,high,7,0,0.74364644,Janamora,This woreda is high or very-high risk for the next prediction month.
ETH:ET040320,2026-01-01,Oromia,Ilu Aba Bora,Metu Town,0.61452615,0,high,high_risk_source,high,17,0,0.6933313,Darimu,This woreda is high or very-high risk for the next prediction month.
ETH:ET041296,2026-01-01,Oromia,Borena,Yabelo town,0.61448234,0,high,high_risk_source,high,17,2,0.76752776,Teltale,This woreda is high or very-high risk for the next prediction month.
ETH:1647b2a3a71b,2026-01-01,Sidama,Eastern Sidama,BURA,0.6143839,0,high,high_risk_source,high,10,0,0.72097254,Hoko,This woreda is high or very-high risk for the next prediction month.
ETH:a0ad05ffd415,2026-01-01,Oromia,E Harerghe,Goro Muti,0.61434954,0,high,high_risk_source,high,17,0,0.7248752,Chinaksen,This woreda is high or very-high risk for the next prediction month.
ETH:6a38949e5e8e,2026-01-01,Oromia,E Shoa,Boset,0.6142838,0,high,high_risk_source,high,9,0,0.6447291,Adama Zuriya,This woreda is high or very-high risk for the next prediction month.
ETH:ET110303,2026-01-01,South West Ethiopia,Bench Sheko,Debub Bench,0.6140968,0,high,high_risk_source,high,10,0,0.70445174,Gurafereda,This woreda is high or very-high risk for the next prediction month.
ETH:59f94bf7ebb4,2026-01-01,Oromia,South West Shoa,Ameya,0.61408037,0,high,high_risk_source,high,11,0,0.69034,Ilu,This woreda is high or very-high risk for the next prediction month.
ETH:1f3d6b37612e,2026-01-01,Central Ethiopia,Misrak Gurage,Butajira town,0.61404145,0,high,high_risk_source,high,8,0,0.6500233,Meskan,This woreda is high or very-high risk for the next prediction month.
ETH:e8ff2f48f001,2026-01-01,Oromia,Jimma,Kersa,0.6140309,0,high,high_risk_source,high,25,0,0.6989568,Limu Seka,This woreda is high or very-high risk for the next prediction month.
ETH:ET050592,2026-01-01,Somali,Korahe,Kebridehar town,0.61368126,0,high,high_risk_source,high,7,0,0.74198145,Shilabo,This woreda is high or very-high risk for the next prediction month.
ETH:ET041210,2026-01-01,Oromia,Borena,Moyale (OR),0.61336,0,high,high_risk_source,high,17,2,0.76752776,Teltale,This woreda is high or very-high risk for the next prediction month.
ETH:2641108454ba,2026-01-01,Amhara,N Shewa,Mojana wedra,0.61323196,0,high,high_risk_source,high,12,0,0.61323196,Mojana wedra,This woreda is high or very-high risk for the next prediction month.
ETH:ET040499,2026-01-01,Oromia,Jimma,Nono Benja,0.61315197,0,high,high_risk_source,high,25,0,0.6989568,Limu Seka,This woreda is high or very-high risk for the next prediction month.
ETH:9069987863c8,2026-01-01,Oromia,East Harerghe,Haro Maya,0.61306584,0,high,high_risk_source,high,16,0,0.68379,Kombolcha,This woreda is high or very-high risk for the next prediction month.
ETH:96672841cae5,2026-01-01,Somali,Siti,Erer,0.61295635,0,high,high_risk_source,high,10,0,0.719128,Dembel,This woreda is high or very-high risk for the next prediction month.
ETH:3e2cb07635f2,2026-01-01,Central Ethiopia,Hadiya,East Badawacho,0.6127766,0,high,high_risk_source,high,9,0,0.67377245,Shone Town,This woreda is high or very-high risk for the next prediction month.
ETH:ET050403,2026-01-01,Somali,Erer,Salahad,0.61260605,0,high,high_risk_source,high,6,0,0.72534233,Fik,This woreda is high or very-high risk for the next prediction month.
ETH:d0d57d217c22,2026-01-01,Amhara,N Gonder,Beyeda,0.6123914,0,high,high_risk_source,high,4,0,0.6392265,Debark,This woreda is high or very-high risk for the next prediction month.
ETH:ET030408,2026-01-01,Amhara,South Wello,Albuko,0.6123259,0,high,high_risk_source,high,21,0,0.69148594,Mekdela,This woreda is high or very-high risk for the next prediction month.
ETH:ET040202,2026-01-01,Oromia,East Wellega,Ibantu,0.61215913,0,high,high_risk_source,high,18,0,0.73520285,Sibu Sire,This woreda is high or very-high risk for the next prediction month.
ETH:ba3df846a1f9,2026-01-01,Amhara,Oromiya,BATI,0.61215883,0,high,high_risk_source,high,14,1,0.8324774,Jilye Tumuga,This woreda is high or very-high risk for the next prediction month.
ETH:0665c41f2bce,2026-01-01,Oromia,E Harerghe,Bedeno,0.6121465,0,high,high_risk_source,high,17,0,0.7248752,Chinaksen,This woreda is high or very-high risk for the next prediction month.
ETH:ET030398,2026-01-01,Amhara,North Wello,Lalibela town,0.6117668,0,high,high_risk_source,high,13,1,0.7784336,Bugna,This woreda is high or very-high risk for the next prediction month.
ETH:ET040206,2026-01-01,Oromia,East Wellega,Wayu Tuka,0.6115305,0,high,high_risk_source,high,18,0,0.73520285,Sibu Sire,This woreda is high or very-high risk for the next prediction month.
ETH:ET030511,2026-01-01,Amhara,North Shewa (AM),Mojan Wedera,0.6115153,0,high,high_risk_source,high,15,0,0.66855365,Angolelana Tera,This woreda is high or very-high risk for the next prediction month.
ETH:c577cb52a7c2,2026-01-01,Oromia,E Wellega,Sibu Sire,0.6111743,0,high,high_risk_source,high,6,0,0.6111743,Sibu Sire,This woreda is high or very-high risk for the next prediction month.
ETH:ET040417,2026-01-01,Oromia,Jimma,Agaro Town,0.61110544,0,high,high_risk_source,high,25,0,0.6989568,Limu Seka,This woreda is high or very-high risk for the next prediction month.
ETH:8df0863a2cf8,2026-01-01,Oromia,Horo Guduru,Horo Buluk,0.6109276,0,high,high_risk_source,high,16,0,0.70196134,Sulula Fincha,This woreda is high or very-high risk for the next prediction month.
ETH:87586e3ac0f2,2026-01-01,Afar,Afar 5,Semurobi,0.6108921,0,high,high_risk_source,high,7,0,0.7119824,Telalak,This woreda is high or very-high risk for the next prediction month.
ETH:ET040302,2026-01-01,Oromia,Ilu Aba Bora,Alge Sachi,0.61069703,0,high,high_risk_source,high,17,0,0.6933313,Darimu,This woreda is high or very-high risk for the next prediction month.
ETH:10ab53655d99,2026-01-01,Dire Dawa,Dire Dawa,Gende Kore,0.6106641,0,high,high_risk_source,high,4,0,0.6964182,Dire Dawa,This woreda is high or very-high risk for the next prediction month.
ETH:e89ea90860cf,2026-01-01,Amhara,West Gojjam,Semen Achefer,0.6106562,0,high,high_risk_source,high,15,1,0.8326402,Jabi Tehnan,This woreda is high or very-high risk for the next prediction month.
ETH:ET041706,2026-01-01,Oromia,West Arsi,Gedeb Asasa,0.61056274,0,high,high_risk_source,high,17,2,0.78760237,Siraro,This woreda is high or very-high risk for the next prediction month.
ETH:134f88acac8d,2026-01-01,Oromia,Kelem Wellega,Yemalogi Welel,0.61052316,0,high,high_risk_source,high,17,1,0.77339715,Gidami,This woreda is high or very-high risk for the next prediction month.
ETH:9ce575806c80,2026-01-01,Oromia,Bale,Goba,0.61009204,0,high,high_risk_source,high,18,2,0.98416394,Goro (Bale),This woreda is high or very-high risk for the next prediction month.
ETH:ET040412,2026-01-01,Oromia,Jimma,Sigmo,0.60993254,0,high,high_risk_source,high,25,0,0.6989568,Limu Seka,This woreda is high or very-high risk for the next prediction month.
ETH:b79d9a521117,2026-01-01,Oromia,Borena,Teltele,0.6096333,0,high,high_risk_source,high,17,2,0.76752776,Teltale,This woreda is high or very-high risk for the next prediction month.
ETH:1ef13fa9080b,2026-01-01,Oromia,SW Shoa,Tole,0.6096088,0,high,high_risk_source,high,9,0,0.64567447,Dawo,This woreda is high or very-high risk for the next prediction month.
ETH:3a93b1df6128,2026-01-01,Amhara,West Gonder,Gendawuha town,0.6094115,0,high,high_risk_source,high,5,0,0.73113936,Metema,This woreda is high or very-high risk for the next prediction month.
ETH:0efebe6e55dc,2026-01-01,Benishangul Gumuz,Asosa,Kurmuk,0.60931635,0,high,high_risk_source,high,6,0,0.6644803,Bambasi,This woreda is high or very-high risk for the next prediction month.
ETH:d9a45a3836d6,2026-01-01,SNNPR,Hadiya,Anlemo,0.60927755,0,high,high_risk_source,high,14,0,0.6571618,Lemo,This woreda is high or very-high risk for the next prediction month.
ETH:ET041119,2026-01-01,Oromia,Bale,Robe Town,0.6092295,0,high,high_risk_source,high,18,2,0.98416394,Goro (Bale),This woreda is high or very-high risk for the next prediction month.
ETH:7a5309c834fa,2026-01-01,Amhara,East Gojjam,Enemay,0.6091373,0,high,high_risk_source,high,16,2,0.75261146,Baso Liben,This woreda is high or very-high risk for the next prediction month.
ETH:ET040416,2026-01-01,Oromia,Jimma,Gumay,0.60909975,0,high,high_risk_source,high,25,0,0.6989568,Limu Seka,This woreda is high or very-high risk for the next prediction month.
ETH:bf8e72a4549e,2026-01-01,Amhara,N Shewa,Minjar,0.60905594,0,high,high_risk_source,high,12,0,0.61323196,Mojana wedra,This woreda is high or very-high risk for the next prediction month.
ETH:38757d6cd0a0,2026-01-01,Oromia,Horo Guduru,Abay Chomen,0.6088926,0,high,high_risk_source,high,16,0,0.70196134,Sulula Fincha,This woreda is high or very-high risk for the next prediction month.
ETH:ET040312,2026-01-01,Oromia,Ilu Aba Bora,Bure (OR),0.6088765,0,high,high_risk_source,high,17,0,0.6933313,Darimu,This woreda is high or very-high risk for the next prediction month.
ETH:ET041623,2026-01-01,Oromia,Buno Bedele,Chwaka,0.60883343,0,high,high_risk_source,high,12,0,0.7092342,Chora (Buno Bedele),This woreda is high or very-high risk for the next prediction month.
ETH:de667d90fda2,2026-01-01,Afar,Afar 1,Adaar,0.6086042,0,high,high_risk_source,high,11,0,0.69969416,Ayssaita,This woreda is high or very-high risk for the next prediction month.
ETH:3ead72caf17c,2026-01-01,SNNPR,Gedeo,Dilla Town,0.6085463,0,high,high_risk_source,high,13,0,0.6789766,Chelekleketu,This woreda is high or very-high risk for the next prediction month.
ETH:fe36c6ef7461,2026-01-01,SNNPR,Goffa,Zala,0.6080605,0,high,high_risk_source,high,5,0,0.6080605,Zala,This woreda is high or very-high risk for the next prediction month.
ETH:ET040815,2026-01-01,Oromia,Arsi,Degeluna Tijo,0.6080354,0,high,high_risk_source,high,31,0,0.7121021,Diksis,This woreda is high or very-high risk for the next prediction month.
ETH:27c4bbb08a70,2026-01-01,Oromia,SW Shoa,Kersana Malima,0.60794127,0,high,high_risk_source,high,9,0,0.64567447,Dawo,This woreda is high or very-high risk for the next prediction month.
ETH:f86e46829bef,2026-01-01,Benishangul Gumuz,Asosa,Sherkole,0.60785216,0,high,high_risk_source,high,6,0,0.6644803,Bambasi,This woreda is high or very-high risk for the next prediction month.
ETH:a0f3b71d55f0,2026-01-01,Hareri,Abadir,Abadir,0.60764265,0,high,high_risk_source,high,1,0,0.60764265,Abadir,This woreda is high or very-high risk for the next prediction month.
ETH:1719d5383cc2,2026-01-01,Amhara,Awi,Ankesha,0.607329,0,high,high_risk_source,high,16,0,0.72336924,Jawi,This woreda is high or very-high risk for the next prediction month.
ETH:cd1619002484,2026-01-01,Oromia,East Shoa,Metehara town,0.6072481,0,high,high_risk_source,high,16,1,0.7663057,Adama,This woreda is high or very-high risk for the next prediction month.
ETH:4e886d19b05b,2026-01-01,Oromia,W Guji,Gelana,0.6071174,0,high,high_risk_source,high,6,0,0.65125364,Dugda Dawa,This woreda is high or very-high risk for the next prediction month.
ETH:e867f93328f1,2026-01-01,Amhara,Debre Markos Town,Debre Markos Town,0.6070357,0,high,high_risk_source,high,1,0,0.6070357,Debre Markos Town,This woreda is high or very-high risk for the next prediction month.
ETH:7000bb79f3bc,2026-01-01,Benishangul Gumuz,Asosa,Asossa,0.60680145,0,high,high_risk_source,high,6,0,0.6644803,Bambasi,This woreda is high or very-high risk for the next prediction month.
ETH:ET041708,2026-01-01,Oromia,West Arsi,Kokosa,0.6065692,0,high,high_risk_source,high,17,2,0.78760237,Siraro,This woreda is high or very-high risk for the next prediction month.
ETH:808f54637417,2026-01-01,Benishangul Gumuz,Asossa,Assosa,0.60645115,0,high,high_risk_source,high,9,0,0.6553635,Bilidigilu,This woreda is high or very-high risk for the next prediction month.
ETH:4a8a3fbfdeaf,2026-01-01,Oromia,West Shoa,Dano,0.606354,0,high,high_risk_source,high,26,1,0.7930984,Cheliya,This woreda is high or very-high risk for the next prediction month.
ETH:35a3aa914f1c,2026-01-01,Amhara,W Gojjam,Sekela,0.6063143,0,high,high_risk_source,high,14,0,0.72052395,North Achefer,This woreda is high or very-high risk for the next prediction month.
ETH:42853bd61c0d,2026-01-01,Amhara,C Gonder,West Dembia,0.6060791,0,high,high_risk_source,high,7,1,0.78297824,East Belesa,This woreda is high or very-high risk for the next prediction month.
ETH:bb621262eab7,2026-01-01,SNNPR,Basketo,Basketo,0.60600287,0,high,high_risk_source,high,1,0,0.60600287,Basketo,This woreda is high or very-high risk for the next prediction month.
ETH:585300491401,2026-01-01,Dire Dawa,Sabian,Sabian,0.60598314,0,high,high_risk_source,high,1,0,0.60598314,Sabian,This woreda is high or very-high risk for the next prediction month.
ETH:ET041501,2026-01-01,Oromia,West Guji,Bule Hora,0.60594964,0,high,high_risk_source,high,8,1,0.9748116,Gelana (West Guji),This woreda is high or very-high risk for the next prediction month.
ETH:ET041490,2026-01-01,Oromia,Guji,Haro Walabu,0.6057209,0,high,high_risk_source,high,15,6,0.88357407,Adola Rede,This woreda is high or very-high risk for the next prediction month.
ETH:b2e4c500dd87,2026-01-01,Oromia,N Shoa,Wuchale,0.6052272,0,high,high_risk_source,high,10,0,0.6684717,Deraa,This woreda is high or very-high risk for the next prediction month.
ETH:54fe9552dafe,2026-01-01,Oromia,Buno Bedele,Chawaka,0.6051751,0,high,high_risk_source,high,12,0,0.7092342,Chora (Buno Bedele),This woreda is high or very-high risk for the next prediction month.
ETH:ET050206,2026-01-01,Somali,Fafan,Kebribeyah,0.60514563,0,high,high_risk_source,high,24,2,0.8036948,Harshin,This woreda is high or very-high risk for the next prediction month.
ETH:ET040823,2026-01-01,Oromia,Arsi,Bele Gesgar,0.6050919,0,high,high_risk_source,high,31,0,0.7121021,Diksis,This woreda is high or very-high risk for the next prediction month.
ETH:694ffa21f944,2026-01-01,Oromia,W Guji,Abaya,0.60506386,0,high,high_risk_source,high,6,0,0.65125364,Dugda Dawa,This woreda is high or very-high risk for the next prediction month.
ETH:ET070217,2026-01-01,Central Ethiopia,Hadiya,Mirab Soro,0.6049222,0,high,high_risk_source,high,9,0,0.67377245,Shone Town,This woreda is high or very-high risk for the next prediction month.
ETH:ce3cb2fae401,2026-01-01,Oromia,East Harerghe,Gursum (OR),0.60482013,0,high,high_risk_source,high,16,0,0.68379,Kombolcha,This woreda is high or very-high risk for the next prediction month.
ETH:ET030504,2026-01-01,Amhara,North Shewa (AM),Moretna Jiru,0.604631,0,high,high_risk_source,high,15,0,0.66855365,Angolelana Tera,This woreda is high or very-high risk for the next prediction month.
ETH:f60cda7ee9af,2026-01-01,Amhara,C Gonder,West Belesa,0.60462934,0,high,high_risk_source,high,7,1,0.78297824,East Belesa,This woreda is high or very-high risk for the next prediction month.
ETH:a0ff5337d9f2,2026-01-01,Oromia,West Shoa,Dendi,0.60459065,0,high,high_risk_source,high,26,1,0.7930984,Cheliya,This woreda is high or very-high risk for the next prediction month.
ETH:060723462bdc,2026-01-01,Oromia,West Shoa,Ejersa Lafo,0.6045881,0,high,high_risk_source,high,26,1,0.7930984,Cheliya,This woreda is high or very-high risk for the next prediction month.
ETH:ET041700,2026-01-01,Oromia,West Arsi,Dodola Town,0.604578,0,high,high_risk_source,high,17,2,0.78760237,Siraro,This woreda is high or very-high risk for the next prediction month.
ETH:f5d5a28b82a9,2026-01-01,SNNPR,Gedeo,yerga cheff,0.60430914,0,high,high_risk_source,high,13,0,0.6789766,Chelekleketu,This woreda is high or very-high risk for the next prediction month.
ETH:21084ddedd00,2026-01-01,South West Ethiopia,Kefa,Shishoende,0.60398084,0,high,high_risk_source,high,19,0,0.6822803,Bita,This woreda is high or very-high risk for the next prediction month.
ETH:00835d54e145,2026-01-01,SNNPR,Wolayta,Damot Pulasa,0.6037523,0,high,high_risk_source,high,15,0,0.64755994,Ofa,This woreda is high or very-high risk for the next prediction month.
ETH:d78a681abbc3,2026-01-01,Amhara,West Gojjam,Gonje,0.60369366,0,high,high_risk_source,high,15,1,0.8326402,Jabi Tehnan,This woreda is high or very-high risk for the next prediction month.
ETH:ET110211,2026-01-01,South West Ethiopia,Kefa,Bonga town,0.60339504,0,high,high_risk_source,high,19,0,0.6822803,Bita,This woreda is high or very-high risk for the next prediction month.
ETH:ET040116,2026-01-01,Oromia,West Wellega,Begi,0.60325015,0,high,high_risk_source,high,19,1,0.7688439,Mendi Town,This woreda is high or very-high risk for the next prediction month.
ETH:ET041607,2026-01-01,Oromia,Buno Bedele,Borecha,0.6031665,0,high,high_risk_source,high,12,0,0.7092342,Chora (Buno Bedele),This woreda is high or very-high risk for the next prediction month.
ETH:7b760775ac4b,2026-01-01,Oromia,South West Shoa,Becho (SW Shewa),0.6030634,0,high,high_risk_source,high,11,0,0.69034,Ilu,This woreda is high or very-high risk for the next prediction month.
ETH:7b1f7124c4d7,2026-01-01,Oromia,Guji,Girja,0.60296214,0,high,high_risk_source,high,15,6,0.88357407,Adola Rede,This woreda is high or very-high risk for the next prediction month.
ETH:a663fbfe61af,2026-01-01,Oromia,South West Shoa,Sodo Daci,0.6026219,0,high,high_risk_source,high,11,0,0.69034,Ilu,This woreda is high or very-high risk for the next prediction month.
ETH:cb81d216eecc,2026-01-01,Oromia,E Harerghe,Gursum,0.6026187,0,high,high_risk_source,high,17,0,0.7248752,Chinaksen,This woreda is high or very-high risk for the next prediction month.
ETH:57db748175ab,2026-01-01,Oromia,West Shoa,Ambo Town,0.60260373,0,high,high_risk_source,high,26,1,0.7930984,Cheliya,This woreda is high or very-high risk for the next prediction month.
ETH:c84f1a7b6dd5,2026-01-01,Amhara,W Gojjam,Bahir Dar zuria,0.60250723,0,high,high_risk_source,high,14,0,0.72052395,North Achefer,This woreda is high or very-high risk for the next prediction month.
ETH:74887e37e820,2026-01-01,Central Ethiopia,Misrak Gurage,Sodo,0.6024277,0,high,high_risk_source,high,8,0,0.6500233,Meskan,This woreda is high or very-high risk for the next prediction month.
ETH:ET040115,2026-01-01,Oromia,West Wellega,Nole Kaba,0.60236436,0,high,high_risk_source,high,19,1,0.7688439,Mendi Town,This woreda is high or very-high risk for the next prediction month.
ETH:ET040817,2026-01-01,Oromia,Arsi,Munessa,0.60217464,0,high,high_risk_source,high,31,0,0.7121021,Diksis,This woreda is high or very-high risk for the next prediction month.
ETH:a5f40e1e076b,2026-01-01,SNNPR,Burji Special Woreda,Burji Special,0.6020653,0,high,high_risk_source,high,2,0,0.64300084,Burji Special Woreda,This woreda is high or very-high risk for the next prediction month.
ETH:ET040210,2026-01-01,Oromia,East Wellega,Diga,0.6020401,0,high,high_risk_source,high,18,0,0.73520285,Sibu Sire,This woreda is high or very-high risk for the next prediction month.
ETH:ET041587,2026-01-01,Oromia,West Guji,Bule hora Town,0.6019825,0,high,high_risk_source,high,8,1,0.9748116,Gelana (West Guji),This woreda is high or very-high risk for the next prediction month.
ETH:68d9f7c72f1f,2026-01-01,Oromia,W Harerghe,Oda Bultumi,0.6018733,0,high,high_risk_source,high,9,0,0.67082596,Tulo,This woreda is high or very-high risk for the next prediction month.
ETH:1c7a1930dabd,2026-01-01,Central Ethiopia,Mareko Sp woreda,Mareko,0.6014577,0,high,high_risk_source,high,1,0,0.6014577,Mareko,This woreda is high or very-high risk for the next prediction month.
ETH:26aad286671d,2026-01-01,Oromia,Bishoftu Town,Bishoftu Town,0.60090315,0,high,high_risk_source,high,1,0,0.60090315,Bishoftu Town,This woreda is high or very-high risk for the next prediction month.
ETH:d97328cf6bda,2026-01-01,Amhara,North Gonder,Debark town,0.60087115,0,high,high_risk_source,high,7,0,0.74364644,Janamora,This woreda is high or very-high risk for the next prediction month.
ETH:ET041622,2026-01-01,Oromia,Buno Bedele,Bedele Zuria,0.6007788,0,high,high_risk_source,high,12,0,0.7092342,Chora (Buno Bedele),This woreda is high or very-high risk for the next prediction month.
ETH:ET041518,2026-01-01,Oromia,West Guji,Melka Soda,0.599826,0,high,high_risk_source,high,8,1,0.9748116,Gelana (West Guji),This woreda is high or very-high risk for the next prediction month.
ETH:25b1b0c2c820,2026-01-01,Amhara,Oromiya,Dewiea Herwa,0.5997772,0,high,high_risk_source,high,14,1,0.8324774,Jilye Tumuga,This woreda is high or very-high risk for the next prediction month.
ETH:ET040821,2026-01-01,Oromia,Arsi,Lude Hitosa,0.5996074,0,high,high_risk_source,high,31,0,0.7121021,Diksis,This woreda is high or very-high risk for the next prediction month.
ETH:ET070303,2026-01-01,Central Ethiopia,Kembata,Kediada Gambela,0.5993258,0,high,high_risk_source,high,5,0,0.628476,Kacha Bira,This woreda is high or very-high risk for the next prediction month.
ETH:99a0f389aa3d,2026-01-01,Oromia,Horo Guduru,HORO,0.5992267,0,high,high_risk_source,high,16,0,0.70196134,Sulula Fincha,This woreda is high or very-high risk for the next prediction month.
ETH:9d34d3255b6b,2026-01-01,Sidama,Central Sidama,Dale,0.5992017,0,high,high_risk_source,high,6,0,0.67127925,DALE,This woreda is high or very-high risk for the next prediction month.
ETH:8b8465603975,2026-01-01,Amhara,Awi,Ayehu Guagusa,0.5990915,0,high,high_risk_source,high,16,0,0.72336924,Jawi,This woreda is high or very-high risk for the next prediction month.
ETH:00f21290ea8f,2026-01-01,Amhara,Oromiya,Artuma Fursi,0.59908074,0,high,high_risk_source,high,14,1,0.8324774,Jilye Tumuga,This woreda is high or very-high risk for the next prediction month.
ETH:ET040801,2026-01-01,Oromia,Arsi,Merti,0.59895885,0,high,high_risk_source,high,31,0,0.7121021,Diksis,This woreda is high or very-high risk for the next prediction month.
ETH:23588160e775,2026-01-01,Oromia,E Harerghe,Aweday Town,0.598924,0,high,high_risk_source,high,17,0,0.7248752,Chinaksen,This woreda is high or very-high risk for the next prediction month.
ETH:655e699f168d,2026-01-01,Oromia,Lega tafo Town,Lega tafo Town,0.59881127,0,high,high_risk_source,high,1,0,0.59881127,Lega tafo Town,This woreda is high or very-high risk for the next prediction month.
ETH:1019bffcc104,2026-01-01,Gambella,Agnua,Dimma,0.5986791,0,high,high_risk_source,high,6,0,0.65910566,Gambela Zuria,This woreda is high or very-high risk for the next prediction month.
ETH:4467eadd845a,2026-01-01,Oromia,West Harerghe,Gemechis,0.59847605,0,high,high_risk_source,high,15,0,0.70219034,Shenen Dugo ( Mesela ),This woreda is high or very-high risk for the next prediction month.
ETH:1641fba6380b,2026-01-01,Afar,Afar 1,Kori,0.5984631,0,high,high_risk_source,high,11,0,0.69969416,Ayssaita,This woreda is high or very-high risk for the next prediction month.
ETH:3ee610ade76c,2026-01-01,Oromia,Maya City,Adelle,0.59844565,0,high,high_risk_source,high,3,0,0.70594805,Awaday,This woreda is high or very-high risk for the next prediction month.
ETH:ET050204,2026-01-01,Somali,Fafan,Shabeeley,0.597713,0,high,high_risk_source,high,24,2,0.8036948,Harshin,This woreda is high or very-high risk for the next prediction month.
ETH:fdc40dfa106a,2026-01-01,Oromia,Shaggar City,Gelan Guda Sub city,0.59766656,0,high,high_risk_source,high,6,0,0.6244372,Burayu sub city,This woreda is high or very-high risk for the next prediction month.
ETH:ET060206,2026-01-01,Benishangul Gumuz,Metekel,Pawe,0.5970184,0,high,high_risk_source,high,10,0,0.73803574,Dangur,This woreda is high or very-high risk for the next prediction month.
ETH:ET050299,2026-01-01,Somali,Fafan,Harawo,0.5968417,0,high,high_risk_source,high,24,2,0.8036948,Harshin,This woreda is high or very-high risk for the next prediction month.
ETH:839eeec1e5aa,2026-01-01,Oromia,Horo Guduru,Jimma Genete,0.5968354,0,high,high_risk_source,high,16,0,0.70196134,Sulula Fincha,This woreda is high or very-high risk for the next prediction month.
ETH:2f750126184c,2026-01-01,Oromia,Finfine Zuria,Dukem,0.59677696,0,high,high_risk_source,high,9,0,0.6879993,Sebeta Hawas,This woreda is high or very-high risk for the next prediction month.
ETH:dadee1d3617b,2026-01-01,Oromia,E Shoa,Liben Chukala,0.5967697,0,high,high_risk_source,high,9,0,0.6447291,Adama Zuriya,This woreda is high or very-high risk for the next prediction month.
ETH:ET040819,2026-01-01,Oromia,Arsi,Guna,0.5965989,0,high,high_risk_source,high,31,0,0.7121021,Diksis,This woreda is high or very-high risk for the next prediction month.
ETH:0e5f00e52a11,2026-01-01,Somali,Shabele,Adadle,0.59634405,0,high,high_risk_source,high,10,0,0.74620366,Kelafo,This woreda is high or very-high risk for the next prediction month.
ETH:f630395edf74,2026-01-01,Oromia,West Harerghe,Boke,0.5960237,0,high,high_risk_source,high,15,0,0.70219034,Shenen Dugo ( Mesela ),This woreda is high or very-high risk for the next prediction month.
ETH:ET040197,2026-01-01,Oromia,West Wellega,Leta Sibu,0.59599847,0,high,high_risk_source,high,19,1,0.7688439,Mendi Town,This woreda is high or very-high risk for the next prediction month.
ETH:ET030903,2026-01-01,Amhara,Awi,Ankasha,0.5959212,0,high,high_risk_source,high,16,0,0.72336924,Jawi,This woreda is high or very-high risk for the next prediction month.
ETH:9ac8a3ce59d5,2026-01-01,Gambella,Agnua,Abobo,0.5958785,0,high,high_risk_source,high,6,0,0.65910566,Gambela Zuria,This woreda is high or very-high risk for the next prediction month.
ETH:3d6614fa521a,2026-01-01,Oromia,Sululta Town,Sululta Town,0.59561974,0,high,high_risk_source,high,1,0,0.59561974,Sululta Town,This woreda is high or very-high risk for the next prediction month.
ETH:b19067e4f01d,2026-01-01,Amhara,S Gonder,Woreta,0.5954686,0,high,high_risk_source,high,10,0,0.62539005,Sedie Muja,This woreda is high or very-high risk for the next prediction month.
ETH:c788b6107ef4,2026-01-01,Amhara,E Gojjam,Enemaye,0.5954309,0,high,high_risk_source,high,15,0,0.6851867,Awabel,This woreda is high or very-high risk for the next prediction month.
ETH:1592e4666fc6,2026-01-01,Oromia,East Bale,Raytu,0.59538436,0,high,high_risk_source,high,8,0,0.7246736,Rayitu,This woreda is high or very-high risk for the next prediction month.
ETH:ET050296,2026-01-01,Somali,Fafan,Kebribayah town,0.59523636,0,high,high_risk_source,high,24,2,0.8036948,Harshin,This woreda is high or very-high risk for the next prediction month.
ETH:8f66754bc5eb,2026-01-01,Sidama,Hawassa City,Hawela Tula,0.59509844,0,high,high_risk_source,high,2,0,0.6828083,Hawassa Town,This woreda is high or very-high risk for the next prediction month.
ETH:e3690528361f,2026-01-01,Oromia,Arsi,Limuna bilbilo,0.5950479,0,high,high_risk_source,high,31,0,0.7121021,Diksis,This woreda is high or very-high risk for the next prediction month.
ETH:d43b054435f4,2026-01-01,South West Ethiopia,Konta,Konta,0.59498054,0,high,high_risk_source,high,4,0,0.6429246,Konta Special Woreda,This woreda is high or very-high risk for the next prediction month.
ETH:e91478a5bde5,2026-01-01,Oromia,West Shoa,DANO,0.59491676,0,high,high_risk_source,high,26,1,0.7930984,Cheliya,This woreda is high or very-high risk for the next prediction month.
ETH:9fb85115c4d2,2026-01-01,Oromia,West Shoa,META ROBI,0.59488106,0,high,high_risk_source,high,26,1,0.7930984,Cheliya,This woreda is high or very-high risk for the next prediction month.
ETH:ET030307,2026-01-01,Amhara,North Wello,Guba Lafto,0.594846,0,high,high_risk_source,high,13,1,0.7784336,Bugna,This woreda is high or very-high risk for the next prediction month.
ETH:ET040109,2026-01-01,Oromia,West Wellega,Gudetu Kondole,0.5948387,0,high,high_risk_source,high,19,1,0.7688439,Mendi Town,This woreda is high or very-high risk for the next prediction month.
ETH:ET110209,2026-01-01,South West Ethiopia,Kefa,Chena,0.59477305,0,high,high_risk_source,high,19,0,0.6822803,Bita,This woreda is high or very-high risk for the next prediction month.
ETH:38df605a4e6b,2026-01-01,Oromia,South West Shoa,Dawo,0.59452236,0,high,high_risk_source,high,11,0,0.69034,Ilu,This woreda is high or very-high risk for the next prediction month.
ETH:629134d42092,2026-01-01,Somali,Korahe,Kebridahar,0.5943729,0,high,high_risk_source,high,7,0,0.74198145,Shilabo,This woreda is high or very-high risk for the next prediction month.
ETH:cf5b56a6ed9f,2026-01-01,Amhara,N Wello,Dawunit,0.59428835,0,high,high_risk_source,high,9,0,0.6674015,Woldia,This woreda is high or very-high risk for the next prediction month.
ETH:b579381be670,2026-01-01,Oromia,SW Shoa,Ilu,0.5941421,0,high,high_risk_source,high,9,0,0.64567447,Dawo,This woreda is high or very-high risk for the next prediction month.
ETH:d2883f9ad1c9,2026-01-01,Central Ethiopia,Silite,Misrak Azenet Berbere,0.59384054,0,high,high_risk_source,high,8,0,0.6685696,Tora town,This woreda is high or very-high risk for the next prediction month.
ETH:85d1da1f826b,2026-01-01,Sidama,Sidama,Hulla,0.5937977,0,high,high_risk_source,high,36,0,0.7085871,Aleta Chuko,This woreda is high or very-high risk for the next prediction month.
ETH:f8291c0189d1,2026-01-01,Somali,Dawa,Mubarak,0.593749,0,high,high_risk_source,high,4,0,0.6579683,Moyale (SM),This woreda is high or very-high risk for the next prediction month.
ETH:cfba6a7244e5,2026-01-01,Oromia,East Harerghe,META,0.5936816,0,high,high_risk_source,high,16,0,0.68379,Kombolcha,This woreda is high or very-high risk for the next prediction month.
ETH:798bba5f6493,2026-01-01,Sidama,Central Sidama,Arbegona,0.5934445,0,high,high_risk_source,high,6,0,0.67127925,DALE,This woreda is high or very-high risk for the next prediction month.
ETH:38d7a920cc0b,2026-01-01,Hareri,Jinela,Jinela,0.59325314,0,high,high_risk_source,high,1,0,0.59325314,Jinela,This woreda is high or very-high risk for the next prediction month.
ETH:5499429828d2,2026-01-01,Amhara,Wag Himra,Gaz Gibla,0.5931655,0,high,high_risk_source,high,10,0,0.7318248,Dehana,This woreda is high or very-high risk for the next prediction month.
ETH:3c96eb39510b,2026-01-01,Oromia,N Shoa,Abichuna Gnea,0.5929669,0,high,high_risk_source,high,10,0,0.6684717,Deraa,This woreda is high or very-high risk for the next prediction month.
ETH:bc2bdbb8bf20,2026-01-01,Afar,Afar 1,Mile,0.59271073,0,high,high_risk_source,high,11,0,0.69969416,Ayssaita,This woreda is high or very-high risk for the next prediction month.
ETH:ET040297,2026-01-01,Oromia,East Wellega,Nekemte town,0.5921505,0,high,high_risk_source,high,18,0,0.73520285,Sibu Sire,This woreda is high or very-high risk for the next prediction month.
ETH:b586a340383f,2026-01-01,Oromia,SW Shoa,Weliso,0.59170425,0,high,high_risk_source,high,9,0,0.64567447,Dawo,This woreda is high or very-high risk for the next prediction month.
ETH:a6605f6eaaae,2026-01-01,Amhara,North Gojjam,Gonji Kolela,0.5915332,0,high,high_risk_source,high,5,1,0.76734734,South Achefer,This woreda is high or very-high risk for the next prediction month.
ETH:fccb0fff4d22,2026-01-01,SNNPR,Hadiya,Shahsego,0.5914527,0,high,high_risk_source,high,14,0,0.6571618,Lemo,This woreda is high or very-high risk for the next prediction month.
ETH:ET041016,2026-01-01,Oromia,East Hararge,Girawa,0.5913884,0,high,high_risk_source,high,10,0,0.63340354,Meyu Muleke,This woreda is high or very-high risk for the next prediction month.
ETH:b46e81d05101,2026-01-01,SNNPR,Gamo,Kemba,0.5913301,0,high,high_risk_source,high,17,0,0.6436656,Kemba Town Admin,This woreda is high or very-high risk for the next prediction month.
ETH:847b3f7bdad3,2026-01-01,Amhara,S Gonder,Libo kemkem,0.59127724,0,high,high_risk_source,high,10,0,0.62539005,Sedie Muja,This woreda is high or very-high risk for the next prediction month.
ETH:3c94f7cd1e2b,2026-01-01,Amhara,C Gonder,Gondar Zuriya,0.5912745,0,high,high_risk_source,high,7,1,0.78297824,East Belesa,This woreda is high or very-high risk for the next prediction month.
ETH:a60baa6f483f,2026-01-01,Amhara,North Gojjam,Yilmana Densa,0.5912302,0,high,high_risk_source,high,5,1,0.76734734,South Achefer,This woreda is high or very-high risk for the next prediction month.
ETH:4942954827f6,2026-01-01,Oromia,N Shoa,Were Jarso,0.5909763,0,high,high_risk_source,high,10,0,0.6684717,Deraa,This woreda is high or very-high risk for the next prediction month.
ETH:ET040114,2026-01-01,Oromia,West Wellega,Haru,0.5908567,0,high,high_risk_source,high,19,1,0.7688439,Mendi Town,This woreda is high or very-high risk for the next prediction month.
ETH:71b048b55e53,2026-01-01,Oromia,E Harerghe,Fedis,0.5907103,0,high,high_risk_source,high,17,0,0.7248752,Chinaksen,This woreda is high or very-high risk for the next prediction month.
ETH:f1a9f1d56300,2026-01-01,Oromia,East Harerghe,KOMBOLCHA,0.59057796,0,high,high_risk_source,high,16,0,0.68379,Kombolcha,This woreda is high or very-high risk for the next prediction month.
ETH:3457328694e5,2026-01-01,Somali,Jarar,Dagah Madow,0.5904491,0,high,high_risk_source,high,15,1,0.77285266,Gashamo,This woreda is high or very-high risk for the next prediction month.
ETH:ET041408,2026-01-01,Oromia,GUJI,Dama,0.5904257,0,high,high_risk_source,high,3,0,0.71213704,Odo Shakiso,This woreda is high or very-high risk for the next prediction month.
ETH:63ffd8a5f31d,2026-01-01,Amhara,WTSH,Kafta Humera (AM),0.59035134,0,high,high_risk_source,high,3,0,0.63861597,Setit Humera,This woreda is high or very-high risk for the next prediction month.
ETH:1f907931a548,2026-01-01,Amhara,N Wello,Bugna,0.59026253,0,high,high_risk_source,high,9,0,0.6674015,Woldia,This woreda is high or very-high risk for the next prediction month.
ETH:ET040310,2026-01-01,Oromia,Ilu Aba Bora,Metu Zuria,0.5902511,0,high,high_risk_source,high,17,0,0.6933313,Darimu,This woreda is high or very-high risk for the next prediction month.
ETH:66d9fb9101e7,2026-01-01,Somali,Siti,Hadigale,0.59024596,0,high,high_risk_source,high,10,0,0.719128,Dembel,This woreda is high or very-high risk for the next prediction month.
ETH:5aeffb1149d5,2026-01-01,Oromia,East Harerghe,Goro Muti,0.59017634,0,high,high_risk_source,high,16,0,0.68379,Kombolcha,This woreda is high or very-high risk for the next prediction month.
ETH:f95da3eafebf,2026-01-01,Oromia,West Arsi,Shashemene Zuria,0.5897262,0,high,high_risk_source,high,17,2,0.78760237,Siraro,This woreda is high or very-high risk for the next prediction month.
ETH:060537a639be,2026-01-01,SNNPR,Wolayta,Bayera Koisha,0.5892345,0,high,high_risk_source,high,15,0,0.64755994,Ofa,This woreda is high or very-high risk for the next prediction month.
ETH:d719787385ca,2026-01-01,Sidama,Sidama,Wondo-Genet town,0.5888713,0,high,high_risk_source,high,36,0,0.7085871,Aleta Chuko,This woreda is high or very-high risk for the next prediction month.
ETH:bfcd05d49391,2026-01-01,Amhara,S Wello,Kutaber,0.5888631,0,high,high_risk_source,high,4,0,0.5888631,Kutaber,This woreda is high or very-high risk for the next prediction month.
ETH:75781b8a4203,2026-01-01,Oromia,West Shoa,Ejere /Addis Alem,0.5885209,0,high,high_risk_source,high,26,1,0.7930984,Cheliya,This woreda is high or very-high risk for the next prediction month.
ETH:ET070302,2026-01-01,Central Ethiopia,Kembata,ANGACHA,0.5883019,0,high,high_risk_source,high,5,0,0.628476,Kacha Bira,This woreda is high or very-high risk for the next prediction month.
ETH:02fbf4fc6b07,2026-01-01,SNNPR,Gedeo,Kochere,0.58827704,0,high,high_risk_source,high,13,0,0.6789766,Chelekleketu,This woreda is high or very-high risk for the next prediction month.
ETH:aa3f72ef7e30,2026-01-01,SNNPR,Gamo,Garda Martha,0.5881013,0,high,high_risk_source,high,17,0,0.6436656,Kemba Town Admin,This woreda is high or very-high risk for the next prediction month.
ETH:ET042106,2026-01-01,Oromia,East Bale,Dawe Ketchen,0.58774596,0,high,high_risk_source,high,8,0,0.7246736,Rayitu,This woreda is high or very-high risk for the next prediction month.
ETH:83d05295b3ce,2026-01-01,Amhara,S Gonder,Dera,0.58762527,0,high,high_risk_source,high,10,0,0.62539005,Sedie Muja,This woreda is high or very-high risk for the next prediction month.
ETH:200266da2326,2026-01-01,Oromia,Horo Guduru,Amuru,0.5876019,0,high,high_risk_source,high,16,0,0.70196134,Sulula Fincha,This woreda is high or very-high risk for the next prediction month.
ETH:0eb367053831,2026-01-01,Amhara,S Gonder,Farta,0.5873875,0,high,high_risk_source,high,10,0,0.62539005,Sedie Muja,This woreda is high or very-high risk for the next prediction month.
ETH:ET110307,2026-01-01,South West Ethiopia,Bench Sheko,Mizan Aman town,0.5873159,0,high,high_risk_source,high,10,0,0.70445174,Gurafereda,This woreda is high or very-high risk for the next prediction month.
ETH:776d47f0b10e,2026-01-01,Amhara,Oromiya,Dewa chefa,0.5873056,0,high,high_risk_source,high,14,1,0.8324774,Jilye Tumuga,This woreda is high or very-high risk for the next prediction month.
ETH:180a0343374e,2026-01-01,Amhara,Debre Tabor town,Debre Tabor town,0.5872969,0,high,high_risk_source,high,1,0,0.5872969,Debre Tabor town,This woreda is high or very-high risk for the next prediction month.
ETH:d04bda405f69,2026-01-01,Amhara,E Gojjam,Enebse Sar Midir,0.58709836,0,high,high_risk_source,high,15,0,0.6851867,Awabel,This woreda is high or very-high risk for the next prediction month.
ETH:c3682f5def7b,2026-01-01,Somali,Jarar,Dagah Bur City,0.5869021,0,high,high_risk_source,high,15,1,0.77285266,Gashamo,This woreda is high or very-high risk for the next prediction month.
ETH:c765d0d5032e,2026-01-01,Afar,Afar 2,Bidu,0.5866736,0,high,high_risk_source,high,5,0,0.69612896,Abaala,This woreda is high or very-high risk for the next prediction month.
ETH:2ab0123751e2,2026-01-01,Oromia,W Harerghe,Mieso,0.58649635,0,high,high_risk_source,high,9,0,0.67082596,Tulo,This woreda is high or very-high risk for the next prediction month.
ETH:ET041305,2026-01-01,Oromia,South West Shewa,Ilu,0.5864828,0,high,high_risk_source,high,8,0,0.5864828,Ilu,This woreda is high or very-high risk for the next prediction month.
ETH:ET110308,2026-01-01,South West Ethiopia,Bench Sheko,Size town,0.5855504,0,high,high_risk_source,high,10,0,0.70445174,Gurafereda,This woreda is high or very-high risk for the next prediction month.
ETH:3bde1b336af5,2026-01-01,Amhara,Waghimra,Sahila,0.5854334,0,high,high_risk_source,high,8,0,0.69610274,Gaz Gibla,This woreda is high or very-high risk for the next prediction month.
ETH:28e6338c19d8,2026-01-01,Oromia,East Shoa,Liben Chukala,0.5852019,0,high,high_risk_source,high,16,1,0.7663057,Adama,This woreda is high or very-high risk for the next prediction month.
ETH:93113c853960,2026-01-01,Oromia,Arsi,Gololcha,0.5851695,0,high,high_risk_source,high,31,0,0.7121021,Diksis,This woreda is high or very-high risk for the next prediction month.
ETH:116ba77de2c2,2026-01-01,SNNPR,Gamo,Boreda,0.58500344,0,high,high_risk_source,high,17,0,0.6436656,Kemba Town Admin,This woreda is high or very-high risk for the next prediction month.
ETH:0dd798ea213e,2026-01-01,Sidama,Southern Sidama,Dara Otilcho,0.5846849,0,high,high_risk_source,high,11,0,0.6876911,Aleta Chuko,This woreda is high or very-high risk for the next prediction month.
ETH:ce2f4b53cf68,2026-01-01,Oromia,West Shoa,Liban Jawi,0.5846688,0,high,high_risk_source,high,26,1,0.7930984,Cheliya,This woreda is high or very-high risk for the next prediction month.
ETH:ET071403,2026-01-01,Central Ethiopia,Halaba,Atote Ulo,0.5845229,0,high,high_risk_source,high,4,0,0.6251976,Halaba Kulito town,This woreda is high or very-high risk for the next prediction month.
ETH:ET041314,2026-01-01,Oromia,South West Shewa,Sodo Daci,0.58428144,0,high,high_risk_source,high,8,0,0.5864828,Ilu,This woreda is high or very-high risk for the next prediction month.
ETH:6147def4365f,2026-01-01,Amhara,South Gonder,Ebenat,0.5841589,0,high,high_risk_source,high,16,1,0.7791149,Woreta town,This woreda is high or very-high risk for the next prediction month.
ETH:ET041709,2026-01-01,Oromia,West Arsi,Nenesebo,0.5837579,0,high,high_risk_source,high,17,2,0.78760237,Siraro,This woreda is high or very-high risk for the next prediction month.
ETH:45b6cbf71bb8,2026-01-01,Hareri,Hakim,Hakim,0.5836782,0,high,high_risk_source,high,1,0,0.5836782,Hakim,This woreda is high or very-high risk for the next prediction month.
ETH:92606726fd6d,2026-01-01,Amhara,W Gojjam,Mecha North,0.5836268,0,high,high_risk_source,high,14,0,0.72052395,North Achefer,This woreda is high or very-high risk for the next prediction month.
ETH:ET110201,2026-01-01,South West Ethiopia,Kefa,Saylem,0.58322304,0,high,high_risk_source,high,19,0,0.6822803,Bita,This woreda is high or very-high risk for the next prediction month.
ETH:ET110213,2026-01-01,South West Ethiopia,Kefa,Shisho Ande,0.5830661,0,high,high_risk_source,high,19,0,0.6822803,Bita,This woreda is high or very-high risk for the next prediction month.
ETH:c334a2b76947,2026-01-01,Benishangul Gumuz,Asossa,MENGE,0.5830299,0,high,high_risk_source,high,9,0,0.6553635,Bilidigilu,This woreda is high or very-high risk for the next prediction month.
ETH:99a2d34ff2c6,2026-01-01,Afar,Afar 3,Arguba,0.5827765,0,high,high_risk_source,high,7,0,0.6939091,Awash town,This woreda is high or very-high risk for the next prediction month.
ETH:516a921bc298,2026-01-01,Amhara,West Gojjam,Finote Selam town,0.5822797,0,high,high_risk_source,high,15,1,0.8326402,Jabi Tehnan,This woreda is high or very-high risk for the next prediction month.
ETH:ET070310,2026-01-01,Central Ethiopia,Kembata,Shinshincho town,0.5818533,0,high,high_risk_source,high,5,0,0.628476,Kacha Bira,This woreda is high or very-high risk for the next prediction month.
ETH:a7ba20828c4a,2026-01-01,Oromia,Burayu Town,Burayu Town,0.5818311,0,high,high_risk_source,high,1,0,0.5818311,Burayu Town,This woreda is high or very-high risk for the next prediction month.
ETH:44dcc71fc099,2026-01-01,Gambella,Gambela Town,Gambela town,0.58176935,0,high,high_risk_source,high,1,0,0.58176935,Gambela town,This woreda is high or very-high risk for the next prediction month.
ETH:1cf2033e814e,2026-01-01,Oromia,West Shoa,Ginde Beret,0.58147144,0,high,high_risk_source,high,26,1,0.7930984,Cheliya,This woreda is high or very-high risk for the next prediction month.
ETH:2b5df669f0a7,2026-01-01,Sidama,Sidama,Arbegona,0.5813528,0,high,high_risk_source,high,36,0,0.7085871,Aleta Chuko,This woreda is high or very-high risk for the next prediction month.
ETH:839bb5a9c22f,2026-01-01,Sidama,Sidama,Bilate Zuria,0.5811686,0,high,high_risk_source,high,36,0,0.7085871,Aleta Chuko,This woreda is high or very-high risk for the next prediction month.
ETH:3e63a5f8739f,2026-01-01,Sidama,Northern Sidama,Gorche,0.5809903,0,high,high_risk_source,high,11,0,0.7484374,Borricha,This woreda is high or very-high risk for the next prediction month.
ETH:049522f7d416,2026-01-01,Oromia,East Harerghe,Girawa,0.5808865,0,high,high_risk_source,high,16,0,0.68379,Kombolcha,This woreda is high or very-high risk for the next prediction month.
ETH:dd470e4ef0a8,2026-01-01,Oromia,Jimma,Omonada,0.5808599,0,high,high_risk_source,high,25,0,0.6989568,Limu Seka,This woreda is high or very-high risk for the next prediction month.
ETH:4d83c73a2814,2026-01-01,Amhara,West Gojjam,Quarit,0.5808175,0,high,high_risk_source,high,15,1,0.8326402,Jabi Tehnan,This woreda is high or very-high risk for the next prediction month.
ETH:7678281dc3fa,2026-01-01,Oromia,East Harerghe,Babile (OR),0.5807938,0,high,high_risk_source,high,16,0,0.68379,Kombolcha,This woreda is high or very-high risk for the next prediction month.
ETH:c8b6b54c8ac8,2026-01-01,Oromia,N Shoa,Hidabu Abote,0.5793508,0,high,high_risk_source,high,10,0,0.6684717,Deraa,This woreda is high or very-high risk for the next prediction month.
ETH:b1c690462010,2026-01-01,Amhara,N Wello,Angot,0.5793006,0,high,high_risk_source,high,9,0,0.6674015,Woldia,This woreda is high or very-high risk for the next prediction month.
ETH:ET070312,2026-01-01,Central Ethiopia,Kembata,Hadero town,0.57919455,0,high,high_risk_source,high,5,0,0.628476,Kacha Bira,This woreda is high or very-high risk for the next prediction month.
ETH:82250ccdd1e7,2026-01-01,Dire Dawa,Jeldessa,Jeldessa,0.5791833,0,high,high_risk_source,high,1,0,0.5791833,Jeldessa,This woreda is high or very-high risk for the next prediction month.
ETH:f63bb6fda093,2026-01-01,SNNPR,Hadiya,West Badewacho,0.5791413,0,high,high_risk_source,high,14,0,0.6571618,Lemo,This woreda is high or very-high risk for the next prediction month.
ETH:315a1124b0c8,2026-01-01,Oromia,West Shoa,Meta Robi,0.5788142,0,high,high_risk_source,high,26,1,0.7930984,Cheliya,This woreda is high or very-high risk for the next prediction month.
ETH:49ed68e695d0,2026-01-01,Oromia,Borena,Dillo,0.5787796,0,high,high_risk_source,high,17,2,0.76752776,Teltale,This woreda is high or very-high risk for the next prediction month.
ETH:0067874dbb68,2026-01-01,Oromia,Bale,Goro,0.5782443,0,high,high_risk_source,high,18,2,0.98416394,Goro (Bale),This woreda is high or very-high risk for the next prediction month.
ETH:30373b7e7a0c,2026-01-01,Sidama,Northern Sidama,Bursa,0.5781166,0,high,high_risk_source,high,11,0,0.7484374,Borricha,This woreda is high or very-high risk for the next prediction month.
ETH:572419e4f131,2026-01-01,Sidama,Sidama,Darara,0.5779606,0,high,high_risk_source,high,36,0,0.7085871,Aleta Chuko,This woreda is high or very-high risk for the next prediction month.
ETH:69b831079349,2026-01-01,Oromia,South West Shoa,Sebeta Hawas,0.5775365,0,high,high_risk_source,high,11,0,0.69034,Ilu,This woreda is high or very-high risk for the next prediction month.
ETH:f3bcabbee2fd,2026-01-01,Oromia,Buno Bedele,Chora,0.5773697,0,high,high_risk_source,high,12,0,0.7092342,Chora (Buno Bedele),This woreda is high or very-high risk for the next prediction month.
ETH:ET040418,2026-01-01,Oromia,Jimma,Jimma town,0.5770766,0,high,high_risk_source,high,25,0,0.6989568,Limu Seka,This woreda is high or very-high risk for the next prediction month.
ETH:629e95a2b892,2026-01-01,Oromia,E Harerghe,Meyu Muleke,0.57703406,0,high,high_risk_source,high,17,0,0.7248752,Chinaksen,This woreda is high or very-high risk for the next prediction month.
ETH:3891c60fd61c,2026-01-01,SNNPR,Wolayta,Tebela town,0.57669836,0,high,high_risk_source,high,15,0,0.64755994,Ofa,This woreda is high or very-high risk for the next prediction month.
ETH:f47ba16be39e,2026-01-01,Benishangul Gumuz,Asossa,Bambasi,0.5766028,0,high,high_risk_source,high,9,0,0.6553635,Bilidigilu,This woreda is high or very-high risk for the next prediction month.
ETH:377c49d4b2d8,2026-01-01,Oromia,Ilu Aba Bora,Alee,0.5765651,0,high,high_risk_source,high,17,0,0.6933313,Darimu,This woreda is high or very-high risk for the next prediction month.
ETH:8826e404451c,2026-01-01,Oromia,SW Shoa,Becho,0.57646066,0,high,high_risk_source,high,9,0,0.64567447,Dawo,This woreda is high or very-high risk for the next prediction month.
ETH:f9622e6e8905,2026-01-01,SNNPR,Amaro Special Woreda,Amaro Special Woreda,0.57628703,0,high,high_risk_source,high,1,0,0.57628703,Amaro Special Woreda,This woreda is high or very-high risk for the next prediction month.
ETH:41c84523b89d,2026-01-01,Benishangul Gumuz,Asossa,Abramo,0.575807,0,high,high_risk_source,high,9,0,0.6553635,Bilidigilu,This woreda is high or very-high risk for the next prediction month.
ETH:ab7d3f446920,2026-01-01,SNNPR,Halaba,Weeraa Dijjoo,0.5757895,0,high,high_risk_source,high,1,0,0.5757895,Weeraa Dijjoo,This woreda is high or very-high risk for the next prediction month.
ETH:c89c3e65cdf2,2026-01-01,Amhara,E Gojjam,Dejen,0.57522285,0,high,high_risk_source,high,15,0,0.6851867,Awabel,This woreda is high or very-high risk for the next prediction month.
ETH:e12b13432982,2026-01-01,Central Ethiopia,Silite,Mierab Azenet Berbere,0.5752196,0,high,high_risk_source,high,8,0,0.6685696,Tora town,This woreda is high or very-high risk for the next prediction month.
ETH:fc5a3ec16024,2026-01-01,Oromia,Finfine Zuria,Welmera,0.57512146,0,high,high_risk_source,high,9,0,0.6879993,Sebeta Hawas,This woreda is high or very-high risk for the next prediction month.
ETH:ET040201,2026-01-01,Oromia,East Wellega,Limu (OR),0.57508814,0,high,high_risk_source,high,18,0,0.73520285,Sibu Sire,This woreda is high or very-high risk for the next prediction month.
ETH:78faa85cee4d,2026-01-01,Oromia,W Harerghe,Habro,0.5746941,0,high,high_risk_source,high,9,0,0.67082596,Tulo,This woreda is high or very-high risk for the next prediction month.
ETH:90274b7de866,2026-01-01,Sidama,Sidama,Chire,0.5746045,0,high,high_risk_source,high,36,0,0.7085871,Aleta Chuko,This woreda is high or very-high risk for the next prediction month.
ETH:8229c7564979,2026-01-01,Oromia,Arsi,Enkelo wabe,0.5745588,0,high,high_risk_source,high,31,0,0.7121021,Diksis,This woreda is high or very-high risk for the next prediction month.
ETH:9fd229fd0b4f,2026-01-01,Sidama,Sidama,Bura,0.5741523,0,high,high_risk_source,high,36,0,0.7085871,Aleta Chuko,This woreda is high or very-high risk for the next prediction month.
ETH:697ec0ca389d,2026-01-01,SNNPR,Gedeo,Wonago,0.5740952,0,high,high_risk_source,high,13,0,0.6789766,Chelekleketu,This woreda is high or very-high risk for the next prediction month.
ETH:dbc05fa667f0,2026-01-01,Oromia,East Shoa,Modjo Town,0.5740497,0,high,high_risk_source,high,16,1,0.7663057,Adama,This woreda is high or very-high risk for the next prediction month.
ETH:6e3d28af6ebe,2026-01-01,Amhara,Western Tigray,Tsegede (TG),0.5739516,0,high,high_risk_source,high,2,0,0.64105684,Awra (TG),This woreda is high or very-high risk for the next prediction month.
ETH:89a01ede26be,2026-01-01,Dire Dawa,Legehare,Legehare,0.57383657,0,high,high_risk_source,high,1,0,0.57383657,Legehare,This woreda is high or very-high risk for the next prediction month.
ETH:ET110509,2026-01-01,South West Ethiopia,West Omo,Bachuma Town,0.5735736,0,high,high_risk_source,high,8,0,0.6910518,Maji,This woreda is high or very-high risk for the next prediction month.
ETH:ET070216,2026-01-01,Central Ethiopia,Hadiya,Siraro Badawacho,0.573472,0,high,high_risk_source,high,9,0,0.67377245,Shone Town,This woreda is high or very-high risk for the next prediction month.
ETH:8ff98b9a0513,2026-01-01,Oromia,Borena,moyale,0.5734362,0,high,high_risk_source,high,17,2,0.76752776,Teltale,This woreda is high or very-high risk for the next prediction month.
ETH:c8c926f24714,2026-01-01,Oromia,Sendafa Town,Sendafa Bake Town,0.57337755,0,high,high_risk_source,high,1,0,0.57337755,Sendafa Bake Town,This woreda is high or very-high risk for the next prediction month.
ETH:0721bea79d46,2026-01-01,Oromia,E Shoa,Dugda,0.5732377,0,high,high_risk_source,high,9,0,0.6447291,Adama Zuriya,This woreda is high or very-high risk for the next prediction month.
ETH:38a80884db3a,2026-01-01,Oromia,Jimma,Guma,0.5731976,0,high,high_risk_source,high,25,0,0.6989568,Limu Seka,This woreda is high or very-high risk for the next prediction month.
ETH:5ceb017e688c,2026-01-01,Sidama,Sidama,Hula,0.573189,0,high,high_risk_source,high,36,0,0.7085871,Aleta Chuko,This woreda is high or very-high risk for the next prediction month.
ETH:488c062ef71d,2026-01-01,Sidama,Sidama,Hawasa town,0.5727985,0,high,high_risk_source,high,36,0,0.7085871,Aleta Chuko,This woreda is high or very-high risk for the next prediction month.
ETH:ET040820,2026-01-01,Oromia,Arsi,Sire,0.5727174,0,high,high_risk_source,high,31,0,0.7121021,Diksis,This woreda is high or very-high risk for the next prediction month.
ETH:ET110503,2026-01-01,South West Ethiopia,West Omo,Gori Gesha,0.5726928,0,high,high_risk_source,high,8,0,0.6910518,Maji,This woreda is high or very-high risk for the next prediction month.
ETH:0b4530da066b,2026-01-01,Afar,Afar 1,Samara Logiya CA,0.57240385,0,high,high_risk_source,high,11,0,0.69969416,Ayssaita,This woreda is high or very-high risk for the next prediction month.
ETH:a61e756c18ca,2026-01-01,South West Ethiopia,Kefa,Tello,0.57225037,0,high,high_risk_source,high,19,0,0.6822803,Bita,This woreda is high or very-high risk for the next prediction month.
ETH:70136669f1e7,2026-01-01,Oromia,Jimma town,Jimma town,0.5721973,0,high,high_risk_source,high,1,0,0.5721973,Jimma town,This woreda is high or very-high risk for the next prediction month.
ETH:ET040414,2026-01-01,Oromia,Jimma,Shebe Sambo,0.572142,0,high,high_risk_source,high,25,0,0.6989568,Limu Seka,This woreda is high or very-high risk for the next prediction month.
ETH:ET041799,2026-01-01,Oromia,West Arsi,Arsi Negele town,0.57193387,0,high,high_risk_source,high,17,2,0.78760237,Siraro,This woreda is high or very-high risk for the next prediction month.
ETH:ba22c1f50fa3,2026-01-01,Amhara,N Shewa,Efrat Gidm,0.5718766,0,high,high_risk_source,high,12,0,0.61323196,Mojana wedra,This woreda is high or very-high risk for the next prediction month.
ETH:a919422b68cd,2026-01-01,SNNPR,Hadiya,Gibe,0.5718339,0,high,high_risk_source,high,14,0,0.6571618,Lemo,This woreda is high or very-high risk for the next prediction month.
ETH:ET030905,2026-01-01,Amhara,Awi,Fagta Lakoma,0.5716231,0,high,high_risk_source,high,16,0,0.72336924,Jawi,This woreda is high or very-high risk for the next prediction month.
ETH:42b8a9e9c426,2026-01-01,Afar,Afar 1,Mille,0.5714032,0,high,high_risk_source,high,11,0,0.69969416,Ayssaita,This woreda is high or very-high risk for the next prediction month.
ETH:ET110105,2026-01-01,South West Ethiopia,Sheka,Masha Town,0.5712818,0,high,high_risk_source,high,5,1,0.82484925,Tepi,This woreda is high or very-high risk for the next prediction month.
ETH:6ef9d323794d,2026-01-01,Oromia,Arsi,Ticho,0.5712117,0,high,high_risk_source,high,31,0,0.7121021,Diksis,This woreda is high or very-high risk for the next prediction month.
ETH:564022d53495,2026-01-01,Dire Dawa,Gende Kore,Gende Kore,0.57096195,0,high,high_risk_source,high,1,0,0.57096195,Gende Kore,This woreda is high or very-high risk for the next prediction month.
ETH:55cf87c33765,2026-01-01,Amhara,N Wello,Habru,0.57087857,0,high,high_risk_source,high,9,0,0.6674015,Woldia,This woreda is high or very-high risk for the next prediction month.
ETH:ET030502,2026-01-01,Amhara,North Shewa (AM),Merhabete,0.5708598,0,high,high_risk_source,high,15,0,0.66855365,Angolelana Tera,This woreda is high or very-high risk for the next prediction month.
ETH:b1a0b286d701,2026-01-01,Amhara,West Gojjam,Awabel,0.5707812,0,high,high_risk_source,high,15,1,0.8326402,Jabi Tehnan,This woreda is high or very-high risk for the next prediction month.
ETH:e8a641ae150c,2026-01-01,Oromia,South West Shoa,Goro (SW Shewa),0.5706721,0,high,high_risk_source,high,11,0,0.69034,Ilu,This woreda is high or very-high risk for the next prediction month.
ETH:0b56d949c59d,2026-01-01,SNNPR,Wolayta,Boloso Bonibe,0.5703748,0,high,high_risk_source,high,15,0,0.64755994,Ofa,This woreda is high or very-high risk for the next prediction month.
ETH:c8ba3678bc08,2026-01-01,Oromia,Horo Guduru,Jardga Jarte,0.5702589,0,high,high_risk_source,high,16,0,0.70196134,Sulula Fincha,This woreda is high or very-high risk for the next prediction month.
ETH:eb6e339eaff5,2026-01-01,Central Ethiopia,Halaba,Wera Dijo,0.570151,0,high,high_risk_source,high,4,0,0.6251976,Halaba Kulito town,This woreda is high or very-high risk for the next prediction month.
ETH:293a3af3af9a,2026-01-01,Oromia,West Harerghe,Chiro Town,0.5701175,0,high,high_risk_source,high,15,0,0.70219034,Shenen Dugo ( Mesela ),This woreda is high or very-high risk for the next prediction month.
ETH:8853b5d2416d,2026-01-01,Amhara,S Gonder,Estie,0.57003415,0,high,high_risk_source,high,10,0,0.62539005,Sedie Muja,This woreda is high or very-high risk for the next prediction month.
ETH:59fe7bcc36c8,2026-01-01,Sidama,Sidama,Teticha,0.5696616,0,high,high_risk_source,high,36,0,0.7085871,Aleta Chuko,This woreda is high or very-high risk for the next prediction month.
ETH:3f1b565159c7,2026-01-01,Oromia,E Shoa,Methara Town,0.56961375,0,high,high_risk_source,high,9,0,0.6447291,Adama Zuriya,This woreda is high or very-high risk for the next prediction month.
ETH:230bb315dc4d,2026-01-01,SNNPR,Gedeo,Wenago,0.5695023,0,high,high_risk_source,high,13,0,0.6789766,Chelekleketu,This woreda is high or very-high risk for the next prediction month.
ETH:1f5487df8bac,2026-01-01,Oromia,E Harerghe,Meta,0.5694415,0,high,high_risk_source,high,17,0,0.7248752,Chinaksen,This woreda is high or very-high risk for the next prediction month.
ETH:e232bea45b8e,2026-01-01,Amhara,Dessie town,Dessie town,0.5692282,0,high,high_risk_source,high,1,0,0.5692282,Dessie town,This woreda is high or very-high risk for the next prediction month.
ETH:6484f791df84,2026-01-01,SNNPR,Kefa,Cheta,0.5691021,0,high,high_risk_source,high,5,0,0.6788345,Bonga,This woreda is high or very-high risk for the next prediction month.
ETH:b716bfe80aa8,2026-01-01,SNNPR,Wolayta,Damot Sore,0.56869245,0,high,high_risk_source,high,15,0,0.64755994,Ofa,This woreda is high or very-high risk for the next prediction month.
ETH:108cfd2f2938,2026-01-01,SNNPR,Kefa,Gimbo,0.5686655,0,high,high_risk_source,high,5,0,0.6788345,Bonga,This woreda is high or very-high risk for the next prediction month.
ETH:03a9b3e05c71,2026-01-01,Central Ethiopia,Yem,Yem,0.56865925,0,high,high_risk_source,high,1,0,0.56865925,Yem,This woreda is high or very-high risk for the next prediction month.
ETH:b8df5c090716,2026-01-01,South West Ethiopia,Dawro,Gena,0.5686114,0,high,high_risk_source,high,12,0,0.7287616,Disa,This woreda is high or very-high risk for the next prediction month.
ETH:06e25e8753ae,2026-01-01,Sidama,Sidama,Hawela,0.5685217,0,high,high_risk_source,high,36,0,0.7085871,Aleta Chuko,This woreda is high or very-high risk for the next prediction month.
ETH:f88dfeaeb240,2026-01-01,Hareri,Hareri,Sofi,0.568203,0,high,high_risk_source,high,8,0,0.6352051,Dire Teyara,This woreda is high or very-high risk for the next prediction month.
ETH:5854872f09c1,2026-01-01,Amhara,Wag Himra,Sekota Town,0.5681027,0,high,high_risk_source,high,10,0,0.7318248,Dehana,This woreda is high or very-high risk for the next prediction month.
ETH:74eb86a31f3d,2026-01-01,SNNPR,Hadiya,Ameka,0.56802505,0,high,high_risk_source,high,14,0,0.6571618,Lemo,This woreda is high or very-high risk for the next prediction month.
ETH:1807c0aced50,2026-01-01,Oromia,SW Shoa,Goroo,0.567937,0,high,high_risk_source,high,9,0,0.64567447,Dawo,This woreda is high or very-high risk for the next prediction month.
ETH:066a27da655d,2026-01-01,Oromia,E Shoa,Lomme,0.567675,0,high,high_risk_source,high,9,0,0.6447291,Adama Zuriya,This woreda is high or very-high risk for the next prediction month.
ETH:581887d0b5b9,2026-01-01,Oromia,East Shoa,Meki Town,0.56764585,0,high,high_risk_source,high,16,1,0.7663057,Adama,This woreda is high or very-high risk for the next prediction month.
ETH:0a878c6c3d62,2026-01-01,Oromia,SW Shoa,Seden Sodo,0.56746674,0,high,high_risk_source,high,9,0,0.64567447,Dawo,This woreda is high or very-high risk for the next prediction month.
ETH:702981ce2824,2026-01-01,SNNPR,Gamo,Kameba,0.56710464,0,high,high_risk_source,high,17,0,0.6436656,Kemba Town Admin,This woreda is high or very-high risk for the next prediction month.
ETH:832067b4a021,2026-01-01,Sidama,Eastern Sidama,Aroressa,0.56702983,0,high,high_risk_source,high,10,0,0.72097254,Hoko,This woreda is high or very-high risk for the next prediction month.
ETH:f167b4cf32a3,2026-01-01,Oromia,Batu Town,Batu Town,0.56699294,0,high,high_risk_source,high,1,0,0.56699294,Batu Town,This woreda is high or very-high risk for the next prediction month.
ETH:f7f633e4304c,2026-01-01,SNNPR,Gedeo,Dilla Zuria,0.56673723,0,high,high_risk_source,high,13,0,0.6789766,Chelekleketu,This woreda is high or very-high risk for the next prediction month.
ETH:5397fad4db5d,2026-01-01,Amhara,N Shewa,Angolela Tra,0.5667212,0,high,high_risk_source,high,12,0,0.61323196,Mojana wedra,This woreda is high or very-high risk for the next prediction month.
ETH:b7821ff61655,2026-01-01,Oromia,West Harerghe,Burqua Dhintu,0.56660414,0,high,high_risk_source,high,15,0,0.70219034,Shenen Dugo ( Mesela ),This woreda is high or very-high risk for the next prediction month.
ETH:0453373b9c4e,2026-01-01,Somali,Dawa,Hudet,0.5662861,0,high,high_risk_source,high,4,0,0.6579683,Moyale (SM),This woreda is high or very-high risk for the next prediction month.
ETH:ET040804,2026-01-01,Oromia,Arsi,Jeju,0.5662114,0,high,high_risk_source,high,31,0,0.7121021,Diksis,This woreda is high or very-high risk for the next prediction month.
ETH:dee4da180b3e,2026-01-01,Hareri,Hareri,Aboker,0.56619334,0,high,high_risk_source,high,8,0,0.6352051,Dire Teyara,This woreda is high or very-high risk for the next prediction month.
ETH:94af4de5ae51,2026-01-01,Sidama,Sidama,Daye town,0.5660198,0,high,high_risk_source,high,36,0,0.7085871,Aleta Chuko,This woreda is high or very-high risk for the next prediction month.
ETH:20fcea893606,2026-01-01,SNNPR,Kembata Tembaro,Doyogena,0.5657085,0,high,high_risk_source,high,6,0,0.5657085,Doyogena,This woreda is high or very-high risk for the next prediction month.
ETH:be5c54bf2943,2026-01-01,Central Ethiopia,Misrak Gurage,SODO,0.5656877,0,high,high_risk_source,high,8,0,0.6500233,Meskan,This woreda is high or very-high risk for the next prediction month.
ETH:1c82ff883d88,2026-01-01,Gambella,Agnua,Gambela town,0.5656424,0,high,high_risk_source,high,6,0,0.65910566,Gambela Zuria,This woreda is high or very-high risk for the next prediction month.
ETH:0808ba9b80f1,2026-01-01,SNNPR,Goffa,Melokoza,0.5653842,0,high,high_risk_source,high,5,0,0.6080605,Zala,This woreda is high or very-high risk for the next prediction month.
ETH:c5697f21dfa6,2026-01-01,Oromia,Shashemenne Town,Shashemenne Town,0.5652377,0,high,high_risk_source,high,2,0,0.5652377,Shashemenne Town,This woreda is high or very-high risk for the next prediction month.
ETH:ET041015,2026-01-01,Oromia,East Hararge,Chinaksen,0.56520694,0,high,high_risk_source,high,10,0,0.63340354,Meyu Muleke,This woreda is high or very-high risk for the next prediction month.
ETH:db74091bab2d,2026-01-01,Oromia,N Shoa,Kimbibit,0.56517464,0,high,high_risk_source,high,10,0,0.6684717,Deraa,This woreda is high or very-high risk for the next prediction month.
ETH:3ff91e76b5b6,2026-01-01,Sidama,Sidama,dara,0.5647994,0,high,high_risk_source,high,36,0,0.7085871,Aleta Chuko,This woreda is high or very-high risk for the next prediction month.
ETH:d1b916ef31cd,2026-01-01,Amhara,East Gojjam,Goncha Siso Enebse,0.56479585,0,high,high_risk_source,high,16,2,0.75261146,Baso Liben,This woreda is high or very-high risk for the next prediction month.
ETH:ed6a0c5786f1,2026-01-01,Central Ethiopia,Silite,Siltie,0.56475717,0,high,high_risk_source,high,8,0,0.6685696,Tora town,This woreda is high or very-high risk for the next prediction month.
ETH:fb66f5520bbf,2026-01-01,Oromia,West Shoa,Ifata,0.56450087,0,high,high_risk_source,high,26,1,0.7930984,Cheliya,This woreda is high or very-high risk for the next prediction month.
ETH:a74bf43a5a7d,2026-01-01,Central Ethiopia,Tembaro Sp woreda,Tembaro,0.5643004,0,high,high_risk_source,high,1,0,0.5643004,Tembaro,This woreda is high or very-high risk for the next prediction month.
ETH:8bdaf43ccebc,2026-01-01,Amhara,S Gonder,Ebinat,0.5641629,0,high,high_risk_source,high,10,0,0.62539005,Sedie Muja,This woreda is high or very-high risk for the next prediction month.
ETH:5dbd66db40df,2026-01-01,Hareri,Hareri,Hakim,0.5641194,0,high,high_risk_source,high,8,0,0.6352051,Dire Teyara,This woreda is high or very-high risk for the next prediction month.
ETH:32cb9f4df492,2026-01-01,Amhara,West Gojjam,Dega Damot,0.5640253,0,high,high_risk_source,high,15,1,0.8326402,Jabi Tehnan,This woreda is high or very-high risk for the next prediction month.
ETH:6149116f18b2,2026-01-01,SNNPR,Hadiya,Misrak Badawacho,0.56401324,0,high,high_risk_source,high,14,0,0.6571618,Lemo,This woreda is high or very-high risk for the next prediction month.
ETH:a0ed4723c25c,2026-01-01,Oromia,West Shoa,Welmera,0.56393,0,high,high_risk_source,high,26,1,0.7930984,Cheliya,This woreda is high or very-high risk for the next prediction month.
ETH:c312bd3a3d31,2026-01-01,Amhara,E Gojjam,Gozamen,0.5639214,0,high,high_risk_source,high,15,0,0.6851867,Awabel,This woreda is high or very-high risk for the next prediction month.
ETH:85d4b6650d10,2026-01-01,Oromia,E Shoa,Fentale,0.56362844,0,high,high_risk_source,high,9,0,0.6447291,Adama Zuriya,This woreda is high or very-high risk for the next prediction month.
ETH:1ffd5c0e3cff,2026-01-01,SNNPR,Gamo,Dita,0.5633789,0,high,high_risk_source,high,17,0,0.6436656,Kemba Town Admin,This woreda is high or very-high risk for the next prediction month.
ETH:8991d7b6a157,2026-01-01,Amhara,East Gojjam,Bibugn,0.5631816,0,high,high_risk_source,high,16,2,0.75261146,Baso Liben,This woreda is high or very-high risk for the next prediction month.
ETH:e3415c987525,2026-01-01,Oromia,Weliso Town,Weliso Town,0.56316864,0,high,high_risk_source,high,1,0,0.56316864,Weliso Town,This woreda is high or very-high risk for the next prediction month.
ETH:a4dd214c64d0,2026-01-01,Oromia,East Shoa,Fentale,0.5629995,0,high,high_risk_source,high,16,1,0.7663057,Adama,This woreda is high or very-high risk for the next prediction month.
ETH:1e12550de8da,2026-01-01,SNNPR,Gedeo,Kochore,0.56281865,0,high,high_risk_source,high,13,0,0.6789766,Chelekleketu,This woreda is high or very-high risk for the next prediction month.
ETH:1a6008030380,2026-01-01,Oromia,Arsi,Digeluna tijo,0.5627984,0,high,high_risk_source,high,31,0,0.7121021,Diksis,This woreda is high or very-high risk for the next prediction month.
ETH:bb17ae114ad2,2026-01-01,Sidama,Southern Sidama,Chirone,0.5625961,0,high,high_risk_source,high,11,0,0.6876911,Aleta Chuko,This woreda is high or very-high risk for the next prediction month.
ETH:f9710ff2d1ae,2026-01-01,Central Ethiopia,Silite,Lanfero,0.56242067,0,high,high_risk_source,high,8,0,0.6685696,Tora town,This woreda is high or very-high risk for the next prediction month.
ETH:ade9acaf91ec,2026-01-01,Amhara,N Wello,Kobo Raya,0.56199175,0,high,high_risk_source,high,9,0,0.6674015,Woldia,This woreda is high or very-high risk for the next prediction month.
ETH:6693008fd320,2026-01-01,Oromia,N Shoa,Aleltu,0.56199086,0,high,high_risk_source,high,10,0,0.6684717,Deraa,This woreda is high or very-high risk for the next prediction month.
ETH:ET030405,2026-01-01,Amhara,South Wello,Thehulederie,0.5617875,0,high,high_risk_source,high,21,0,0.69148594,Mekdela,This woreda is high or very-high risk for the next prediction month.
ETH:b305e45f4a6d,2026-01-01,Oromia,Nedjo Town,Nedjo Town,0.5615985,0,high,high_risk_source,high,1,0,0.5615985,Nedjo Town,This woreda is high or very-high risk for the next prediction month.
ETH:ET040491,2026-01-01,Oromia,Jimma,Omo Beyam,0.5613038,0,high,high_risk_source,high,25,0,0.6989568,Limu Seka,This woreda is high or very-high risk for the next prediction month.
ETH:1aa08dfbb839,2026-01-01,Oromia,East Harerghe,Deder,0.56081396,0,high,high_risk_source,high,16,0,0.68379,Kombolcha,This woreda is high or very-high risk for the next prediction month.
ETH:e7aa5b927dcd,2026-01-01,Sidama,Sidama,Bursa,0.5606049,0,high,high_risk_source,high,36,0,0.7085871,Aleta Chuko,This woreda is high or very-high risk for the next prediction month.
ETH:78ffde3d1268,2026-01-01,Amhara,AWI,Chagini Town,0.5605646,0,high,high_risk_source,high,2,0,0.6353302,Chagni town,This woreda is high or very-high risk for the next prediction month.
ETH:ET030418,2026-01-01,Amhara,South Wello,Dessie town,0.5604398,0,high,high_risk_source,high,21,0,0.69148594,Mekdela,This woreda is high or very-high risk for the next prediction month.
ETH:e3c0d364ed4f,2026-01-01,Sidama,Sidama,Aleta Wondo,0.5600613,0,high,high_risk_source,high,36,0,0.7085871,Aleta Chuko,This woreda is high or very-high risk for the next prediction month.
ETH:8ee41f1a81a1,2026-01-01,SNNPR,Goffa,Denba Gofa,0.56004983,0,high,high_risk_source,high,5,0,0.6080605,Zala,This woreda is high or very-high risk for the next prediction month.
ETH:ET040113,2026-01-01,Oromia,West Wellega,Gaji,0.5596288,0,high,high_risk_source,high,19,1,0.7688439,Mendi Town,This woreda is high or very-high risk for the next prediction month.
ETH:227ada671786,2026-01-01,Sidama,Sidama,Shebedino,0.559395,0,high,high_risk_source,high,36,0,0.7085871,Aleta Chuko,This woreda is high or very-high risk for the next prediction month.
ETH:ET030501,2026-01-01,Amhara,North Shewa (AM),Mida Woremo,0.559363,0,high,high_risk_source,high,15,0,0.66855365,Angolelana Tera,This woreda is high or very-high risk for the next prediction month.
ETH:8e5445de52ce,2026-01-01,Amhara,E Gojjam,Machakel,0.5593587,0,high,high_risk_source,high,15,0,0.6851867,Awabel,This woreda is high or very-high risk for the next prediction month.
ETH:63bbeca0be49,2026-01-01,Oromia,Shaggar City,Gelan Sub city,0.55882627,0,high,high_risk_source,high,6,0,0.6244372,Burayu sub city,This woreda is high or very-high risk for the next prediction month.
ETH:7a911df4ae0f,2026-01-01,Benishangul Gumuz,Mao-Komo,Mao-Komo,0.5587791,0,high,high_risk_source,high,1,0,0.5587791,Mao-Komo,This woreda is high or very-high risk for the next prediction month.
ETH:915f507c28b2,2026-01-01,SNNPR,Hadiya,Duna,0.55853635,0,high,high_risk_source,high,14,0,0.6571618,Lemo,This woreda is high or very-high risk for the next prediction month.
ETH:c56df4a2ab1a,2026-01-01,Central Ethiopia,Silite,Mito,0.55812955,0,high,high_risk_source,high,8,0,0.6685696,Tora town,This woreda is high or very-high risk for the next prediction month.
ETH:40113e7b8719,2026-01-01,Amhara,N Gonder,Janamora,0.5577777,0,high,high_risk_source,high,4,0,0.6392265,Debark,This woreda is high or very-high risk for the next prediction month.
ETH:711552043d03,2026-01-01,Oromia,Ilu Aba Bora,Metu,0.55773646,0,high,high_risk_source,high,17,0,0.6933313,Darimu,This woreda is high or very-high risk for the next prediction month.
ETH:ET040809,2026-01-01,Oromia,Arsi,Chole,0.5576837,0,high,high_risk_source,high,31,0,0.7121021,Diksis,This woreda is high or very-high risk for the next prediction month.
ETH:694a3cc27d55,2026-01-01,Oromia,Shashemenne Town,Bishan Guracha Subcity,0.5574984,0,high,high_risk_source,high,2,0,0.5652377,Shashemenne Town,This woreda is high or very-high risk for the next prediction month.
ETH:ef249ca86879,2026-01-01,Amhara,S Gonder,Fogera,0.55744827,0,high,high_risk_source,high,10,0,0.62539005,Sedie Muja,This woreda is high or very-high risk for the next prediction month.
ETH:ET110501,2026-01-01,South West Ethiopia,West Omo,Gachit,0.55714333,0,high,high_risk_source,high,8,0,0.6910518,Maji,This woreda is high or very-high risk for the next prediction month.
ETH:b7ce773a994e,2026-01-01,Sidama,Sidama,Hawassa Zuria,0.55713016,0,high,high_risk_source,high,36,0,0.7085871,Aleta Chuko,This woreda is high or very-high risk for the next prediction month.
ETH:7ead3b292b3f,2026-01-01,Oromia,Finfine Zuria,Mulo,0.55712885,0,high,high_risk_source,high,9,0,0.6879993,Sebeta Hawas,This woreda is high or very-high risk for the next prediction month.
ETH:ET030420,2026-01-01,Amhara,South Wello,Legehida,0.5569322,0,high,high_risk_source,high,21,0,0.69148594,Mekdela,This woreda is high or very-high risk for the next prediction month.
ETH:9b6736e258b8,2026-01-01,SNNPR,Bench Sheko,Shebench,0.55692965,0,high,high_risk_source,high,3,0,0.6533141,Sheko,This woreda is high or very-high risk for the next prediction month.
ETH:ca9336cabc51,2026-01-01,Oromia,Arsi,Lode hetosa,0.55642384,0,high,high_risk_source,high,31,0,0.7121021,Diksis,This woreda is high or very-high risk for the next prediction month.
ETH:9d0154224cba,2026-01-01,SNNPR,Hadiya,East Badewacho,0.5563952,0,high,high_risk_source,high,14,0,0.6571618,Lemo,This woreda is high or very-high risk for the next prediction month.
ETH:ET041104,2026-01-01,Oromia,Bale,Agarfa,0.5561135,0,high,high_risk_source,high,18,2,0.98416394,Goro (Bale),This woreda is high or very-high risk for the next prediction month.
ETH:a11a29da9ee8,2026-01-01,SNNPR,Kembata Tembaro,Hadero Tunto Zuria,0.55601305,0,high,high_risk_source,high,6,0,0.5657085,Doyogena,This woreda is high or very-high risk for the next prediction month.
ETH:aedd61352a9a,2026-01-01,Amhara,N Wello,Gubalafto,0.5560014,0,high,high_risk_source,high,9,0,0.6674015,Woldia,This woreda is high or very-high risk for the next prediction month.
ETH:e44871a801d5,2026-01-01,SNNPR,Gamo,Arba Minch Zuria,0.55549717,0,high,high_risk_source,high,17,0,0.6436656,Kemba Town Admin,This woreda is high or very-high risk for the next prediction month.
ETH:1f64e2134b66,2026-01-01,Afar,Afar 3,Awash Fentale,0.555398,0,high,high_risk_source,high,7,0,0.6939091,Awash town,This woreda is high or very-high risk for the next prediction month.
ETH:d90aa42e99e3,2026-01-01,Benishangul Gumuz,Metekel,Dangure,0.5553192,0,high,high_risk_source,high,10,0,0.73803574,Dangur,This woreda is high or very-high risk for the next prediction month.
ETH:f94627bbbf84,2026-01-01,SNNPR,Konso,Karat Town Admin,0.55513054,0,high,high_risk_source,high,2,0,0.6536557,Segen Zuria,This woreda is high or very-high risk for the next prediction month.
ETH:b7ba28eedb10,2026-01-01,SNNPR,Dawro,Loma,0.55468893,0,high,high_risk_source,high,2,0,0.55468893,Loma,This woreda is high or very-high risk for the next prediction month.
ETH:6ae8a0076000,2026-01-01,Amhara,S Gonder,Debre tabor,0.5540879,0,high,high_risk_source,high,10,0,0.62539005,Sedie Muja,This woreda is high or very-high risk for the next prediction month.
ETH:5688c3e9260a,2026-01-01,Amhara,East Gojjam,Mota town,0.5535619,0,high,high_risk_source,high,16,2,0.75261146,Baso Liben,This woreda is high or very-high risk for the next prediction month.
ETH:ET040212,2026-01-01,Oromia,East Wellega,Leka Dulecha,0.55337286,0,high,high_risk_source,high,18,0,0.73520285,Sibu Sire,This woreda is high or very-high risk for the next prediction month.
ETH:216ca7e2f0ad,2026-01-01,SNNPR,Goffa,Sawla Town,0.5532614,0,high,high_risk_source,high,5,0,0.6080605,Zala,This woreda is high or very-high risk for the next prediction month.
ETH:e0cd721fb473,2026-01-01,Hareri,Hareri,Erer (H),0.55318,0,high,high_risk_source,high,8,0,0.6352051,Dire Teyara,This woreda is high or very-high risk for the next prediction month.
ETH:8e61380dd653,2026-01-01,Dire Dawa,Wahil,Wahil,0.5531527,0,high,high_risk_source,high,1,0,0.5531527,Wahil,This woreda is high or very-high risk for the next prediction month.
ETH:95799fd6095a,2026-01-01,SNNPR,S Omo,South Ari,0.55308664,0,high,high_risk_source,high,4,0,0.55308664,South Ari,This woreda is high or very-high risk for the next prediction month.
ETH:ET110502,2026-01-01,South West Ethiopia,West Omo,Menit Goldiye,0.55307186,0,high,high_risk_source,high,8,0,0.6910518,Maji,This woreda is high or very-high risk for the next prediction month.
ETH:eca4a704b07a,2026-01-01,Oromia,N Shoa,Degem,0.5528849,0,high,high_risk_source,high,10,0,0.6684717,Deraa,This woreda is high or very-high risk for the next prediction month.
ETH:39a20e53b536,2026-01-01,Amhara,Central Gonder,Chilga 1,0.5527479,0,high,high_risk_source,high,14,3,0.85815537,Wegera,This woreda is high or very-high risk for the next prediction month.
ETH:950aad4c83f5,2026-01-01,Amhara,South Gonder,Andabet/ West Esite,0.5524252,0,high,high_risk_source,high,16,1,0.7791149,Woreta town,This woreda is high or very-high risk for the next prediction month.
ETH:ET040314,2026-01-01,Oromia,Ilu Aba Bora,Becho (Ilu Aba Bora),0.5523011,0,high,high_risk_source,high,17,0,0.6933313,Darimu,This woreda is high or very-high risk for the next prediction month.
ETH:4d76eec2cb1e,2026-01-01,Somali,Dollo,Galhamur,0.5522585,0,high,high_risk_source,high,7,0,0.69017047,Warder,This woreda is high or very-high risk for the next prediction month.
ETH:ET040211,2026-01-01,Oromia,East Wellega,Sasiga,0.5518451,0,high,high_risk_source,high,18,0,0.73520285,Sibu Sire,This woreda is high or very-high risk for the next prediction month.
ETH:4f5c0bd048a0,2026-01-01,SNNPR,Wolayta,Duguna fango,0.5513334,0,high,high_risk_source,high,15,0,0.64755994,Ofa,This woreda is high or very-high risk for the next prediction month.
ETH:4d17cafd8757,2026-01-01,Amhara,North Shewa,Angolelana Tera,0.5511707,0,high,high_risk_source,high,5,0,0.5511707,Angolelana Tera,This woreda is high or very-high risk for the next prediction month.
ETH:c68e90ad19a0,2026-01-01,Amhara,W Gonder,Quara,0.55086774,0,high,high_risk_source,high,2,0,0.64414626,Metema,This woreda is high or very-high risk for the next prediction month.
ETH:4e38f142adcc,2026-01-01,South West Ethiopia,Bench Sheko,North Bench,0.550785,0,high,high_risk_source,high,10,0,0.70445174,Gurafereda,This woreda is high or very-high risk for the next prediction month.
ETH:8d74532cdeaf,2026-01-01,Sidama,Sidama,Leku Town Admin,0.5507822,0,high,high_risk_source,high,36,0,0.7085871,Aleta Chuko,This woreda is high or very-high risk for the next prediction month.
ETH:ET050404,2026-01-01,Somali,Erer,Hamero,0.55068237,0,high,high_risk_source,high,6,0,0.72534233,Fik,This woreda is high or very-high risk for the next prediction month.
ETH:ET040808,2026-01-01,Oromia,Arsi,Sude,0.5506432,0,high,high_risk_source,high,31,0,0.7121021,Diksis,This woreda is high or very-high risk for the next prediction month.
ETH:6b2d5defcb0c,2026-01-01,Oromia,W Harerghe,Boke,0.55058026,0,high,high_risk_source,high,9,0,0.67082596,Tulo,This woreda is high or very-high risk for the next prediction month.
ETH:29d34f871285,2026-01-01,Amhara,Waghimra,Sekota town,0.550539,0,high,high_risk_source,high,8,0,0.69610274,Gaz Gibla,This woreda is high or very-high risk for the next prediction month.
ETH:37bb338ccdfa,2026-01-01,Amhara,E Gojjam,Debre Elias,0.55037487,0,high,high_risk_source,high,15,0,0.6851867,Awabel,This woreda is high or very-high risk for the next prediction month.
ETH:a55b9c0a2526,2026-01-01,SNNPR,Hadiya,Soro,0.55012476,0,high,high_risk_source,high,14,0,0.6571618,Lemo,This woreda is high or very-high risk for the next prediction month.
ETH:0d606aaf534b,2026-01-01,SNNPR,Gamo,Kucha Alpha,0.55007297,0,high,high_risk_source,high,17,0,0.6436656,Kemba Town Admin,This woreda is high or very-high risk for the next prediction month.
ETH:e121d1895ff4,2026-01-01,Hareri,Erer (H),Erer (H),0.54983175,0,high,high_risk_source,high,1,0,0.54983175,Erer (H),This woreda is high or very-high risk for the next prediction month.
ETH:e693687c3759,2026-01-01,Oromia,N Shoa,Jida,0.54973084,0,high,high_risk_source,high,10,0,0.6684717,Deraa,This woreda is high or very-high risk for the next prediction month.
ETH:ET041308,2026-01-01,Oromia,South West Shewa,Tole,0.54955757,0,high,high_risk_source,high,8,0,0.5864828,Ilu,This woreda is high or very-high risk for the next prediction month.
ETH:4a61f9b08764,2026-01-01,Amhara,Gondar Town,Gondar town,0.549507,0,high,high_risk_source,high,1,0,0.549507,Gondar town,This woreda is high or very-high risk for the next prediction month.
ETH:838931d7d501,2026-01-01,Oromia,West Harerghe,Chiro town,0.54929054,0,high,high_risk_source,high,15,0,0.70219034,Shenen Dugo ( Mesela ),This woreda is high or very-high risk for the next prediction month.
ETH:ET040216,2026-01-01,Oromia,East Wellega,Wama Hagalo,0.5489702,0,high,high_risk_source,high,18,0,0.73520285,Sibu Sire,This woreda is high or very-high risk for the next prediction month.
ETH:5dcad84e6503,2026-01-01,SNNPR,Goffa,Uba Debretsa,0.54889494,0,high,high_risk_source,high,5,0,0.6080605,Zala,This woreda is high or very-high risk for the next prediction month.
ETH:9461132371ba,2026-01-01,South West Ethiopia,Dawro,Loma,0.5488215,0,high,high_risk_source,high,12,0,0.7287616,Disa,This woreda is high or very-high risk for the next prediction month.
ETH:ET040102,2026-01-01,Oromia,West Wellega,Nejo,0.5485984,0,high,high_risk_source,high,19,1,0.7688439,Mendi Town,This woreda is high or very-high risk for the next prediction month.
ETH:247868e4f05d,2026-01-01,Oromia,West Harerghe,Tulo (OR),0.5482936,0,high,high_risk_source,high,15,0,0.70219034,Shenen Dugo ( Mesela ),This woreda is high or very-high risk for the next prediction month.
ETH:01f592b4d541,2026-01-01,Amhara,S Wello,Sayint,0.5481979,0,high,high_risk_source,high,4,0,0.5888631,Kutaber,This woreda is high or very-high risk for the next prediction month.
ETH:be9dc02e6c28,2026-01-01,Somali,Dollo,Danod,0.5481824,0,high,high_risk_source,high,7,0,0.69017047,Warder,This woreda is high or very-high risk for the next prediction month.
ETH:45f85e34c24a,2026-01-01,Oromia,E Harerghe,Girawa,0.54782,0,high,high_risk_source,high,17,0,0.7248752,Chinaksen,This woreda is high or very-high risk for the next prediction month.
ETH:1a8b49e25d89,2026-01-01,SNNPR,Kembata Tembaro,Adilo Zuria,0.5476725,0,high,high_risk_source,high,6,0,0.5657085,Doyogena,This woreda is high or very-high risk for the next prediction month.
ETH:ET041302,2026-01-01,Oromia,South West Shewa,Wenchi,0.5476265,0,high,high_risk_source,high,8,0,0.5864828,Ilu,This woreda is high or very-high risk for the next prediction month.
ETH:68224ba177d8,2026-01-01,Amhara,Waghimra,Sekota,0.54760844,0,high,high_risk_source,high,8,0,0.69610274,Gaz Gibla,This woreda is high or very-high risk for the next prediction month.
ETH:58a9b0526d28,2026-01-01,Sidama,Sidama,Gorchie,0.547397,0,high,high_risk_source,high,36,0,0.7085871,Aleta Chuko,This woreda is high or very-high risk for the next prediction month.
ETH:f3ec38ed279f,2026-01-01,Amhara,North Shewa,Ankober,0.5472508,0,high,high_risk_source,high,5,0,0.5511707,Angolelana Tera,This woreda is high or very-high risk for the next prediction month.
ETH:dc12ae0dfd92,2026-01-01,Oromia,Modjo town,Modjo town,0.54717946,0,high,high_risk_source,high,1,0,0.54717946,Modjo town,This woreda is high or very-high risk for the next prediction month.
ETH:3ed3bfdccc0b,2026-01-01,Oromia,E Shoa,Bora,0.547098,0,high,high_risk_source,high,9,0,0.6447291,Adama Zuriya,This woreda is high or very-high risk for the next prediction month.
ETH:ET040193,2026-01-01,Oromia,West Wellega,Gimbi Town,0.54705304,0,high,high_risk_source,high,19,1,0.7688439,Mendi Town,This woreda is high or very-high risk for the next prediction month.
ETH:5fdcf621d5d0,2026-01-01,Oromia,East Harerghe,Kersa (East Hararge),0.5465908,0,high,high_risk_source,high,16,0,0.68379,Kombolcha,This woreda is high or very-high risk for the next prediction month.
ETH:c54933931671,2026-01-01,Amhara,C Gonder,Alefa,0.5464263,0,high,high_risk_source,high,7,1,0.78297824,East Belesa,This woreda is high or very-high risk for the next prediction month.
ETH:772077ec6788,2026-01-01,Afar,Afar 1,Adar,0.54604626,0,high,high_risk_source,high,11,0,0.69969416,Ayssaita,This woreda is high or very-high risk for the next prediction month.
ETH:6c3398881a42,2026-01-01,SNNPR,Kefa,Bitta,0.545161,0,high,high_risk_source,high,5,0,0.6788345,Bonga,This woreda is high or very-high risk for the next prediction month.
ETH:ET041122,2026-01-01,Oromia,Bale,Dinsho,0.5446581,0,high,high_risk_source,high,18,2,0.98416394,Goro (Bale),This woreda is high or very-high risk for the next prediction month.
ETH:0ef2a3b3b36c,2026-01-01,Oromia,Bale,Ginir,0.54451084,0,high,high_risk_source,high,18,2,0.98416394,Goro (Bale),This woreda is high or very-high risk for the next prediction month.
ETH:2adfa75d5849,2026-01-01,Amhara,E Gojjam,Mota town,0.5444243,0,high,high_risk_source,high,15,0,0.6851867,Awabel,This woreda is high or very-high risk for the next prediction month.
ETH:781d48b54b50,2026-01-01,Somali,Liben,Fiiltu,0.5438618,0,high,high_risk_source,high,9,0,0.7438104,Guradamole,This woreda is high or very-high risk for the next prediction month.
ETH:ET030516,2026-01-01,Amhara,North Shewa (AM),Hagere Mariam,0.543813,0,high,high_risk_source,high,15,0,0.66855365,Angolelana Tera,This woreda is high or very-high risk for the next prediction month.
ETH:ET110206,2026-01-01,South West Ethiopia,Kefa,Tullo,0.543623,0,high,high_risk_source,high,19,0,0.6822803,Bita,This woreda is high or very-high risk for the next prediction month.
ETH:1e39ba7df057,2026-01-01,Oromia,W Harerghe,Daro Lebu,0.5429272,0,high,high_risk_source,high,9,0,0.67082596,Tulo,This woreda is high or very-high risk for the next prediction month.
ETH:ea105236f854,2026-01-01,SNNPR,Gamo,Gerese,0.5427849,0,high,high_risk_source,high,17,0,0.6436656,Kemba Town Admin,This woreda is high or very-high risk for the next prediction month.
ETH:736627f92330,2026-01-01,SNNPR,Wolayta,Humbo,0.54229915,0,high,high_risk_source,high,15,0,0.64755994,Ofa,This woreda is high or very-high risk for the next prediction month.
ETH:a16557f13f4b,2026-01-01,Oromia,W Guji,Hambela Wamena,0.54200625,0,high,high_risk_source,high,6,0,0.65125364,Dugda Dawa,This woreda is high or very-high risk for the next prediction month.
ETH:ET110305,2026-01-01,South West Ethiopia,Bench Sheko,Semen Bench,0.5416541,0,high,high_risk_source,high,10,0,0.70445174,Gurafereda,This woreda is high or very-high risk for the next prediction month.
ETH:ET030998,2026-01-01,Amhara,Awi,Dangila Town,0.54149175,0,high,high_risk_source,high,16,0,0.72336924,Jawi,This woreda is high or very-high risk for the next prediction month.
ETH:57efd78b2fa7,2026-01-01,Amhara,W Gojjam,Bure Town,0.54130167,0,high,high_risk_source,high,14,0,0.72052395,North Achefer,This woreda is high or very-high risk for the next prediction month.
ETH:5ab09e85ccd6,2026-01-01,SNNPR,Gamo,Arbaminch Zuria,0.54127175,0,high,high_risk_source,high,17,0,0.6436656,Kemba Town Admin,This woreda is high or very-high risk for the next prediction month.
ETH:d84c5d2e4211,2026-01-01,Sidama,Sidama,Chirie,0.5410488,0,high,high_risk_source,high,36,0,0.7085871,Aleta Chuko,This woreda is high or very-high risk for the next prediction month.
ETH:37150619c558,2026-01-01,Afar,Afar 1,Chifra,0.5409971,0,high,high_risk_source,high,11,0,0.69969416,Ayssaita,This woreda is high or very-high risk for the next prediction month.
ETH:dc516b226635,2026-01-01,Amhara,North Shewa,Menze Keya Gabriel,0.54090273,0,high,high_risk_source,high,5,0,0.5511707,Angolelana Tera,This woreda is high or very-high risk for the next prediction month.
ETH:7f7e0a9be724,2026-01-01,SNNPR,Kembata Tembaro,Kacha Bira,0.54059714,0,high,high_risk_source,high,6,0,0.5657085,Doyogena,This woreda is high or very-high risk for the next prediction month.
ETH:ET030403,2026-01-01,Amhara,South Wello,Kutaber,0.54048127,0,high,high_risk_source,high,21,0,0.69148594,Mekdela,This woreda is high or very-high risk for the next prediction month.
ETH:3ee929882de5,2026-01-01,Benishangul Gumuz,Asossa,Kurmuk,0.5404357,0,high,high_risk_source,high,9,0,0.6553635,Bilidigilu,This woreda is high or very-high risk for the next prediction month.
ETH:cf2bba0a4ce3,2026-01-01,SNNPR,Hadiya,Hossana,0.5403997,0,high,high_risk_source,high,14,0,0.6571618,Lemo,This woreda is high or very-high risk for the next prediction month.
ETH:9c6c9fc7ada6,2026-01-01,SNNPR,Gamo,Kemba town,0.5402932,0,high,high_risk_source,high,17,0,0.6436656,Kemba Town Admin,This woreda is high or very-high risk for the next prediction month.
ETH:ET030523,2026-01-01,Amhara,North Shewa (AM),Siya Debirna Wayu,0.54010963,0,high,high_risk_source,high,15,0,0.66855365,Angolelana Tera,This woreda is high or very-high risk for the next prediction month.
ETH:1b2ab42b2411,2026-01-01,Oromia,East Harerghe,Kurfa Chele,0.539464,0,high,high_risk_source,high,16,0,0.68379,Kombolcha,This woreda is high or very-high risk for the next prediction month.
ETH:ET041014,2026-01-01,Oromia,East Hararge,Midhaga Tola,0.53933984,0,high,high_risk_source,high,10,0,0.63340354,Meyu Muleke,This woreda is high or very-high risk for the next prediction month.
ETH:ET030907,2026-01-01,Amhara,Awi,Guagusa Shikudad,0.53926826,0,high,high_risk_source,high,16,0,0.72336924,Jawi,This woreda is high or very-high risk for the next prediction month.
ETH:d492c395cbed,2026-01-01,Amhara,N Shewa,Gish,0.5392356,0,high,high_risk_source,high,12,0,0.61323196,Mojana wedra,This woreda is high or very-high risk for the next prediction month.
ETH:ET030415,2026-01-01,Amhara,South Wello,Were Ilu,0.5386934,0,high,high_risk_source,high,21,0,0.69148594,Mekdela,This woreda is high or very-high risk for the next prediction month.
ETH:99278f67ee28,2026-01-01,Amhara,N Shewa,Basona Wrena,0.5386646,0,high,high_risk_source,high,12,0,0.61323196,Mojana wedra,This woreda is high or very-high risk for the next prediction month.
ETH:5ce6137ca581,2026-01-01,Oromia,West Shoa,Jibat,0.5384884,0,high,high_risk_source,high,26,1,0.7930984,Cheliya,This woreda is high or very-high risk for the next prediction month.
ETH:ET041310,2026-01-01,Oromia,South West Shewa,Seden Sodo,0.53844523,0,high,high_risk_source,high,8,0,0.5864828,Ilu,This woreda is high or very-high risk for the next prediction month.
ETH:c6e9ba6af08f,2026-01-01,Oromia,W Shoa,Jeldu,0.5381955,0,high,high_risk_source,high,2,0,0.5381955,Jeldu,This woreda is high or very-high risk for the next prediction month.
ETH:d160cca0afa2,2026-01-01,SNNPR,Gamo,Kucha,0.538044,0,high,high_risk_source,high,17,0,0.6436656,Kemba Town Admin,This woreda is high or very-high risk for the next prediction month.
ETH:7d9d73a0bf39,2026-01-01,SNNPR,Yem,Yem,0.5379274,0,high,high_risk_source,high,1,0,0.5379274,Yem,This woreda is high or very-high risk for the next prediction month.
ETH:79e229cc3c72,2026-01-01,Sidama,Eastern Sidama,Chabe Gambeltu,0.5378051,0,high,high_risk_source,high,10,0,0.72097254,Hoko,This woreda is high or very-high risk for the next prediction month.
ETH:7001f9a3fa72,2026-01-01,SNNPR,Bench Sheko,Mizan,0.53770894,0,high,high_risk_source,high,3,0,0.6533141,Sheko,This woreda is high or very-high risk for the next prediction month.
ETH:ebe9d9ac71b4,2026-01-01,SNNPR,Silite,Worabe,0.5377076,0,high,high_risk_source,high,7,0,0.5377076,Worabe,This woreda is high or very-high risk for the next prediction month.
ETH:eb8f86607f10,2026-01-01,Central Ethiopia,Misrak Gurage,Debub Sodo,0.5376138,0,high,high_risk_source,high,8,0,0.6500233,Meskan,This woreda is high or very-high risk for the next prediction month.
ETH:0367c898b54b,2026-01-01,Amhara,East Gojjam,Debre Markos town,0.53756,0,high,high_risk_source,high,16,2,0.75261146,Baso Liben,This woreda is high or very-high risk for the next prediction month.
ETH:6132d302f0ee,2026-01-01,Sidama,Sidama,Loka,0.53748393,0,high,high_risk_source,high,36,0,0.7085871,Aleta Chuko,This woreda is high or very-high risk for the next prediction month.
ETH:ET041006,2026-01-01,Oromia,East Hararge,Haro Maya,0.5374678,0,high,high_risk_source,high,10,0,0.63340354,Meyu Muleke,This woreda is high or very-high risk for the next prediction month.
ETH:60d4f792508a,2026-01-01,Dire Dawa,Biyoawale,Biyoawale,0.5373521,0,high,high_risk_source,high,1,0,0.5373521,Biyoawale,This woreda is high or very-high risk for the next prediction month.
ETH:a69999373004,2026-01-01,Oromia,West Harerghe,Habro,0.5368159,0,high,high_risk_source,high,15,0,0.70219034,Shenen Dugo ( Mesela ),This woreda is high or very-high risk for the next prediction month.
ETH:538ff925f42b,2026-01-01,Oromia,Arsi,Munesa,0.5365694,0,high,high_risk_source,high,31,0,0.7121021,Diksis,This woreda is high or very-high risk for the next prediction month.
ETH:939f3f162030,2026-01-01,SNNPR,Gedeo,Dila Zuria,0.5362093,0,high,high_risk_source,high,13,0,0.6789766,Chelekleketu,This woreda is high or very-high risk for the next prediction month.
ETH:3814ea064e12,2026-01-01,SNNPR,Gedeo,Dila town,0.5358948,0,high,high_risk_source,high,13,0,0.6789766,Chelekleketu,This woreda is high or very-high risk for the next prediction month.
ETH:fabf272af7e1,2026-01-01,Amhara,N Shewa,Mortna jiru,0.53552556,0,high,high_risk_source,high,12,0,0.61323196,Mojana wedra,This woreda is high or very-high risk for the next prediction month.
ETH:4a7be172ab2c,2026-01-01,Oromia,East Harerghe,Melka Balo,0.5351441,0,high,high_risk_source,high,16,0,0.68379,Kombolcha,This woreda is high or very-high risk for the next prediction month.
ETH:8c12df31b914,2026-01-01,Addis Ababa,Yeka,YEK_10,0.53514135,0,high,high_risk_source,high,1,0,0.53514135,YEK_10,This woreda is high or very-high risk for the next prediction month.
ETH:ae3ef6edf05f,2026-01-01,Hareri,Hareri,Amir Nur,0.5348261,0,high,high_risk_source,high,8,0,0.6352051,Dire Teyara,This woreda is high or very-high risk for the next prediction month.
ETH:e32358ce4248,2026-01-01,SNNPR,South Omo,North Ari,0.53479815,0,high,high_risk_source,high,5,0,0.651554,Jinka Town,This woreda is high or very-high risk for the next prediction month.
ETH:49815e727087,2026-01-01,Somali,Siti,Meiso,0.53467107,0,high,high_risk_source,high,10,0,0.719128,Dembel,This woreda is high or very-high risk for the next prediction month.
ETH:de71f62bae57,2026-01-01,Oromia,SW Shoa,Ameya,0.53442997,0,high,high_risk_source,high,9,0,0.64567447,Dawo,This woreda is high or very-high risk for the next prediction month.
ETH:c758499b0813,2026-01-01,SNNPR,Wolayta,Sodo Zuria,0.53362197,0,high,high_risk_source,high,15,0,0.64755994,Ofa,This woreda is high or very-high risk for the next prediction month.
ETH:c8d9d4c96386,2026-01-01,Sidama,Sidama,Shebe Dino,0.533614,0,high,high_risk_source,high,36,0,0.7085871,Aleta Chuko,This woreda is high or very-high risk for the next prediction month.
ETH:8bb41c9cd872,2026-01-01,Somali,Shabele,Ferfer,0.533445,0,high,high_risk_source,high,10,0,0.74620366,Kelafo,This woreda is high or very-high risk for the next prediction month.
ETH:9f229bcb63e0,2026-01-01,SNNPR,Gamo,Chencha Town Admin,0.5332868,0,high,high_risk_source,high,17,0,0.6436656,Kemba Town Admin,This woreda is high or very-high risk for the next prediction month.
ETH:ET030312,2026-01-01,Amhara,North Wello,Gazo,0.5332689,0,high,high_risk_source,high,13,1,0.7784336,Bugna,This woreda is high or very-high risk for the next prediction month.
ETH:770c3ee82d7a,2026-01-01,Oromia,West Shoa,Meta Walkite,0.5320023,0,high,high_risk_source,high,26,1,0.7930984,Cheliya,This woreda is high or very-high risk for the next prediction month.
ETH:529342e4e8c1,2026-01-01,South West Ethiopia,Kefa,Telo,0.531921,0,high,high_risk_source,high,19,0,0.6822803,Bita,This woreda is high or very-high risk for the next prediction month.
ETH:da26d6ffaaa4,2026-01-01,Sidama,Sidama,Hawella Tula Sub-city,0.5317395,0,high,high_risk_source,high,36,0,0.7085871,Aleta Chuko,This woreda is high or very-high risk for the next prediction month.
ETH:786a2db826e1,2026-01-01,SNNPR,Dawro,Tocha,0.5314767,0,high,high_risk_source,high,2,0,0.55468893,Loma,This woreda is high or very-high risk for the next prediction month.
ETH:acb5e9e63aee,2026-01-01,SNNPR,S Omo,Jinka Town,0.53145367,0,high,high_risk_source,high,4,0,0.55308664,South Ari,This woreda is high or very-high risk for the next prediction month.
ETH:5eb925b76b74,2026-01-01,SNNPR,Wolayta,Kindo Koyesha,0.53110385,0,high,high_risk_source,high,15,0,0.64755994,Ofa,This woreda is high or very-high risk for the next prediction month.
ETH:278710f9bad1,2026-01-01,Somali,Dawa,Kadadumo,0.531011,0,high,high_risk_source,high,4,0,0.6579683,Moyale (SM),This woreda is high or very-high risk for the next prediction month.
ETH:29edb3621f1b,2026-01-01,SNNPR,Hadiya,Gimbichu town,0.5308957,0,high,high_risk_source,high,14,0,0.6571618,Lemo,This woreda is high or very-high risk for the next prediction month.
ETH:b336c1dc38b1,2026-01-01,Oromia,E Wellega,Wama,0.5305328,0,high,high_risk_source,high,6,0,0.6111743,Sibu Sire,This woreda is high or very-high risk for the next prediction month.
ETH:fed92847c094,2026-01-01,SNNPR,Hadiya,Lemmo,0.53027576,0,high,high_risk_source,high,14,0,0.6571618,Lemo,This woreda is high or very-high risk for the next prediction month.
ETH:a69705e859e6,2026-01-01,Oromia,East Harerghe,Jarso (East Hararghe),0.52984905,0,high,high_risk_source,high,16,0,0.68379,Kombolcha,This woreda is high or very-high risk for the next prediction month.
ETH:ET041797,2026-01-01,Oromia,West Arsi,Wondo,0.5297483,0,high,high_risk_source,high,17,2,0.78760237,Siraro,This woreda is high or very-high risk for the next prediction month.
ETH:87eb427bf716,2026-01-01,SNNPR,Silite,Sankura,0.5295909,0,high,high_risk_source,high,7,0,0.5377076,Worabe,This woreda is high or very-high risk for the next prediction month.
ETH:d89c1e792bd8,2026-01-01,Amhara,Waghimra,Abergele (AM),0.52947026,0,high,high_risk_source,high,8,0,0.69610274,Gaz Gibla,This woreda is high or very-high risk for the next prediction month.
ETH:8d699e99c67c,2026-01-01,Oromia,E Shoa,Ada'a,0.52944404,0,high,high_risk_source,high,9,0,0.6447291,Adama Zuriya,This woreda is high or very-high risk for the next prediction month.
ETH:61d98be4b3c6,2026-01-01,Oromia,E Harerghe,Deder,0.5294153,0,high,high_risk_source,high,17,0,0.7248752,Chinaksen,This woreda is high or very-high risk for the next prediction month.
ETH:2a9fb75c0d2e,2026-01-01,Oromia,East Shoa,Boset,0.5293241,0,high,high_risk_source,high,16,1,0.7663057,Adama,This woreda is high or very-high risk for the next prediction month.
ETH:d1a9e0fed3dd,2026-01-01,Amhara,N Shewa,Tarmber,0.52932084,0,high,high_risk_source,high,12,0,0.61323196,Mojana wedra,This woreda is high or very-high risk for the next prediction month.
ETH:6046842055ee,2026-01-01,SNNPR,Silite,Siltie,0.5292337,0,high,high_risk_source,high,7,0,0.5377076,Worabe,This woreda is high or very-high risk for the next prediction month.
ETH:5e500e5c053e,2026-01-01,Oromia,East Shoa,Mojo Town,0.5292027,0,high,high_risk_source,high,16,1,0.7663057,Adama,This woreda is high or very-high risk for the next prediction month.
ETH:3dff319f317f,2026-01-01,Oromia,East Shoa,Adama Tulu Jido Kombolcha,0.5289771,0,high,high_risk_source,high,16,1,0.7663057,Adama,This woreda is high or very-high risk for the next prediction month.
ETH:e6239543d73c,2026-01-01,Sidama,Northern Sidama,Teticha,0.528888,0,high,high_risk_source,high,11,0,0.7484374,Borricha,This woreda is high or very-high risk for the next prediction month.
ETH:686e3077d7e5,2026-01-01,Oromia,Jimma,Mana,0.5285482,0,high,high_risk_source,high,25,0,0.6989568,Limu Seka,This woreda is high or very-high risk for the next prediction month.
ETH:226d1f6c1998,2026-01-01,Amhara,W Gojjam,Jabi Tehinan,0.52850074,0,high,high_risk_source,high,14,0,0.72052395,North Achefer,This woreda is high or very-high risk for the next prediction month.
ETH:ET041509,2026-01-01,Oromia,West Guji,Hambela Wamena,0.52849907,0,high,high_risk_source,high,8,1,0.9748116,Gelana (West Guji),This woreda is high or very-high risk for the next prediction month.
ETH:e7003fc476d4,2026-01-01,Amhara,East Gojjam,Enebse Sarmder,0.5283713,0,high,high_risk_source,high,16,2,0.75261146,Baso Liben,This woreda is high or very-high risk for the next prediction month.
ETH:74de0ba84822,2026-01-01,Amhara,S Wello,Kombolcha,0.5283227,0,high,high_risk_source,high,4,0,0.5888631,Kutaber,This woreda is high or very-high risk for the next prediction month.
ETH:ed1720b7a6ea,2026-01-01,Oromia,West Harerghe,Mieso,0.52830786,0,high,high_risk_source,high,15,0,0.70219034,Shenen Dugo ( Mesela ),This woreda is high or very-high risk for the next prediction month.
ETH:48825ab3f8f6,2026-01-01,Benishangul Gumuz,Asossa,Menge,0.52771205,0,high,high_risk_source,high,9,0,0.6553635,Bilidigilu,This woreda is high or very-high risk for the next prediction month.
ETH:ET110103,2026-01-01,South West Ethiopia,Sheka,Yeki,0.52747554,0,high,high_risk_source,high,5,1,0.82484925,Tepi,This woreda is high or very-high risk for the next prediction month.
ETH:9964759b16d2,2026-01-01,Oromia,East Harerghe,Babile town,0.5273791,0,high,high_risk_source,high,16,0,0.68379,Kombolcha,This woreda is high or very-high risk for the next prediction month.
ETH:ET070204,2026-01-01,Central Ethiopia,Hadiya,Shashogo,0.52736574,0,high,high_risk_source,high,9,0,0.67377245,Shone Town,This woreda is high or very-high risk for the next prediction month.
ETH:22d788c9d574,2026-01-01,Oromia,South West Shoa,Seden Sodo,0.527095,0,high,high_risk_source,high,11,0,0.69034,Ilu,This woreda is high or very-high risk for the next prediction month.
ETH:ET040315,2026-01-01,Oromia,Ilu Aba Bora,Bilo Nopha,0.52696127,0,high,high_risk_source,high,17,0,0.6933313,Darimu,This woreda is high or very-high risk for the next prediction month.
ETH:ET041008,2026-01-01,Oromia,East Hararge,Kersa (East Hararge),0.5268686,0,high,high_risk_source,high,10,0,0.63340354,Meyu Muleke,This woreda is high or very-high risk for the next prediction month.
ETH:e1d9cd766450,2026-01-01,Hareri,Hareri,Abadir,0.5268419,0,high,high_risk_source,high,8,0,0.6352051,Dire Teyara,This woreda is high or very-high risk for the next prediction month.
ETH:ffd2755652bb,2026-01-01,SNNPR,Gamo,Ezo /Kogota,0.5268062,0,high,high_risk_source,high,17,0,0.6436656,Kemba Town Admin,This woreda is high or very-high risk for the next prediction month.
ETH:d095d0466d84,2026-01-01,Amhara,North Gonder,Beyeda,0.52675444,0,high,high_risk_source,high,7,0,0.74364644,Janamora,This woreda is high or very-high risk for the next prediction month.
ETH:4f4457d72a27,2026-01-01,SNNPR,Gedeo,GEDEB,0.5264595,0,high,high_risk_source,high,13,0,0.6789766,Chelekleketu,This woreda is high or very-high risk for the next prediction month.
ETH:8cf14566bd67,2026-01-01,Amhara,N Shewa,Merhabet,0.52567583,0,high,high_risk_source,high,12,0,0.61323196,Mojana wedra,This woreda is high or very-high risk for the next prediction month.
ETH:a186ab22026e,2026-01-01,Benishangul Gumuz,Asosa,Menge,0.5255791,0,high,high_risk_source,high,6,0,0.6644803,Bambasi,This woreda is high or very-high risk for the next prediction month.
ETH:13e7ad6f1e60,2026-01-01,SNNPR,Silite,Worabe town,0.5254874,0,high,high_risk_source,high,7,0,0.5377076,Worabe,This woreda is high or very-high risk for the next prediction month.
ETH:db72d61992dd,2026-01-01,SNNPR,Wolayta,Damot Pullasa,0.5253626,0,high,high_risk_source,high,15,0,0.64755994,Ofa,This woreda is high or very-high risk for the next prediction month.
ETH:74d85db9005a,2026-01-01,SNNPR,Kembata Tembaro,Kacha Birra,0.52515364,0,high,high_risk_source,high,6,0,0.5657085,Doyogena,This woreda is high or very-high risk for the next prediction month.
ETH:2362fbd97212,2026-01-01,SNNPR,Wolayta,Damot Woide,0.52499485,0,high,high_risk_source,high,15,0,0.64755994,Ofa,This woreda is high or very-high risk for the next prediction month.
ETH:cb6b1de61b10,2026-01-01,Amhara,W Gojjam,Bure zuria,0.5244349,0,high,high_risk_source,high,14,0,0.72052395,North Achefer,This woreda is high or very-high risk for the next prediction month.
ETH:ebc15dc341b9,2026-01-01,Oromia,E Wellega,Gudeya Bila,0.52411866,0,high,high_risk_source,high,6,0,0.6111743,Sibu Sire,This woreda is high or very-high risk for the next prediction month.
ETH:94f316f8a388,2026-01-01,Amhara,N Wello,Wadila,0.5240066,0,high,high_risk_source,high,9,0,0.6674015,Woldia,This woreda is high or very-high risk for the next prediction month.
ETH:ET041012,2026-01-01,Oromia,East Hararge,Melka Balo,0.5226919,0,high,high_risk_source,high,10,0,0.63340354,Meyu Muleke,This woreda is high or very-high risk for the next prediction month.
ETH:ET040111,2026-01-01,Oromia,West Wellega,Babo,0.5224541,0,high,high_risk_source,high,19,1,0.7688439,Mendi Town,This woreda is high or very-high risk for the next prediction month.
ETH:ET040410,2026-01-01,Oromia,Jimma,Dedo,0.52223855,0,high,high_risk_source,high,25,0,0.6989568,Limu Seka,This woreda is high or very-high risk for the next prediction month.
ETH:9d2a9a5f4274,2026-01-01,Amhara,N Shewa,Asagrt,0.5221397,0,high,high_risk_source,high,12,0,0.61323196,Mojana wedra,This woreda is high or very-high risk for the next prediction month.
ETH:8841739a6ad2,2026-01-01,Oromia,E Wellega,Ebantu,0.5221002,0,high,high_risk_source,high,6,0,0.6111743,Sibu Sire,This woreda is high or very-high risk for the next prediction month.
ETH:96a94a9d8aaf,2026-01-01,Amhara,E Gojjam,Bibugne,0.52188283,0,high,high_risk_source,high,15,0,0.6851867,Awabel,This woreda is high or very-high risk for the next prediction month.
ETH:372b75ba632c,2026-01-01,Amhara,North Shewa,Kewet,0.5218789,0,high,high_risk_source,high,5,0,0.5511707,Angolelana Tera,This woreda is high or very-high risk for the next prediction month.
ETH:bf42a4d6a796,2026-01-01,Sidama,Sidama,Dara,0.52165353,0,high,high_risk_source,high,36,0,0.7085871,Aleta Chuko,This woreda is high or very-high risk for the next prediction month.
ETH:65d558b91520,2026-01-01,Central Ethiopia,Tenbaro Sp woreda,Tembaro Rural,0.5213053,0,high,high_risk_source,high,1,0,0.5213053,Tembaro Rural,This woreda is high or very-high risk for the next prediction month.
ETH:723fa75a0959,2026-01-01,Afar,Afar 2,Megale,0.52106357,0,high,high_risk_source,high,5,0,0.69612896,Abaala,This woreda is high or very-high risk for the next prediction month.
ETH:d4dc1de2afb0,2026-01-01,SNNPR,Sheka,Masha Town,0.52104145,0,high,high_risk_source,high,1,0,0.52104145,Masha Town,This woreda is high or very-high risk for the next prediction month.
ETH:8533b486f7dc,2026-01-01,Oromia,Modjo Town,Modjo Town,0.52009016,0,high,high_risk_source,high,1,0,0.52009016,Modjo Town,This woreda is high or very-high risk for the next prediction month.
ETH:7d8140f1d137,2026-01-01,Oromia,North Shoa,Dera (OR),0.51986957,0,high,high_risk_source,high,3,0,0.51986957,Dera (OR),This woreda is high or very-high risk for the next prediction month.
ETH:ET110217,2026-01-01,South West Ethiopia,Kefa,Shishinda town,0.51917607,0,high,high_risk_source,high,19,0,0.6822803,Bita,This woreda is high or very-high risk for the next prediction month.
ETH:e9f754b96760,2026-01-01,Oromia,Arsi,Bekoji town,0.51827645,0,high,high_risk_source,high,31,0,0.7121021,Diksis,This woreda is high or very-high risk for the next prediction month.
ETH:96da98b41409,2026-01-01,Oromia,E Wellega,Boneya bushe,0.51808405,0,high,high_risk_source,high,6,0,0.6111743,Sibu Sire,This woreda is high or very-high risk for the next prediction month.
ETH:9f8d2fa3537e,2026-01-01,Amhara,S Wello,Borena,0.51802206,0,high,high_risk_source,high,4,0,0.5888631,Kutaber,This woreda is high or very-high risk for the next prediction month.
ETH:ET030595,2026-01-01,Amhara,North Shewa (AM),Shoa Robit,0.517991,0,high,high_risk_source,high,15,0,0.66855365,Angolelana Tera,This woreda is high or very-high risk for the next prediction month.
ETH:ebb1c528620b,2026-01-01,Amhara,Wag Himra,Sekota Zuriya,0.51761955,0,high,high_risk_source,high,10,0,0.7318248,Dehana,This woreda is high or very-high risk for the next prediction month.
ETH:ET040107,2026-01-01,Oromia,West Wellega,Ayira,0.51748466,0,high,high_risk_source,high,19,1,0.7688439,Mendi Town,This woreda is high or very-high risk for the next prediction month.
ETH:5b71161e6ebc,2026-01-01,Amhara,C Gonder,Tach Armacho,0.5172653,0,high,high_risk_source,high,7,1,0.78297824,East Belesa,This woreda is high or very-high risk for the next prediction month.
ETH:9db78b716d49,2026-01-01,Oromia,E Harerghe,Midega Tola,0.5168356,0,high,high_risk_source,high,17,0,0.7248752,Chinaksen,This woreda is high or very-high risk for the next prediction month.
ETH:ET040894,2026-01-01,Oromia,Arsi,Bokoji-town,0.51669705,0,high,high_risk_source,high,31,0,0.7121021,Diksis,This woreda is high or very-high risk for the next prediction month.
ETH:f55261d3b664,2026-01-01,Oromia,Shaggar City,Laga Tafo L/Dadi Sub city,0.51632184,0,high,high_risk_source,high,6,0,0.6244372,Burayu sub city,This woreda is high or very-high risk for the next prediction month.
ETH:a015eee6a11c,2026-01-01,Oromia,E Harerghe,Haromaya Town,0.5163206,0,high,high_risk_source,high,17,0,0.7248752,Chinaksen,This woreda is high or very-high risk for the next prediction month.
ETH:590a6ac36a6b,2026-01-01,SNNPR,Wolayta,Boloso Bombe,0.5157157,0,high,high_risk_source,high,15,0,0.64755994,Ofa,This woreda is high or very-high risk for the next prediction month.
ETH:f2677214110a,2026-01-01,SNNPR,S Omo,Malie,0.51558626,0,high,high_risk_source,high,4,0,0.55308664,South Ari,This woreda is high or very-high risk for the next prediction month.
ETH:ET041017,2026-01-01,Oromia,East Hararge,Golo Oda,0.51554036,0,high,high_risk_source,high,10,0,0.63340354,Meyu Muleke,This woreda is high or very-high risk for the next prediction month.
ETH:ET040893,2026-01-01,Oromia,Arsi,Shanan Kolu,0.5153198,0,high,high_risk_source,high,31,0,0.7121021,Diksis,This woreda is high or very-high risk for the next prediction month.
ETH:c8088bbc4c5e,2026-01-01,South West Ethiopia,West Omo,Menit Goldia,0.515139,0,high,high_risk_source,high,8,0,0.6910518,Maji,This woreda is high or very-high risk for the next prediction month.
ETH:d25e4d82a3b6,2026-01-01,Amhara,S Gonder,Simada,0.51487744,0,high,high_risk_source,high,10,0,0.62539005,Sedie Muja,This woreda is high or very-high risk for the next prediction month.
ETH:a2240498ddcb,2026-01-01,SNNPR,Kembata Tembaro,Durame town,0.5148587,0,high,high_risk_source,high,6,0,0.5657085,Doyogena,This woreda is high or very-high risk for the next prediction month.
ETH:7a3261e701e2,2026-01-01,Amhara,E Gojjam,Shebel Berenta,0.5147941,0,high,high_risk_source,high,15,0,0.6851867,Awabel,This woreda is high or very-high risk for the next prediction month.
ETH:b912f831c8d4,2026-01-01,Sidama,Sidama,Hawella,0.5142393,0,high,high_risk_source,high,36,0,0.7085871,Aleta Chuko,This woreda is high or very-high risk for the next prediction month.
ETH:68526fc2b8f0,2026-01-01,Central Ethiopia,Silite,Worabe town,0.51410097,0,high,high_risk_source,high,8,0,0.6685696,Tora town,This woreda is high or very-high risk for the next prediction month.
ETH:930cce553481,2026-01-01,SNNPR,South Omo,Malie,0.51379323,0,high,high_risk_source,high,5,0,0.651554,Jinka Town,This woreda is high or very-high risk for the next prediction month.
ETH:981b2a932c22,2026-01-01,Oromia,W Arsi,Kokosa,0.5134551,0,high,high_risk_source,high,1,0,0.5134551,Kokosa,This woreda is high or very-high risk for the next prediction month.
ETH:d0190950e18d,2026-01-01,Oromia,Horo Guduru,Guduru,0.51267904,0,high,high_risk_source,high,16,0,0.70196134,Sulula Fincha,This woreda is high or very-high risk for the next prediction month.
ETH:d1bc6917e0e5,2026-01-01,Oromia,North Shoa,Aleltu,0.5121396,0,high,high_risk_source,high,3,0,0.51986957,Dera (OR),This woreda is high or very-high risk for the next prediction month.
ETH:16fbbefe01cf,2026-01-01,Oromia,Finfine Zuria,Sebeta town,0.51194,0,high,high_risk_source,high,9,0,0.6879993,Sebeta Hawas,This woreda is high or very-high risk for the next prediction month.
ETH:7ebbc1dc74ba,2026-01-01,SNNPR,Silite,Lanfero,0.5118317,0,high,high_risk_source,high,7,0,0.5377076,Worabe,This woreda is high or very-high risk for the next prediction month.
ETH:ET042101,2026-01-01,Oromia,East Bale,Gololcha Bale,0.5116946,0,high,high_risk_source,high,8,0,0.7246736,Rayitu,This woreda is high or very-high risk for the next prediction month.
ETH:de36390ef5d1,2026-01-01,Oromia,East Harerghe,Fedis,0.51138705,0,high,high_risk_source,high,16,0,0.68379,Kombolcha,This woreda is high or very-high risk for the next prediction month.
ETH:cf9b7c926264,2026-01-01,Amhara,N Shewa,Debre Birhan,0.510795,0,high,high_risk_source,high,12,0,0.61323196,Mojana wedra,This woreda is high or very-high risk for the next prediction month.
ETH:b9e54586287d,2026-01-01,Amhara,N Shewa,Ankober,0.5107743,0,high,high_risk_source,high,12,0,0.61323196,Mojana wedra,This woreda is high or very-high risk for the next prediction month.
ETH:faab8441a08b,2026-01-01,Amhara,Awi,Zigem,0.5107344,0,high,high_risk_source,high,16,0,0.72336924,Jawi,This woreda is high or very-high risk for the next prediction month.
ETH:b419536b188f,2026-01-01,Sidama,Sidama,Bona Zuria,0.510707,0,high,high_risk_source,high,36,0,0.7085871,Aleta Chuko,This woreda is high or very-high risk for the next prediction month.
ETH:ET041109,2026-01-01,Oromia,Bale,Sinana,0.51045966,0,high,high_risk_source,high,18,2,0.98416394,Goro (Bale),This woreda is high or very-high risk for the next prediction month.
ETH:8a70e994c961,2026-01-01,Oromia,North Shoa,Hidabu Abote,0.50989157,0,high,high_risk_source,high,3,0,0.51986957,Dera (OR),This woreda is high or very-high risk for the next prediction month.
ETH:ddb16fed0734,2026-01-01,Tigray,Western,Kafta Humera,0.5098567,0,high,high_risk_source,high,1,0,0.5098567,Kafta Humera,This woreda is high or very-high risk for the next prediction month.
ETH:311ae5bb476b,2026-01-01,SNNPR,Silite,Alicho wuriro,0.5093378,0,high,high_risk_source,high,7,0,0.5377076,Worabe,This woreda is high or very-high risk for the next prediction month.
ETH:1f345da4648d,2026-01-01,Oromia,Shaggar City,Gafarsa Guje,0.5092316,0,high,high_risk_source,high,6,0,0.6244372,Burayu sub city,This woreda is high or very-high risk for the next prediction month.
ETH:ET040316,2026-01-01,Oromia,Ilu Aba Bora,Hurumu,0.5087956,0,high,high_risk_source,high,17,0,0.6933313,Darimu,This woreda is high or very-high risk for the next prediction month.
ETH:cd8e898e5c58,2026-01-01,Oromia,Kelem Wellega,Dale Sedi,0.508244,0,high,high_risk_source,high,17,1,0.77339715,Gidami,This woreda is high or very-high risk for the next prediction month.
ETH:a93c097f5836,2026-01-01,SNNPR,Gedeo,Yerga Cheff,0.5079088,0,high,high_risk_source,high,13,0,0.6789766,Chelekleketu,This woreda is high or very-high risk for the next prediction month.
ETH:ff63179d47e3,2026-01-01,Oromia,Finfine Zuria,Holeta town,0.5076684,0,high,high_risk_source,high,9,0,0.6879993,Sebeta Hawas,This woreda is high or very-high risk for the next prediction month.
ETH:ET041618,2026-01-01,Oromia,Buno Bedele,Meko,0.5073924,0,high,high_risk_source,high,12,0,0.7092342,Chora (Buno Bedele),This woreda is high or very-high risk for the next prediction month.
ETH:ET040824,2026-01-01,Oromia,Arsi,Inkolo Wabe,0.5070098,0,high,high_risk_source,high,31,0,0.7121021,Diksis,This woreda is high or very-high risk for the next prediction month.
ETH:2cd0ba4be20c,2026-01-01,SNNPR,S Omo,Banatsemay,0.5065616,0,high,high_risk_source,high,4,0,0.55308664,South Ari,This woreda is high or very-high risk for the next prediction month.
ETH:3fcb8cc9e4f6,2026-01-01,Hareri,Sofi,Sofi,0.50650096,0,high,high_risk_source,high,1,0,0.50650096,Sofi,This woreda is high or very-high risk for the next prediction month.
ETH:ET041303,2026-01-01,Oromia,South West Shewa,Waliso,0.50626236,0,high,high_risk_source,high,8,0,0.5864828,Ilu,This woreda is high or very-high risk for the next prediction month.
ETH:9e152597d5b9,2026-01-01,Amhara,W Gojjam,Wemberma,0.5062379,0,high,high_risk_source,high,14,0,0.72052395,North Achefer,This woreda is high or very-high risk for the next prediction month.
ETH:dc60d00df5d0,2026-01-01,Sidama,Sidama,Bensa,0.5059603,0,high,high_risk_source,high,36,0,0.7085871,Aleta Chuko,This woreda is high or very-high risk for the next prediction month.
ETH:ET041309,2026-01-01,Oromia,South West Shewa,Becho (SW Shewa),0.5054405,0,high,high_risk_source,high,8,0,0.5864828,Ilu,This woreda is high or very-high risk for the next prediction month.
ETH:ET071402,2026-01-01,Central Ethiopia,Halaba,Wera,0.50534165,0,high,high_risk_source,high,4,0,0.6251976,Halaba Kulito town,This woreda is high or very-high risk for the next prediction month.
ETH:be847aad400d,2026-01-01,Oromia,Borena,Surupha,0.50515664,0,high,high_risk_source,high,17,2,0.76752776,Teltale,This woreda is high or very-high risk for the next prediction month.
ETH:fe08d35c01c7,2026-01-01,South West Ethiopia,Dawro,Tercha Zuriya,0.5049357,0,high,high_risk_source,high,12,0,0.7287616,Disa,This woreda is high or very-high risk for the next prediction month.
ETH:59df941eec16,2026-01-01,SNNPR,Wolayta,Boditi Town,0.5048356,0,high,high_risk_source,high,15,0,0.64755994,Ofa,This woreda is high or very-high risk for the next prediction month.
ETH:b7efe17a9f6f,2026-01-01,Oromia,West Shoa,Illu Galan,0.5046959,0,high,high_risk_source,high,26,1,0.7930984,Cheliya,This woreda is high or very-high risk for the next prediction month.
ETH:6da2c72199c6,2026-01-01,Oromia,W Shoa,Abuna Gindeberet,0.50456834,0,high,high_risk_source,high,2,0,0.5381955,Jeldu,This woreda is high or very-high risk for the next prediction month.
ETH:56d652101c44,2026-01-01,Central Ethiopia,Silite,Dalocha,0.504146,0,high,high_risk_source,high,8,0,0.6685696,Tora town,This woreda is high or very-high risk for the next prediction month.
ETH:bed8c9a310d9,2026-01-01,Hareri,Aboker,Aboker,0.5040316,0,high,high_risk_source,high,1,0,0.5040316,Aboker,This woreda is high or very-high risk for the next prediction month.
ETH:e366b5bd2ee1,2026-01-01,SNNPR,Kefa,Shishoende,0.5040018,0,high,high_risk_source,high,5,0,0.6788345,Bonga,This woreda is high or very-high risk for the next prediction month.
ETH:ET110204,2026-01-01,South West Ethiopia,Kefa,Gimbo,0.5034201,0,high,high_risk_source,high,19,0,0.6822803,Bita,This woreda is high or very-high risk for the next prediction month.
ETH:ec9445d6dbbe,2026-01-01,Oromia,E Wellega,Jimma Arjo,0.50317436,0,high,high_risk_source,high,6,0,0.6111743,Sibu Sire,This woreda is high or very-high risk for the next prediction month.
ETH:66f296afa771,2026-01-01,Amhara,Central Gonder,Tach Armacho,0.50290996,0,high,high_risk_source,high,14,3,0.85815537,Wegera,This woreda is high or very-high risk for the next prediction month.
ETH:3be4ae3ea264,2026-01-01,Amhara,North Shewa,Mojan Wedera,0.50282675,0,high,high_risk_source,high,5,0,0.5511707,Angolelana Tera,This woreda is high or very-high risk for the next prediction month.
ETH:58f5e115eb7d,2026-01-01,SNNPR,Silite,West Azernet Berebere,0.5028068,0,high,high_risk_source,high,7,0,0.5377076,Worabe,This woreda is high or very-high risk for the next prediction month.
ETH:7ae83bb84204,2026-01-01,Sidama,Sidama,Daya Town Admin,0.50272816,0,high,high_risk_source,high,36,0,0.7085871,Aleta Chuko,This woreda is high or very-high risk for the next prediction month.
ETH:b02551fec4d4,2026-01-01,Somali,Liben,Dekasuftu,0.50266856,0,high,high_risk_source,high,9,0,0.7438104,Guradamole,This woreda is high or very-high risk for the next prediction month.
ETH:c8fc722fdb00,2026-01-01,Hareri,Hareri,Jinela,0.5017303,0,high,high_risk_source,high,8,0,0.6352051,Dire Teyara,This woreda is high or very-high risk for the next prediction month.
ETH:acb8b08a6ff5,2026-01-01,Oromia,Shaggar City,Kura Jida,0.5016548,0,high,high_risk_source,high,6,0,0.6244372,Burayu sub city,This woreda is high or very-high risk for the next prediction month.
ETH:ET041311,2026-01-01,Oromia,South West Shewa,Woliso town,0.50162053,0,high,high_risk_source,high,8,0,0.5864828,Ilu,This woreda is high or very-high risk for the next prediction month.
ETH:84af2826f553,2026-01-01,Benishangul Gumuz,Asossa,ASsOSA,0.5009781,0,high,high_risk_source,high,9,0,0.6553635,Bilidigilu,This woreda is high or very-high risk for the next prediction month.
ETH:ET041001,2026-01-01,Oromia,East Hararge,Kombolcha,0.50061417,0,high,high_risk_source,high,10,0,0.63340354,Meyu Muleke,This woreda is high or very-high risk for the next prediction month.
ETH:6504f4162699,2026-01-01,Oromia,Horo Guduru,Hababo Guduru,0.5002592,0,high,high_risk_source,high,16,0,0.70196134,Sulula Fincha,This woreda is high or very-high risk for the next prediction month.
ETH:7987791be49c,2026-01-01,Amhara,East Gojjam,Debay Telatgen,0.49713433,0,moderate,nearby_same_zone,watch,16,2,0.75261146,Baso Liben,This woreda is in the same zone as a high or very-high risk source woreda.
ETH:800c833f6863,2026-01-01,Amhara,South Gonder,Guna Begemider,0.49389163,0,moderate,nearby_same_zone,watch,16,1,0.7791149,Woreta town,This woreda is in the same zone as a high or very-high risk source woreda.
ETH:ET041499,2026-01-01,Oromia,Guji,Shakiso Town,0.49217194,0,moderate,nearby_same_zone,watch,15,6,0.88357407,Adola Rede,This woreda is in the same zone as a high or very-high risk source woreda.
ETH:d19bfca17cad,2026-01-01,Oromia,Guji,Anna Sora,0.4920175,0,moderate,nearby_same_zone,watch,15,6,0.88357407,Adola Rede,This woreda is in the same zone as a high or very-high risk source woreda.
ETH:147f60dc3fd0,2026-01-01,Oromia,Guji,Adola town/Adola Wayu,0.48818704,0,moderate,nearby_same_zone,watch,15,6,0.88357407,Adola Rede,This woreda is in the same zone as a high or very-high risk source woreda.
ETH:ET050307,2026-01-01,Somali,Jarar,Degahabur town,0.48334494,0,moderate,nearby_same_zone,watch,15,1,0.77285266,Gashamo,This woreda is in the same zone as a high or very-high risk source woreda.
ETH:ET041502,2026-01-01,Oromia,West Guji,Kercha,0.4818971,0,moderate,nearby_same_zone,watch,8,1,0.9748116,Gelana (West Guji),This woreda is in the same zone as a high or very-high risk source woreda.
ETH:9987d1187b37,2026-01-01,Oromia,Guji,Dima,0.48065686,0,moderate,nearby_same_zone,watch,15,6,0.88357407,Adola Rede,This woreda is in the same zone as a high or very-high risk source woreda.
ETH:99915a35f5ab,2026-01-01,Oromia,East Borena,Negele Borana town,0.4791315,0,moderate,nearby_same_zone,watch,6,4,0.80464333,Gora Dola,This woreda is in the same zone as a high or very-high risk source woreda.
ETH:ET040105,2026-01-01,Oromia,West Wellega,Kiltu Kara,0.47789305,0,moderate,nearby_same_zone,watch,19,1,0.7688439,Mendi Town,This woreda is in the same zone as a high or very-high risk source woreda.
ETH:ET041492,2026-01-01,Oromia,Guji,Adola Town,0.4695376,0,moderate,nearby_same_zone,watch,15,6,0.88357407,Adola Rede,This woreda is in the same zone as a high or very-high risk source woreda.
ETH:98942df09124,2026-01-01,South West Ethiopia,Sheka,Teppi Town,0.46724197,0,moderate,nearby_same_zone,watch,5,1,0.82484925,Tepi,This woreda is in the same zone as a high or very-high risk source woreda.
ETH:abe44d6f1d42,2026-01-01,Amhara,East Gojjam,Hulet Ej Enese,0.4572171,0,moderate,nearby_same_zone,watch,16,2,0.75261146,Baso Liben,This woreda is in the same zone as a high or very-high risk source woreda.
ETH:257eccc7b352,2026-01-01,Amhara,West Gojjam,Debub Achefer,0.446994,0,moderate,nearby_same_zone,watch,15,1,0.8326402,Jabi Tehnan,This woreda is in the same zone as a high or very-high risk source woreda.
ETH:d8a0140fd63b,2026-01-01,Amhara,West Gojjam,Bure town,0.43383843,0,moderate,nearby_same_zone,watch,15,1,0.8326402,Jabi Tehnan,This woreda is in the same zone as a high or very-high risk source woreda.
ETH:19a80f84574a,2026-01-01,Oromia,East Shoa,Bishoftu town,0.4317345,0,moderate,nearby_same_zone,watch,16,1,0.7663057,Adama,This woreda is in the same zone as a high or very-high risk source woreda.
ETH:ET040104,2026-01-01,Oromia,West Wellega,Lalo Asabi,0.42349973,0,moderate,nearby_same_zone,watch,19,1,0.7688439,Mendi Town,This woreda is in the same zone as a high or very-high risk source woreda.
ETH:ET041106,2026-01-01,Oromia,Bale,Gasera,0.42249987,0,moderate,nearby_same_zone,watch,18,2,0.98416394,Goro (Bale),This woreda is in the same zone as a high or very-high risk source woreda.
ETH:ET040199,2026-01-01,Oromia,West Wellega,Nejo Town,0.4085413,0,moderate,nearby_same_zone,watch,19,1,0.7688439,Mendi Town,This woreda is in the same zone as a high or very-high risk source woreda.
ETH:80440da88c1c,2026-01-01,Oromia,Borena,Dubuluk,0.40298933,0,moderate,nearby_same_zone,watch,17,2,0.76752776,Teltale,This woreda is in the same zone as a high or very-high risk source woreda.
ETH:ET110102,2026-01-01,South West Ethiopia,Sheka,Masha,0.3996889,0,moderate,nearby_same_zone,watch,5,1,0.82484925,Tepi,This woreda is in the same zone as a high or very-high risk source woreda.
ETH:0637c7b6cba4,2026-01-01,Somali,Fafan,Koran Mula,0.39619505,0,moderate,nearby_same_zone,watch,24,2,0.8036948,Harshin,This woreda is in the same zone as a high or very-high risk source woreda.
ETH:ET040106,2026-01-01,Oromia,West Wellega,Boji Dirmeji,0.3933381,0,moderate,nearby_same_zone,watch,19,1,0.7688439,Mendi Town,This woreda is in the same zone as a high or very-high risk source woreda.
ETH:937a8417afc9,2026-01-01,Oromia,Borena,Dhas,0.37725544,0,moderate,nearby_same_zone,watch,17,2,0.76752776,Teltale,This woreda is in the same zone as a high or very-high risk source woreda.
ETH:ca9dba61dd6f,2026-01-01,Benishangul Gumuz,Kemashi,KAMASHI,0.3611876,0,moderate,nearby_same_zone,watch,5,1,0.75132024,Yaso/Zayi,This woreda is in the same zone as a high or very-high risk source woreda.
ETH:5520cdf18230,2026-01-01,Oromia,Borena,Moyale,0.25978282,0,moderate,nearby_same_zone,watch,17,2,0.76752776,Teltale,This woreda is in the same zone as a high or very-high risk source woreda.
ETH:d332a73b58ab,2026-01-01,Amhara,North Shewa,Siya Debirna Wayu,0.4999764,0,moderate,nearby_same_zone,monitor,5,0,0.5511707,Angolelana Tera,This woreda is in the same zone as a high or very-high risk source woreda.
ETH:f385d3d63754,2026-01-01,Oromia,E Wellega,Guto Gida,0.49958834,0,moderate,nearby_same_zone,monitor,6,0,0.6111743,Sibu Sire,This woreda is in the same zone as a high or very-high risk source woreda.
ETH:b621b2ff75ef,2026-01-01,Amhara,W Gojjam,South Achefer,0.49909303,0,moderate,nearby_same_zone,monitor,14,0,0.72052395,North Achefer,This woreda is in the same zone as a high or very-high risk source woreda.
ETH:ET041301,2026-01-01,Oromia,South West Shewa,Ameya,0.49905035,0,moderate,nearby_same_zone,monitor,8,0,0.5864828,Ilu,This woreda is in the same zone as a high or very-high risk source woreda.
ETH:aa3c11c17101,2026-01-01,Amhara,Waghimra,Dehana,0.49903288,0,moderate,nearby_same_zone,monitor,8,0,0.69610274,Gaz Gibla,This woreda is in the same zone as a high or very-high risk source woreda.
ETH:f6aea048b8ef,2026-01-01,SNNPR,Silite,Silti,0.49873945,0,moderate,nearby_same_zone,monitor,7,0,0.5377076,Worabe,This woreda is in the same zone as a high or very-high risk source woreda.
ETH:ET040802,2026-01-01,Oromia,Arsi,Aseko,0.4977847,0,moderate,nearby_same_zone,monitor,31,0,0.7121021,Diksis,This woreda is in the same zone as a high or very-high risk source woreda.
ETH:1f3bcb1d8b12,2026-01-01,SNNPR,Gedeo,Yerga Cheff Town,0.49777287,0,moderate,nearby_same_zone,monitor,13,0,0.6789766,Chelekleketu,This woreda is in the same zone as a high or very-high risk source woreda.
ETH:ET040816,2026-01-01,Oromia,Arsi,Tiyo,0.4976301,0,moderate,nearby_same_zone,monitor,31,0,0.7121021,Diksis,This woreda is in the same zone as a high or very-high risk source woreda.
ETH:d5f881dadc43,2026-01-01,Oromia,South West Shoa,Tole,0.49756888,0,moderate,nearby_same_zone,monitor,11,0,0.69034,Ilu,This woreda is in the same zone as a high or very-high risk source woreda.
ETH:36696de24de8,2026-01-01,Amhara,S Wello,Tenta,0.4973563,0,moderate,nearby_same_zone,monitor,4,0,0.5888631,Kutaber,This woreda is in the same zone as a high or very-high risk source woreda.
ETH:fb78f95623db,2026-01-01,Oromia,North Shoa,Wara Jarso,0.4963136,0,moderate,nearby_same_zone,monitor,3,0,0.51986957,Dera (OR),This woreda is in the same zone as a high or very-high risk source woreda.
ETH:b6250d9bb5b8,2026-01-01,Amhara,North Shewa,Basona Worena,0.4961701,0,moderate,nearby_same_zone,monitor,5,0,0.5511707,Angolelana Tera,This woreda is in the same zone as a high or very-high risk source woreda.
ETH:cd380d5d8290,2026-01-01,Oromia,East Wellega,Gudaya Bila,0.495478,0,moderate,nearby_same_zone,monitor,18,0,0.73520285,Sibu Sire,This woreda is in the same zone as a high or very-high risk source woreda.
ETH:e8c97843fc44,2026-01-01,SNNPR,Silite,Dalocha,0.4950633,0,moderate,nearby_same_zone,monitor,7,0,0.5377076,Worabe,This woreda is in the same zone as a high or very-high risk source woreda.
ETH:31c0bcede6b6,2026-01-01,South West Ethiopia,Dawro,Kachi,0.49481976,0,moderate,nearby_same_zone,monitor,12,0,0.7287616,Disa,This woreda is in the same zone as a high or very-high risk source woreda.
ETH:10da78cad448,2026-01-01,Oromia,Finfine Zuria,Sululta,0.4942777,0,moderate,nearby_same_zone,monitor,9,0,0.6879993,Sebeta Hawas,This woreda is in the same zone as a high or very-high risk source woreda.
ETH:2ea14a1555d2,2026-01-01,Oromia,East Harerghe,Chinaksen,0.49409392,0,moderate,nearby_same_zone,monitor,16,0,0.68379,Kombolcha,This woreda is in the same zone as a high or very-high risk source woreda.
ETH:33027edbee8f,2026-01-01,SNNPR,South Omo,Bena Tsemay,0.4940106,0,moderate,nearby_same_zone,monitor,5,0,0.651554,Jinka Town,This woreda is in the same zone as a high or very-high risk source woreda.
ETH:664338ad20d8,2026-01-01,Oromia,E Wellega,Kiremu,0.49383935,0,moderate,nearby_same_zone,monitor,6,0,0.6111743,Sibu Sire,This woreda is in the same zone as a high or very-high risk source woreda.
ETH:d29faafd3058,2026-01-01,Sidama,Sidama,Malga,0.49277255,0,moderate,nearby_same_zone,monitor,36,0,0.7085871,Aleta Chuko,This woreda is in the same zone as a high or very-high risk source woreda.
ETH:1ec391eee8c3,2026-01-01,Oromia,East Harerghe,Meyu Muleke,0.4927419,0,moderate,nearby_same_zone,monitor,16,0,0.68379,Kombolcha,This woreda is in the same zone as a high or very-high risk source woreda.
ETH:badc3b077704,2026-01-01,Oromia,Shaggar City,Koye Fache sub city,0.49259996,0,moderate,nearby_same_zone,monitor,6,0,0.6244372,Burayu sub city,This woreda is in the same zone as a high or very-high risk source woreda.
ETH:1a48f909a137,2026-01-01,SNNPR,Kefa,Adiyo,0.4921284,0,moderate,nearby_same_zone,monitor,5,0,0.6788345,Bonga,This woreda is in the same zone as a high or very-high risk source woreda.
ETH:345885ae4db8,2026-01-01,SNNPR,Kembata Tembaro,Kedida Gamela,0.49189898,0,moderate,nearby_same_zone,monitor,6,0,0.5657085,Doyogena,This woreda is in the same zone as a high or very-high risk source woreda.
ETH:5e8f625cd9de,2026-01-01,Afar,Afar 3,Amibara,0.49168557,0,moderate,nearby_same_zone,monitor,7,0,0.6939091,Awash town,This woreda is in the same zone as a high or very-high risk source woreda.
ETH:83376686d89e,2026-01-01,Oromia,E Wellega,Wayu Tuka,0.48903814,0,moderate,nearby_same_zone,monitor,6,0,0.6111743,Sibu Sire,This woreda is in the same zone as a high or very-high risk source woreda.
ETH:ET110205,2026-01-01,South West Ethiopia,Kefa,Adiyio,0.488989,0,moderate,nearby_same_zone,monitor,19,0,0.6822803,Bita,This woreda is in the same zone as a high or very-high risk source woreda.
ETH:ed1506159ad4,2026-01-01,Amhara,E Gojjam,Sedie,0.488917,0,moderate,nearby_same_zone,monitor,15,0,0.6851867,Awabel,This woreda is in the same zone as a high or very-high risk source woreda.
ETH:f3c2370e7e4e,2026-01-01,Oromia,N Shoa,Kuyu,0.4887789,0,moderate,nearby_same_zone,monitor,10,0,0.6684717,Deraa,This woreda is in the same zone as a high or very-high risk source woreda.
ETH:2d7d6724fc7a,2026-01-01,Amhara,North Shewa,Merhabete,0.48853368,0,moderate,nearby_same_zone,monitor,5,0,0.5511707,Angolelana Tera,This woreda is in the same zone as a high or very-high risk source woreda.
ETH:e98aada9da79,2026-01-01,Oromia,Shaggar City,Mana Abichu sub city,0.48774937,0,moderate,nearby_same_zone,monitor,6,0,0.6244372,Burayu sub city,This woreda is in the same zone as a high or very-high risk source woreda.
ETH:801bd2ed1154,2026-01-01,SNNPR,Bench Sheko,South Bench,0.48759133,0,moderate,nearby_same_zone,monitor,3,0,0.6533141,Sheko,This woreda is in the same zone as a high or very-high risk source woreda.
ETH:1163602ddc00,2026-01-01,Amhara,N Shewa,Antskia Gemza,0.48671833,0,moderate,nearby_same_zone,monitor,12,0,0.61323196,Mojana wedra,This woreda is in the same zone as a high or very-high risk source woreda.
ETH:afed16d72b31,2026-01-01,Amhara,S Wello,Kelela,0.48659953,0,moderate,nearby_same_zone,monitor,4,0,0.5888631,Kutaber,This woreda is in the same zone as a high or very-high risk source woreda.
ETH:f6d16772f352,2026-01-01,Amhara,E Gojjam,Enargena Enawga,0.4861804,0,moderate,nearby_same_zone,monitor,15,0,0.6851867,Awabel,This woreda is in the same zone as a high or very-high risk source woreda.
ETH:7891bc1c396c,2026-01-01,Oromia,North Shoa,Jida,0.48615137,0,moderate,nearby_same_zone,monitor,3,0,0.51986957,Dera (OR),This woreda is in the same zone as a high or very-high risk source woreda.
ETH:7d6141712ffe,2026-01-01,Oromia,E Wellega,Leqa Dulecha,0.48607102,0,moderate,nearby_same_zone,monitor,6,0,0.6111743,Sibu Sire,This woreda is in the same zone as a high or very-high risk source woreda.
ETH:e06eb41baee6,2026-01-01,Oromia,North Shoa,Gerar Jarso,0.48596144,0,moderate,nearby_same_zone,monitor,3,0,0.51986957,Dera (OR),This woreda is in the same zone as a high or very-high risk source woreda.
ETH:8209cdd5c4a0,2026-01-01,Oromia,North Shoa,Degem,0.4853168,0,moderate,nearby_same_zone,monitor,3,0,0.51986957,Dera (OR),This woreda is in the same zone as a high or very-high risk source woreda.
ETH:ET030515,2026-01-01,Amhara,North Shewa (AM),Ankober,0.4849392,0,moderate,nearby_same_zone,monitor,15,0,0.66855365,Angolelana Tera,This woreda is in the same zone as a high or very-high risk source woreda.
ETH:6f7ed55c233c,2026-01-01,SNNPR,S Omo,North Ari,0.4845467,0,moderate,nearby_same_zone,monitor,4,0,0.55308664,South Ari,This woreda is in the same zone as a high or very-high risk source woreda.
ETH:61380c063f81,2026-01-01,Amhara,S Gonder,Andabet,0.4845083,0,moderate,nearby_same_zone,monitor,10,0,0.62539005,Sedie Muja,This woreda is in the same zone as a high or very-high risk source woreda.
ETH:ET041307,2026-01-01,Oromia,South West Shewa,Kersana Malima,0.484358,0,moderate,nearby_same_zone,monitor,8,0,0.5864828,Ilu,This woreda is in the same zone as a high or very-high risk source woreda.
ETH:2cbeccfb3f09,2026-01-01,SNNPR,Kembata Tembaro,Durame Town,0.4841726,0,moderate,nearby_same_zone,monitor,6,0,0.5657085,Doyogena,This woreda is in the same zone as a high or very-high risk source woreda.
ETH:ET041013,2026-01-01,Oromia,East Hararge,Bedeno,0.48404315,0,moderate,nearby_same_zone,monitor,10,0,0.63340354,Meyu Muleke,This woreda is in the same zone as a high or very-high risk source woreda.
ETH:ET110505,2026-01-01,South West Ethiopia,West Omo,Bero,0.48396367,0,moderate,nearby_same_zone,monitor,8,0,0.6910518,Maji,This woreda is in the same zone as a high or very-high risk source woreda.
ETH:de3ac166c1b5,2026-01-01,SNNPR,S Omo,Woba Ari,0.48348773,0,moderate,nearby_same_zone,monitor,4,0,0.55308664,South Ari,This woreda is in the same zone as a high or very-high risk source woreda.
ETH:4681e75bcfbb,2026-01-01,Amhara,North Shewa,Hagere Mariam,0.4828292,0,moderate,nearby_same_zone,monitor,5,0,0.5511707,Angolelana Tera,This woreda is in the same zone as a high or very-high risk source woreda.
ETH:eb044347d272,2026-01-01,Amhara,S Wello,Wogidi,0.48265108,0,moderate,nearby_same_zone,monitor,4,0,0.5888631,Kutaber,This woreda is in the same zone as a high or very-high risk source woreda.
ETH:ET041005,2026-01-01,Oromia,East Hararge,Fedis,0.48226622,0,moderate,nearby_same_zone,monitor,10,0,0.63340354,Meyu Muleke,This woreda is in the same zone as a high or very-high risk source woreda.
ETH:66ce920abcc4,2026-01-01,SNNPR,Hadiya,Mirab Badowach,0.48069718,0,moderate,nearby_same_zone,monitor,14,0,0.6571618,Lemo,This woreda is in the same zone as a high or very-high risk source woreda.
ETH:cc6a90191937,2026-01-01,Oromia,North Shoa,Berek,0.47944167,0,moderate,nearby_same_zone,monitor,3,0,0.51986957,Dera (OR),This woreda is in the same zone as a high or very-high risk source woreda.
ETH:6760ce8e8afe,2026-01-01,Oromia,West Harerghe,Hirna town,0.47930893,0,moderate,nearby_same_zone,monitor,15,0,0.70219034,Shenen Dugo ( Mesela ),This woreda is in the same zone as a high or very-high risk source woreda.
ETH:8a0243e4e8b8,2026-01-01,Oromia,East Hararge,Gida Ayana,0.47917807,0,moderate,nearby_same_zone,monitor,10,0,0.63340354,Meyu Muleke,This woreda is in the same zone as a high or very-high risk source woreda.
ETH:4626ae2a7869,2026-01-01,Amhara,S Wello,Were Ilu,0.47903195,0,moderate,nearby_same_zone,monitor,4,0,0.5888631,Kutaber,This woreda is in the same zone as a high or very-high risk source woreda.
ETH:a2539f361523,2026-01-01,Oromia,Finfine Zuria,Burayu,0.47865167,0,moderate,nearby_same_zone,monitor,9,0,0.6879993,Sebeta Hawas,This woreda is in the same zone as a high or very-high risk source woreda.
ETH:df2b02cbfc99,2026-01-01,South West Ethiopia,Kefa,Bitta,0.4780593,0,moderate,nearby_same_zone,monitor,19,0,0.6822803,Bita,This woreda is in the same zone as a high or very-high risk source woreda.
ETH:2c7e1fc220ba,2026-01-01,Amhara,N Gonder,Adi Arkay,0.47777852,0,moderate,nearby_same_zone,monitor,4,0,0.6392265,Debark,This woreda is in the same zone as a high or very-high risk source woreda.
ETH:f27f83c39efc,2026-01-01,Oromia,W Arsi,Adaba,0.47706196,0,moderate,nearby_same_zone,monitor,1,0,0.5134551,Kokosa,This woreda is in the same zone as a high or very-high risk source woreda.
ETH:b8fd7c42156a,2026-01-01,Amhara,S Wello,Tehuledere,0.47680736,0,moderate,nearby_same_zone,monitor,4,0,0.5888631,Kutaber,This woreda is in the same zone as a high or very-high risk source woreda.
ETH:3b5e3656953f,2026-01-01,Sidama,Sidama,Yirga Alem,0.47655082,0,moderate,nearby_same_zone,monitor,36,0,0.7085871,Aleta Chuko,This woreda is in the same zone as a high or very-high risk source woreda.
ETH:f4ec750b718c,2026-01-01,SNNPR,Wolayta,Abela Abaya,0.4763154,0,moderate,nearby_same_zone,monitor,15,0,0.64755994,Ofa,This woreda is in the same zone as a high or very-high risk source woreda.
ETH:d97b8df66ad6,2026-01-01,Sidama,Sidama,Chabe Gambeltu,0.47341302,0,moderate,nearby_same_zone,monitor,36,0,0.7085871,Aleta Chuko,This woreda is in the same zone as a high or very-high risk source woreda.
ETH:c68e1cb2469c,2026-01-01,Oromia,North Shoa,Debre Libanos,0.4727811,0,moderate,nearby_same_zone,monitor,3,0,0.51986957,Dera (OR),This woreda is in the same zone as a high or very-high risk source woreda.
ETH:0e1ec08ef51a,2026-01-01,SNNPR,Gamo,Arbaminch Town,0.4719583,0,moderate,nearby_same_zone,monitor,17,0,0.6436656,Kemba Town Admin,This woreda is in the same zone as a high or very-high risk source woreda.
ETH:7d36e809b5f6,2026-01-01,Amhara,North Shewa,Eferatana Gidem,0.47177285,0,moderate,nearby_same_zone,monitor,5,0,0.5511707,Angolelana Tera,This woreda is in the same zone as a high or very-high risk source woreda.
ETH:604f403ea7d1,2026-01-01,Amhara,North Shewa,Minjar Shenkora,0.47126916,0,moderate,nearby_same_zone,monitor,5,0,0.5511707,Angolelana Tera,This woreda is in the same zone as a high or very-high risk source woreda.
ETH:708ddc58bf77,2026-01-01,Somali,Dawa,Moyalee,0.4706349,0,moderate,nearby_same_zone,monitor,4,0,0.6579683,Moyale (SM),This woreda is in the same zone as a high or very-high risk source woreda.
ETH:701d636acce7,2026-01-01,Somali,Shabele,GODE,0.46764162,0,moderate,nearby_same_zone,monitor,10,0,0.74620366,Kelafo,This woreda is in the same zone as a high or very-high risk source woreda.
ETH:ET030510,2026-01-01,Amhara,North Shewa (AM),Tarema Ber,0.46498477,0,moderate,nearby_same_zone,monitor,15,0,0.66855365,Angolelana Tera,This woreda is in the same zone as a high or very-high risk source woreda.
ETH:63f05d621eda,2026-01-01,SNNPR,Wolayta,Areka town,0.46447954,0,moderate,nearby_same_zone,monitor,15,0,0.64755994,Ofa,This woreda is in the same zone as a high or very-high risk source woreda.
ETH:2494bf623e09,2026-01-01,SNNPR,Goffa,Denibu Gofa,0.4642073,0,moderate,nearby_same_zone,monitor,5,0,0.6080605,Zala,This woreda is in the same zone as a high or very-high risk source woreda.
ETH:ET030519,2026-01-01,Amhara,North Shewa (AM),Basona Worena,0.463836,0,moderate,nearby_same_zone,monitor,15,0,0.66855365,Angolelana Tera,This woreda is in the same zone as a high or very-high risk source woreda.
ETH:ET041011,2026-01-01,Oromia,East Hararge,Deder,0.46374494,0,moderate,nearby_same_zone,monitor,10,0,0.63340354,Meyu Muleke,This woreda is in the same zone as a high or very-high risk source woreda.
ETH:07de7fe9adb6,2026-01-01,Sidama,Sidama,Wondo,0.46351653,0,moderate,nearby_same_zone,monitor,36,0,0.7085871,Aleta Chuko,This woreda is in the same zone as a high or very-high risk source woreda.
ETH:ET041312,2026-01-01,Oromia,South West Shewa,Goro (SW Shewa),0.46131966,0,moderate,nearby_same_zone,monitor,8,0,0.5864828,Ilu,This woreda is in the same zone as a high or very-high risk source woreda.
ETH:1f3b245aefc8,2026-01-01,Oromia,Shaggar City,Malka Nono,0.4607338,0,moderate,nearby_same_zone,monitor,6,0,0.6244372,Burayu sub city,This woreda is in the same zone as a high or very-high risk source woreda.
ETH:ET040825,2026-01-01,Oromia,Arsi,Asela town,0.46028295,0,moderate,nearby_same_zone,monitor,31,0,0.7121021,Diksis,This woreda is in the same zone as a high or very-high risk source woreda.
ETH:6aead906949b,2026-01-01,Afar,Afar 5,Dalefage,0.46026978,0,moderate,nearby_same_zone,monitor,7,0,0.7119824,Telalak,This woreda is in the same zone as a high or very-high risk source woreda.
ETH:ET040814,2026-01-01,Oromia,Arsi,Shirka,0.4599416,0,moderate,nearby_same_zone,monitor,31,0,0.7121021,Diksis,This woreda is in the same zone as a high or very-high risk source woreda.
ETH:01899ac92bfd,2026-01-01,SNNPR,Kembata Tembaro,Hadero Tunto,0.45911548,0,moderate,nearby_same_zone,monitor,6,0,0.5657085,Doyogena,This woreda is in the same zone as a high or very-high risk source woreda.
ETH:c0d08e464ae8,2026-01-01,Central Ethiopia,Silite,Alicho Woriro,0.45838827,0,moderate,nearby_same_zone,monitor,8,0,0.6685696,Tora town,This woreda is in the same zone as a high or very-high risk source woreda.
ETH:5dd7049cf78e,2026-01-01,SNNPR,Hadiya,Gombora,0.4574037,0,moderate,nearby_same_zone,monitor,14,0,0.6571618,Lemo,This woreda is in the same zone as a high or very-high risk source woreda.
ETH:3da1305c76d1,2026-01-01,Benishangul Gumuz,Mao-Komo,Mao-Komo/Tongo,0.4572889,0,moderate,nearby_same_zone,monitor,1,0,0.5587791,Mao-Komo,This woreda is in the same zone as a high or very-high risk source woreda.
ETH:44c929ffc4ca,2026-01-01,SNNPR,Halaba,Kulito town,0.45721525,0,moderate,nearby_same_zone,monitor,1,0,0.5757895,Weeraa Dijjoo,This woreda is in the same zone as a high or very-high risk source woreda.
ETH:cc63e5d2457d,2026-01-01,Oromia,North Shoa,Wuchale,0.45703936,0,moderate,nearby_same_zone,monitor,3,0,0.51986957,Dera (OR),This woreda is in the same zone as a high or very-high risk source woreda.
ETH:e9f1bdc0178d,2026-01-01,Sidama,Central Sidama,Yirgalem Town,0.45682052,0,moderate,nearby_same_zone,monitor,6,0,0.67127925,DALE,This woreda is in the same zone as a high or very-high risk source woreda.
ETH:ET041010,2026-01-01,Oromia,East Hararge,Goro Gutu,0.45635653,0,moderate,nearby_same_zone,monitor,10,0,0.63340354,Meyu Muleke,This woreda is in the same zone as a high or very-high risk source woreda.
ETH:3603b41e9acd,2026-01-01,Benishangul Gumuz,Asossa,Assosa town Administration,0.4561887,0,moderate,nearby_same_zone,monitor,9,0,0.6553635,Bilidigilu,This woreda is in the same zone as a high or very-high risk source woreda.
ETH:c94410686912,2026-01-01,SNNPR,Wolayta,Kindo Koysha,0.45560893,0,moderate,nearby_same_zone,monitor,15,0,0.64755994,Ofa,This woreda is in the same zone as a high or very-high risk source woreda.
ETH:412edde31189,2026-01-01,Oromia,East Hararge,Haromaya town,0.45525342,0,moderate,nearby_same_zone,monitor,10,0,0.63340354,Meyu Muleke,This woreda is in the same zone as a high or very-high risk source woreda.
ETH:e4cdf79996d1,2026-01-01,Oromia,Shaggar City,Sululta sub city,0.4552082,0,moderate,nearby_same_zone,monitor,6,0,0.6244372,Burayu sub city,This woreda is in the same zone as a high or very-high risk source woreda.
ETH:39bad9e78f1e,2026-01-01,SNNPR,Halaba,Atotii Ulo,0.45452368,0,moderate,nearby_same_zone,monitor,1,0,0.5757895,Weeraa Dijjoo,This woreda is in the same zone as a high or very-high risk source woreda.
ETH:f7dfed378032,2026-01-01,Benishangul Gumuz,Asossa,Sherkole,0.4544087,0,moderate,nearby_same_zone,monitor,9,0,0.6553635,Bilidigilu,This woreda is in the same zone as a high or very-high risk source woreda.
ETH:e457b4aa4474,2026-01-01,Amhara,North Shewa,ENSARO,0.45420998,0,moderate,nearby_same_zone,monitor,5,0,0.5511707,Angolelana Tera,This woreda is in the same zone as a high or very-high risk source woreda.
ETH:7d75516a68dd,2026-01-01,Sidama,Northern Sidama,Leku Town,0.45418867,0,moderate,nearby_same_zone,monitor,11,0,0.7484374,Borricha,This woreda is in the same zone as a high or very-high risk source woreda.
ETH:643e18cb1435,2026-01-01,Oromia,W Arsi,Dodola Town,0.45299232,0,moderate,nearby_same_zone,monitor,1,0,0.5134551,Kokosa,This woreda is in the same zone as a high or very-high risk source woreda.
ETH:5baf8c0a3454,2026-01-01,Amhara,Wag Himra,Sekota,0.4525837,0,moderate,nearby_same_zone,monitor,10,0,0.7318248,Dehana,This woreda is in the same zone as a high or very-high risk source woreda.
ETH:e3ad90587a81,2026-01-01,Oromia,North Shoa,Kimbibit,0.44989544,0,moderate,nearby_same_zone,monitor,3,0,0.51986957,Dera (OR),This woreda is in the same zone as a high or very-high risk source woreda.
ETH:3612c55b8365,2026-01-01,Oromia,Shaggar City,Sebeta sub city,0.44671932,0,moderate,nearby_same_zone,monitor,6,0,0.6244372,Burayu sub city,This woreda is in the same zone as a high or very-high risk source woreda.
ETH:99dcf7940627,2026-01-01,Amhara,S Wello,Werebabo,0.4465016,0,moderate,nearby_same_zone,monitor,4,0,0.5888631,Kutaber,This woreda is in the same zone as a high or very-high risk source woreda.
ETH:e24a4fc394ee,2026-01-01,Oromia,East Hararge,Jarso (East Hararghe),0.4452569,0,moderate,nearby_same_zone,monitor,10,0,0.63340354,Meyu Muleke,This woreda is in the same zone as a high or very-high risk source woreda.
ETH:524fd7f010aa,2026-01-01,SNNPR,Wolayta,Sodo Town,0.44466478,0,moderate,nearby_same_zone,monitor,15,0,0.64755994,Ofa,This woreda is in the same zone as a high or very-high risk source woreda.
ETH:97f889b62517,2026-01-01,SNNPR,Gamo,Chencha,0.44300696,0,moderate,nearby_same_zone,monitor,17,0,0.6436656,Kemba Town Admin,This woreda is in the same zone as a high or very-high risk source woreda.
ETH:80c0a465a42c,2026-01-01,Oromia,W Harerghe,Gemechis,0.44238907,0,moderate,nearby_same_zone,monitor,9,0,0.67082596,Tulo,This woreda is in the same zone as a high or very-high risk source woreda.
ETH:86f65cc5322e,2026-01-01,SNNPR,Silite,East Azernet Berbere,0.44144982,0,moderate,nearby_same_zone,monitor,7,0,0.5377076,Worabe,This woreda is in the same zone as a high or very-high risk source woreda.
ETH:db754aaff49a,2026-01-01,Oromia,North Shoa,Fiche town,0.4399873,0,moderate,nearby_same_zone,monitor,3,0,0.51986957,Dera (OR),This woreda is in the same zone as a high or very-high risk source woreda.
ETH:9e97599f89cd,2026-01-01,Oromia,Horo Guduru,Choman Guduru,0.43844488,0,moderate,nearby_same_zone,monitor,16,0,0.70196134,Sulula Fincha,This woreda is in the same zone as a high or very-high risk source woreda.
ETH:1db97fe75c42,2026-01-01,Oromia,E Wellega,Gobu Seyo,0.43821466,0,moderate,nearby_same_zone,monitor,6,0,0.6111743,Sibu Sire,This woreda is in the same zone as a high or very-high risk source woreda.
ETH:5a2884e9370f,2026-01-01,Oromia,W Arsi,Siraro,0.43779457,0,moderate,nearby_same_zone,monitor,1,0,0.5134551,Kokosa,This woreda is in the same zone as a high or very-high risk source woreda.
ETH:e7fd9368abd5,2026-01-01,Oromia,E Wellega,Gida Ayana,0.43670174,0,moderate,nearby_same_zone,monitor,6,0,0.6111743,Sibu Sire,This woreda is in the same zone as a high or very-high risk source woreda.
ETH:c930d241e779,2026-01-01,Oromia,W Arsi,Arsi Negele Town,0.43663576,0,moderate,nearby_same_zone,monitor,1,0,0.5134551,Kokosa,This woreda is in the same zone as a high or very-high risk source woreda.
ETH:5601da377f9c,2026-01-01,Oromia,W Shoa,Ejersa Lefo,0.4364829,0,moderate,nearby_same_zone,monitor,2,0,0.5381955,Jeldu,This woreda is in the same zone as a high or very-high risk source woreda.
ETH:e754864afa6e,2026-01-01,Amhara,W Gojjam,Dega Damot,0.43418434,0,moderate,nearby_same_zone,monitor,14,0,0.72052395,North Achefer,This woreda is in the same zone as a high or very-high risk source woreda.
ETH:8c86e269e73a,2026-01-01,Oromia,W Shoa,Chelia,0.43404424,0,moderate,nearby_same_zone,monitor,2,0,0.5381955,Jeldu,This woreda is in the same zone as a high or very-high risk source woreda.
ETH:ET041606,2026-01-01,Oromia,Buno Bedele,Gechi,0.4338607,0,moderate,nearby_same_zone,monitor,12,0,0.7092342,Chora (Buno Bedele),This woreda is in the same zone as a high or very-high risk source woreda.
ETH:312cddc9b6b1,2026-01-01,Amhara,North Shewa,Assagirt,0.43345484,0,moderate,nearby_same_zone,monitor,5,0,0.5511707,Angolelana Tera,This woreda is in the same zone as a high or very-high risk source woreda.
ETH:d2cf5e5a3a0a,2026-01-01,Somali,Liben,Hudet,0.43257576,0,moderate,nearby_same_zone,monitor,9,0,0.7438104,Guradamole,This woreda is in the same zone as a high or very-high risk source woreda.
ETH:dbe345b6fa9c,2026-01-01,SNNPR,Gamo,Kamba Town Admin,0.4321494,0,moderate,nearby_same_zone,monitor,17,0,0.6436656,Kemba Town Admin,This woreda is in the same zone as a high or very-high risk source woreda.
ETH:3abc066cd347,2026-01-01,Oromia,W Shoa,Ambo Town,0.43162882,0,moderate,nearby_same_zone,monitor,2,0,0.5381955,Jeldu,This woreda is in the same zone as a high or very-high risk source woreda.
ETH:2551253f0942,2026-01-01,Oromia,East Harerghe,Meta,0.4314779,0,moderate,nearby_same_zone,monitor,16,0,0.68379,Kombolcha,This woreda is in the same zone as a high or very-high risk source woreda.
ETH:8ecb2192dd94,2026-01-01,Amhara,S Wello,Dese Zuriya,0.43138626,0,moderate,nearby_same_zone,monitor,4,0,0.5888631,Kutaber,This woreda is in the same zone as a high or very-high risk source woreda.
ETH:5a320d6ab51f,2026-01-01,Oromia,W Arsi,Kore,0.43079087,0,moderate,nearby_same_zone,monitor,1,0,0.5134551,Kokosa,This woreda is in the same zone as a high or very-high risk source woreda.
ETH:8a89f5019af8,2026-01-01,Amhara,N Shewa,Kewt,0.42961243,0,moderate,nearby_same_zone,monitor,12,0,0.61323196,Mojana wedra,This woreda is in the same zone as a high or very-high risk source woreda.
ETH:f79b9e296fd3,2026-01-01,Oromia,W Shoa,Dendi,0.42756873,0,moderate,nearby_same_zone,monitor,2,0,0.5381955,Jeldu,This woreda is in the same zone as a high or very-high risk source woreda.
ETH:5acf5617dcb3,2026-01-01,Oromia,North Shoa,Chancho town,0.42726707,0,moderate,nearby_same_zone,monitor,3,0,0.51986957,Dera (OR),This woreda is in the same zone as a high or very-high risk source woreda.
ETH:4ea0745d955c,2026-01-01,Sidama,Sidama,Melga,0.42656183,0,moderate,nearby_same_zone,monitor,36,0,0.7085871,Aleta Chuko,This woreda is in the same zone as a high or very-high risk source woreda.
ETH:5521d8b6220d,2026-01-01,Amhara,North Shewa,Tarema Ber,0.42626348,0,moderate,nearby_same_zone,monitor,5,0,0.5511707,Angolelana Tera,This woreda is in the same zone as a high or very-high risk source woreda.
ETH:ET041009,2026-01-01,Oromia,East Hararge,Meta,0.4259495,0,moderate,nearby_same_zone,monitor,10,0,0.63340354,Meyu Muleke,This woreda is in the same zone as a high or very-high risk source woreda.
ETH:1d7c767c90fc,2026-01-01,Oromia,E Wellega,Diga,0.42537773,0,moderate,nearby_same_zone,monitor,6,0,0.6111743,Sibu Sire,This woreda is in the same zone as a high or very-high risk source woreda.
ETH:bd3a264b8079,2026-01-01,Hareri,Hareri,Shenkor,0.42469853,0,moderate,nearby_same_zone,monitor,8,0,0.6352051,Dire Teyara,This woreda is in the same zone as a high or very-high risk source woreda.
ETH:f21ca8ba559a,2026-01-01,Oromia,W Arsi,Kofele,0.42375764,0,moderate,nearby_same_zone,monitor,1,0,0.5134551,Kokosa,This woreda is in the same zone as a high or very-high risk source woreda.
ETH:21f5d3e9c406,2026-01-01,SNNPR,Sheka,Masha,0.4228152,0,moderate,nearby_same_zone,monitor,1,0,0.52104145,Masha Town,This woreda is in the same zone as a high or very-high risk source woreda.
ETH:efe6e7789aab,2026-01-01,Oromia,Horo Guduru,Shambu Town,0.42259666,0,moderate,nearby_same_zone,monitor,16,0,0.70196134,Sulula Fincha,This woreda is in the same zone as a high or very-high risk source woreda.
ETH:ET070207,2026-01-01,Central Ethiopia,Hadiya,Duna,0.4224248,0,moderate,nearby_same_zone,monitor,9,0,0.67377245,Shone Town,This woreda is in the same zone as a high or very-high risk source woreda.
ETH:6a0b8ed67da8,2026-01-01,Oromia,E Shoa,Adami Tulu Jido Kombolcha,0.4216881,0,moderate,nearby_same_zone,monitor,9,0,0.6447291,Adama Zuriya,This woreda is in the same zone as a high or very-high risk source woreda.
ETH:623adb25aa61,2026-01-01,Oromia,Arsi,Robe Town,0.42167658,0,moderate,nearby_same_zone,monitor,31,0,0.7121021,Diksis,This woreda is in the same zone as a high or very-high risk source woreda.
ETH:d96649704c4a,2026-01-01,Oromia,W Arsi,Tikur Wuha,0.4211536,0,moderate,nearby_same_zone,monitor,1,0,0.5134551,Kokosa,This woreda is in the same zone as a high or very-high risk source woreda.
ETH:ET041007,2026-01-01,Oromia,East Hararge,Kurfa Chele,0.4208997,0,moderate,nearby_same_zone,monitor,10,0,0.63340354,Meyu Muleke,This woreda is in the same zone as a high or very-high risk source woreda.
ETH:175ed565155e,2026-01-01,Oromia,W Shoa,Dano,0.4207093,0,moderate,nearby_same_zone,monitor,2,0,0.5381955,Jeldu,This woreda is in the same zone as a high or very-high risk source woreda.
ETH:d4332bd3a848,2026-01-01,Oromia,W Arsi,Dodola,0.4205067,0,moderate,nearby_same_zone,monitor,1,0,0.5134551,Kokosa,This woreda is in the same zone as a high or very-high risk source woreda.
ETH:ET110306,2026-01-01,South West Ethiopia,Bench Sheko,Gidi Bench,0.4203472,0,moderate,nearby_same_zone,monitor,10,0,0.70445174,Gurafereda,This woreda is in the same zone as a high or very-high risk source woreda.
ETH:325cc76c7488,2026-01-01,Oromia,W Arsi,Shala,0.42019862,0,moderate,nearby_same_zone,monitor,1,0,0.5134551,Kokosa,This woreda is in the same zone as a high or very-high risk source woreda.
ETH:1a577048d67b,2026-01-01,Oromia,E Wellega,Nunu Qumba,0.41985664,0,moderate,nearby_same_zone,monitor,6,0,0.6111743,Sibu Sire,This woreda is in the same zone as a high or very-high risk source woreda.
ETH:2d1d3b9ffc8c,2026-01-01,Afar,Afar 1,Dubti,0.4198268,0,moderate,nearby_same_zone,monitor,11,0,0.69969416,Ayssaita,This woreda is in the same zone as a high or very-high risk source woreda.
ETH:0976f27ab561,2026-01-01,Oromia,W Arsi,Shashemene Town,0.41931936,0,moderate,nearby_same_zone,monitor,1,0,0.5134551,Kokosa,This woreda is in the same zone as a high or very-high risk source woreda.
ETH:43a6c5c35ca5,2026-01-01,Oromia,Finfine Zuria,Sululta town,0.4187853,0,moderate,nearby_same_zone,monitor,9,0,0.6879993,Sebeta Hawas,This woreda is in the same zone as a high or very-high risk source woreda.
ETH:8815b457502d,2026-01-01,SNNPR,Halaba,Atote Ulo,0.4175245,0,moderate,nearby_same_zone,monitor,1,0,0.5757895,Weeraa Dijjoo,This woreda is in the same zone as a high or very-high risk source woreda.
ETH:4b6e12fe82e3,2026-01-01,SNNPR,Silite,Hulbarag,0.41708753,0,moderate,nearby_same_zone,monitor,7,0,0.5377076,Worabe,This woreda is in the same zone as a high or very-high risk source woreda.
ETH:1239f3ff4cac,2026-01-01,Oromia,W Shoa,Nono,0.41682848,0,moderate,nearby_same_zone,monitor,2,0,0.5381955,Jeldu,This woreda is in the same zone as a high or very-high risk source woreda.
ETH:901846457b51,2026-01-01,Amhara,S Gonder,Mena Meketewa,0.41223305,0,moderate,nearby_same_zone,monitor,10,0,0.62539005,Sedie Muja,This woreda is in the same zone as a high or very-high risk source woreda.
ETH:cec5ddad7292,2026-01-01,Sidama,Sidama,Dale,0.41033322,0,moderate,nearby_same_zone,monitor,36,0,0.7085871,Aleta Chuko,This woreda is in the same zone as a high or very-high risk source woreda.
ETH:257de62b3a3c,2026-01-01,Oromia,E Shoa,Gimbichu,0.408277,0,moderate,nearby_same_zone,monitor,9,0,0.6447291,Adama Zuriya,This woreda is in the same zone as a high or very-high risk source woreda.
ETH:966d515b079a,2026-01-01,Oromia,E Wellega,Sasiga,0.40673167,0,moderate,nearby_same_zone,monitor,6,0,0.6111743,Sibu Sire,This woreda is in the same zone as a high or very-high risk source woreda.
ETH:d55634dd2270,2026-01-01,SNNPR,Gamo,Selamber town,0.40591323,0,moderate,nearby_same_zone,monitor,17,0,0.6436656,Kemba Town Admin,This woreda is in the same zone as a high or very-high risk source woreda.
ETH:ef2c3a887548,2026-01-01,SNNPR,Kembata Tembaro,Damboya,0.40493006,0,moderate,nearby_same_zone,monitor,6,0,0.5657085,Doyogena,This woreda is in the same zone as a high or very-high risk source woreda.
ETH:dfee8e10816e,2026-01-01,Oromia,W Shoa,Ada'a Berga,0.4039716,0,moderate,nearby_same_zone,monitor,2,0,0.5381955,Jeldu,This woreda is in the same zone as a high or very-high risk source woreda.
ETH:dfed71c0b43c,2026-01-01,SNNPR,S Omo,Hamer,0.4032658,0,moderate,nearby_same_zone,monitor,4,0,0.55308664,South Ari,This woreda is in the same zone as a high or very-high risk source woreda.
ETH:8ef501ef5676,2026-01-01,Oromia,W Harerghe,Guba Qoricha,0.4026717,0,moderate,nearby_same_zone,monitor,9,0,0.67082596,Tulo,This woreda is in the same zone as a high or very-high risk source woreda.
ETH:099abeaeac57,2026-01-01,Oromia,W Harerghe,Bedesa Town,0.40230814,0,moderate,nearby_same_zone,monitor,9,0,0.67082596,Tulo,This woreda is in the same zone as a high or very-high risk source woreda.
ETH:6e0e383cef41,2026-01-01,Oromia,North Shoa,Yaya Gulele,0.40174603,0,moderate,nearby_same_zone,monitor,3,0,0.51986957,Dera (OR),This woreda is in the same zone as a high or very-high risk source woreda.
ETH:00298546f43a,2026-01-01,Oromia,Shaggar City,Furi,0.40162358,0,moderate,nearby_same_zone,monitor,6,0,0.6244372,Burayu sub city,This woreda is in the same zone as a high or very-high risk source woreda.
ETH:abf802f4ae4f,2026-01-01,Oromia,North Shoa,Sululta,0.40145162,0,moderate,nearby_same_zone,monitor,3,0,0.51986957,Dera (OR),This woreda is in the same zone as a high or very-high risk source woreda.
ETH:97e558e07359,2026-01-01,Sidama,Sidama,Wonsho,0.40048146,0,moderate,nearby_same_zone,monitor,36,0,0.7085871,Aleta Chuko,This woreda is in the same zone as a high or very-high risk source woreda.
ETH:b99d82197bc6,2026-01-01,Oromia,W Arsi,Wando,0.40037808,0,moderate,nearby_same_zone,monitor,1,0,0.5134551,Kokosa,This woreda is in the same zone as a high or very-high risk source woreda.
ETH:919e898e7833,2026-01-01,Amhara,N Shewa,Shewarobit,0.40014014,0,moderate,nearby_same_zone,monitor,12,0,0.61323196,Mojana wedra,This woreda is in the same zone as a high or very-high risk source woreda.
ETH:fb98ce0ac4f0,2026-01-01,Oromia,W Shoa,Jibat,0.39909506,0,moderate,nearby_same_zone,monitor,2,0,0.5381955,Jeldu,This woreda is in the same zone as a high or very-high risk source woreda.
ETH:ed09b040d677,2026-01-01,SNNPR,Kefa,Chena,0.39895386,0,moderate,nearby_same_zone,monitor,5,0,0.6788345,Bonga,This woreda is in the same zone as a high or very-high risk source woreda.
ETH:79180d66dc46,2026-01-01,SNNPR,Halaba,Kulito,0.3970796,0,moderate,nearby_same_zone,monitor,1,0,0.5757895,Weeraa Dijjoo,This woreda is in the same zone as a high or very-high risk source woreda.
ETH:960add0be633,2026-01-01,Oromia,W Shoa,Chobi,0.39602464,0,moderate,nearby_same_zone,monitor,2,0,0.5381955,Jeldu,This woreda is in the same zone as a high or very-high risk source woreda.
ETH:8ea842f25f44,2026-01-01,Amhara,N Shewa,Berht,0.395043,0,moderate,nearby_same_zone,monitor,12,0,0.61323196,Mojana wedra,This woreda is in the same zone as a high or very-high risk source woreda.
ETH:4bb3f6472c89,2026-01-01,SNNPR,Gamo,Gacho Baba,0.39399177,0,moderate,nearby_same_zone,monitor,17,0,0.6436656,Kemba Town Admin,This woreda is in the same zone as a high or very-high risk source woreda.
ETH:dc0a0712b1f8,2026-01-01,Amhara,S Wello,Argoba,0.39364612,0,moderate,nearby_same_zone,monitor,4,0,0.5888631,Kutaber,This woreda is in the same zone as a high or very-high risk source woreda.
ETH:fd279ad16c62,2026-01-01,Afar,Afar 3,Awash,0.39274943,0,moderate,nearby_same_zone,monitor,7,0,0.6939091,Awash town,This woreda is in the same zone as a high or very-high risk source woreda.
ETH:f7cc68dde0af,2026-01-01,SNNPR,Wolayta,Boloso Sore,0.39197975,0,moderate,nearby_same_zone,monitor,15,0,0.64755994,Ofa,This woreda is in the same zone as a high or very-high risk source woreda.
ETH:8c735020f6c8,2026-01-01,SNNPR,Silite,Misrak Azenet Berbere,0.38970113,0,moderate,nearby_same_zone,monitor,7,0,0.5377076,Worabe,This woreda is in the same zone as a high or very-high risk source woreda.
ETH:0f8a23f33b7b,2026-01-01,SNNPR,Kembata Tembaro,Tembaro,0.3885901,0,moderate,nearby_same_zone,monitor,6,0,0.5657085,Doyogena,This woreda is in the same zone as a high or very-high risk source woreda.
ETH:3e119ed3643e,2026-01-01,Amhara,North Shewa,Ensaro,0.38828745,0,moderate,nearby_same_zone,monitor,5,0,0.5511707,Angolelana Tera,This woreda is in the same zone as a high or very-high risk source woreda.
ETH:c8b961ed4b1d,2026-01-01,Amhara,Western Tigray,Dansha town,0.38805974,0,moderate,nearby_same_zone,monitor,2,0,0.64105684,Awra (TG),This woreda is in the same zone as a high or very-high risk source woreda.
ETH:fef254d872bb,2026-01-01,Amhara,North Shewa,Moretna Jiru,0.38771704,0,moderate,nearby_same_zone,monitor,5,0,0.5511707,Angolelana Tera,This woreda is in the same zone as a high or very-high risk source woreda.
ETH:6bc94c442e9f,2026-01-01,Amhara,S Wello,Delanta,0.38714227,0,moderate,nearby_same_zone,monitor,4,0,0.5888631,Kutaber,This woreda is in the same zone as a high or very-high risk source woreda.
ETH:e44ded01a71c,2026-01-01,Oromia,N Shoa,Fiche Town,0.38359445,0,moderate,nearby_same_zone,monitor,10,0,0.6684717,Deraa,This woreda is in the same zone as a high or very-high risk source woreda.
ETH:9db5dc1cc985,2026-01-01,Amhara,N Shewa,Menz Keya,0.3828527,0,moderate,nearby_same_zone,monitor,12,0,0.61323196,Mojana wedra,This woreda is in the same zone as a high or very-high risk source woreda.
ETH:05319d655ebc,2026-01-01,Amhara,N Wello,Meket,0.37909183,0,moderate,nearby_same_zone,monitor,9,0,0.6674015,Woldia,This woreda is in the same zone as a high or very-high risk source woreda.
ETH:7fb35473076d,2026-01-01,Oromia,W Shoa,Ejerie,0.3774126,0,moderate,nearby_same_zone,monitor,2,0,0.5381955,Jeldu,This woreda is in the same zone as a high or very-high risk source woreda.
ETH:1b13968e0c8e,2026-01-01,Amhara,North Shewa,Shoa Robit,0.37427628,0,moderate,nearby_same_zone,monitor,5,0,0.5511707,Angolelana Tera,This woreda is in the same zone as a high or very-high risk source woreda.
ETH:704815834d00,2026-01-01,Oromia,W Arsi,Arsi Negele,0.37366813,0,moderate,nearby_same_zone,monitor,1,0,0.5134551,Kokosa,This woreda is in the same zone as a high or very-high risk source woreda.
ETH:b3ee69434362,2026-01-01,Oromia,W Shoa,Toke Kutaye,0.37074184,0,moderate,nearby_same_zone,monitor,2,0,0.5381955,Jeldu,This woreda is in the same zone as a high or very-high risk source woreda.
ETH:0a752a31870d,2026-01-01,Amhara,North Shewa,Antsokiya,0.3686717,0,moderate,nearby_same_zone,monitor,5,0,0.5511707,Angolelana Tera,This woreda is in the same zone as a high or very-high risk source woreda.
ETH:4b21ac6f938d,2026-01-01,Oromia,E Harerghe,Jarso,0.36477882,0,moderate,nearby_same_zone,monitor,17,0,0.7248752,Chinaksen,This woreda is in the same zone as a high or very-high risk source woreda.
ETH:a3a6c0aef20c,2026-01-01,Oromia,W Shoa,Meta Welkite,0.36249703,0,moderate,nearby_same_zone,monitor,2,0,0.5381955,Jeldu,This woreda is in the same zone as a high or very-high risk source woreda.
ETH:1fe6528228f7,2026-01-01,Afar,Afar 4,Awra,0.36146986,0,moderate,nearby_same_zone,monitor,3,0,0.697886,Euwa,This woreda is in the same zone as a high or very-high risk source woreda.
ETH:ec3ff541201d,2026-01-01,Oromia,W Shoa,Ambo,0.35944617,0,moderate,nearby_same_zone,monitor,2,0,0.5381955,Jeldu,This woreda is in the same zone as a high or very-high risk source woreda.
ETH:8e0f1e251d7e,2026-01-01,Oromia,North Shoa,Kuyu,0.3591625,0,moderate,nearby_same_zone,monitor,3,0,0.51986957,Dera (OR),This woreda is in the same zone as a high or very-high risk source woreda.
ETH:f944a78e6d16,2026-01-01,Oromia,W Shoa,Meta Robi,0.35880658,0,moderate,nearby_same_zone,monitor,2,0,0.5381955,Jeldu,This woreda is in the same zone as a high or very-high risk source woreda.
ETH:3a9fc6e79611,2026-01-01,Afar,Afar 4,Gulina,0.3587646,0,moderate,nearby_same_zone,monitor,3,0,0.697886,Euwa,This woreda is in the same zone as a high or very-high risk source woreda.
ETH:001412dad118,2026-01-01,SNNPR,Kembata Tembaro,Kediada Gambela,0.35727918,0,moderate,nearby_same_zone,monitor,6,0,0.5657085,Doyogena,This woreda is in the same zone as a high or very-high risk source woreda.
ETH:d4d3437c76c0,2026-01-01,SNNPR,Konso,Karat Zuria,0.3466504,0,moderate,nearby_same_zone,monitor,2,0,0.6536557,Segen Zuria,This woreda is in the same zone as a high or very-high risk source woreda.
ETH:36a8266b6f24,2026-01-01,Addis Ababa,Yeka,YEK_11,0.34496287,0,moderate,nearby_same_zone,monitor,1,0,0.53514135,YEK_10,This woreda is in the same zone as a high or very-high risk source woreda.
ETH:cde5d450f019,2026-01-01,Oromia,West Harerghe,Goba Koricha,0.34187242,0,moderate,nearby_same_zone,monitor,15,0,0.70219034,Shenen Dugo ( Mesela ),This woreda is in the same zone as a high or very-high risk source woreda.
ETH:b893a7015e35,2026-01-01,SNNPR,Halaba,Weeraa,0.34033057,0,moderate,nearby_same_zone,monitor,1,0,0.5757895,Weeraa Dijjoo,This woreda is in the same zone as a high or very-high risk source woreda.
ETH:e80895c63090,2026-01-01,Oromia,W Shoa,Ilu Gelan,0.3363412,0,moderate,nearby_same_zone,monitor,2,0,0.5381955,Jeldu,This woreda is in the same zone as a high or very-high risk source woreda.
ETH:15bad66d320e,2026-01-01,Oromia,Jimma,Sokoru,0.33356032,0,moderate,nearby_same_zone,monitor,25,0,0.6989568,Limu Seka,This woreda is in the same zone as a high or very-high risk source woreda.
ETH:7efa239e226a,2026-01-01,Amhara,S Wello,Legahida,0.32848358,0,moderate,nearby_same_zone,monitor,4,0,0.5888631,Kutaber,This woreda is in the same zone as a high or very-high risk source woreda.
ETH:b11166c3987f,2026-01-01,Oromia,Finfine Zuria,Bereh,0.3250257,0,moderate,nearby_same_zone,monitor,9,0,0.6879993,Sebeta Hawas,This woreda is in the same zone as a high or very-high risk source woreda.
ETH:4a879a38aac7,2026-01-01,Amhara,S Wello,Legambo,0.32478228,0,moderate,nearby_same_zone,monitor,4,0,0.5888631,Kutaber,This woreda is in the same zone as a high or very-high risk source woreda.
ETH:90652f074d0b,2026-01-01,Oromia,W Shoa,Bako Tibe,0.32288584,0,moderate,nearby_same_zone,monitor,2,0,0.5381955,Jeldu,This woreda is in the same zone as a high or very-high risk source woreda.
ETH:56f74c3b7bb7,2026-01-01,SNNPR,Hadiya,Shashogo,0.31870422,0,moderate,nearby_same_zone,monitor,14,0,0.6571618,Lemo,This woreda is in the same zone as a high or very-high risk source woreda.
ETH:67402b2a63c3,2026-01-01,SNNPR,S Omo,Salamago,0.31858882,0,moderate,nearby_same_zone,monitor,4,0,0.55308664,South Ari,This woreda is in the same zone as a high or very-high risk source woreda.
ETH:ca5152e928f3,2026-01-01,Amhara,North Shewa,Berehet,0.31637526,0,moderate,nearby_same_zone,monitor,5,0,0.5511707,Angolelana Tera,This woreda is in the same zone as a high or very-high risk source woreda.
ETH:aaf1a0bb1921,2026-01-01,Amhara,North Shewa,Mida Woremo,0.31349397,0,moderate,nearby_same_zone,monitor,5,0,0.5511707,Angolelana Tera,This woreda is in the same zone as a high or very-high risk source woreda.
ETH:5991581a7a43,2026-01-01,Amhara,S Wello,Mekdela,0.31097096,0,moderate,nearby_same_zone,monitor,4,0,0.5888631,Kutaber,This woreda is in the same zone as a high or very-high risk source woreda.
ETH:3b61001851a3,2026-01-01,SNNPR,Kefa,Saylem,0.30532107,0,moderate,nearby_same_zone,monitor,5,0,0.6788345,Bonga,This woreda is in the same zone as a high or very-high risk source woreda.
ETH:6a0ba2d78336,2026-01-01,Addis Ababa,Yeka,YEK_02,0.30480054,0,moderate,nearby_same_zone,monitor,1,0,0.53514135,YEK_10,This woreda is in the same zone as a high or very-high risk source woreda.
ETH:6950152adf98,2026-01-01,Amhara,S Gonder,Lay gaint,0.3020414,0,moderate,nearby_same_zone,monitor,10,0,0.62539005,Sedie Muja,This woreda is in the same zone as a high or very-high risk source woreda.
ETH:57651e633070,2026-01-01,Addis Ababa,Yeka,YEK_05,0.30111626,0,moderate,nearby_same_zone,monitor,1,0,0.53514135,YEK_10,This woreda is in the same zone as a high or very-high risk source woreda.
ETH:1f6f89b49e6e,2026-01-01,SNNPR,Gamo,Selamber Town Admin,0.29493004,0,moderate,nearby_same_zone,monitor,17,0,0.6436656,Kemba Town Admin,This woreda is in the same zone as a high or very-high risk source woreda.
ETH:ET070308,2026-01-01,Central Ethiopia,Kembata,Durame town,0.29109004,0,moderate,nearby_same_zone,monitor,5,0,0.628476,Kacha Bira,This woreda is in the same zone as a high or very-high risk source woreda.
ETH:a6dfe9b51775,2026-01-01,Amhara,S Wello,Kalu,0.28747216,0,moderate,nearby_same_zone,monitor,4,0,0.5888631,Kutaber,This woreda is in the same zone as a high or very-high risk source woreda.
ETH:01079f5639b0,2026-01-01,Addis Ababa,Yeka,YEK_09,0.28646648,0,moderate,nearby_same_zone,monitor,1,0,0.53514135,YEK_10,This woreda is in the same zone as a high or very-high risk source woreda.
ETH:7f30ecda1eee,2026-01-01,Addis Ababa,Yeka,YEK_08,0.28521183,0,moderate,nearby_same_zone,monitor,1,0,0.53514135,YEK_10,This woreda is in the same zone as a high or very-high risk source woreda.
ETH:138ac1af8a34,2026-01-01,Oromia,W Arsi,Nensebo,0.2634282,0,moderate,nearby_same_zone,monitor,1,0,0.5134551,Kokosa,This woreda is in the same zone as a high or very-high risk source woreda.
ETH:1986f34ba08f,2026-01-01,Tigray,Western,Setit Humera,0.2587413,0,moderate,nearby_same_zone,monitor,1,0,0.5098567,Kafta Humera,This woreda is in the same zone as a high or very-high risk source woreda.
ETH:106cd76a7ed6,2026-01-01,Oromia,W Arsi,Shashemene Zuria,0.2516139,0,moderate,nearby_same_zone,monitor,1,0,0.5134551,Kokosa,This woreda is in the same zone as a high or very-high risk source woreda.
ETH:439f2513b26b,2026-01-01,Addis Ababa,Yeka,YEK_01,0.24784118,0,low,nearby_same_zone,monitor,1,0,0.53514135,YEK_10,This woreda is in the same zone as a high or very-high risk source woreda.
ETH:e465ddce1097,2026-01-01,Oromia,North Shoa,Abichugna Gne'a,0.24677356,0,low,nearby_same_zone,monitor,3,0,0.51986957,Dera (OR),This woreda is in the same zone as a high or very-high risk source woreda.
ETH:716533e0ac11,2026-01-01,Tigray,Western,Welkait,0.23608574,0,low,nearby_same_zone,monitor,1,0,0.5098567,Kafta Humera,This woreda is in the same zone as a high or very-high risk source woreda.
ETH:79d6d0933db9,2026-01-01,Oromia,W Arsi,Bishan Guracha Town,0.23326807,0,low,nearby_same_zone,monitor,1,0,0.5134551,Kokosa,This woreda is in the same zone as a high or very-high risk source woreda.
ETH:ccce54e2b4ba,2026-01-01,Tigray,Western,Dansha town,0.22474483,0,low,nearby_same_zone,monitor,1,0,0.5098567,Kafta Humera,This woreda is in the same zone as a high or very-high risk source woreda.
ETH:45039a33243b,2026-01-01,Amhara,North Shewa,Menze Mama Midir,0.22471742,0,low,nearby_same_zone,monitor,5,0,0.5511707,Angolelana Tera,This woreda is in the same zone as a high or very-high risk source woreda.
ETH:d49bf2e5588e,2026-01-01,Addis Ababa,Yeka,YEK_04,0.22179356,0,low,nearby_same_zone,monitor,1,0,0.53514135,YEK_10,This woreda is in the same zone as a high or very-high risk source woreda.
ETH:2490cd5cd3bd,2026-01-01,Addis Ababa,Yeka,YEK_12,0.2215912,0,low,nearby_same_zone,monitor,1,0,0.53514135,YEK_10,This woreda is in the same zone as a high or very-high risk source woreda.
ETH:ac0540ba6330,2026-01-01,Addis Ababa,Yeka,YEK_03,0.21426533,0,low,nearby_same_zone,monitor,1,0,0.53514135,YEK_10,This woreda is in the same zone as a high or very-high risk source woreda.
ETH:deaae34879ae,2026-01-01,Addis Ababa,Yeka,YEK_07,0.21043901,0,low,nearby_same_zone,monitor,1,0,0.53514135,YEK_10,This woreda is in the same zone as a high or very-high risk source woreda.
ETH:f694c0fb7ce6,2026-01-01,Tigray,Western,Tsegede (TG),0.20329222,0,low,nearby_same_zone,monitor,1,0,0.5098567,Kafta Humera,This woreda is in the same zone as a high or very-high risk source woreda.
ETH:14798379437d,2026-01-01,Oromia,East Harerghe,Kumbi,0.20076436,0,low,nearby_same_zone,monitor,16,0,0.68379,Kombolcha,This woreda is in the same zone as a high or very-high risk source woreda.
ETH:c5b4f920dd7e,2026-01-01,Tigray,Western,Awra (TG),0.1905987,0,low,nearby_same_zone,monitor,1,0,0.5098567,Kafta Humera,This woreda is in the same zone as a high or very-high risk source woreda.
ETH:ec2881c465b5,2026-01-01,Addis Ababa,Yeka,YEK_06,0.18550834,0,low,nearby_same_zone,monitor,1,0,0.53514135,YEK_10,This woreda is in the same zone as a high or very-high risk source woreda.
ETH:06738997f87e,2026-01-01,Addis Ababa,Yeka,YEK_13,0.14957456,0,low,nearby_same_zone,monitor,1,0,0.53514135,YEK_10,This woreda is in the same zone as a high or very-high risk source woreda.
